experiment_dir,source_file,source_name,plate_id,time_hr,read_datetime,actual_temperature,excitation_emission,row_id,col_id,well_id,sample_label,treatment,shell_color,treatment_group,size_mm,weight_mg,family_id_group,sample_id_group,width_mm_measurement,length_mm_measurement,weight_mg_measurement,area_mm2_measurement,area_cm2_measurement,is_blank,exclude_from_analysis,exclude_reason,layout_status,duplicate_timepoint,value,delta_value,mean_blank_value,normalized_value,value_initial,meas_norm_area_mm2_measurement,paper_metabolism_area_mm2_measurement,meas_norm_area_cm2_measurement,paper_metabolism_area_cm2_measurement
20260330-clam-40C-C-vs-S,/Users/sr320/Documents/GitHub/resazurin-assay-development/data/clam/20260330-clam-40C-C-vs-S/plate-C-blue-T0.0.txt,plate-C-blue-T0.0.txt,c-blue,0,2026-03-30T10:22:35Z,20.8,"528/20,528/20",A,1,A1,NA,control,NA,control,NA,NA,blue,1,NA,NA,NA,104.746,NA,FALSE,FALSE,NA,parsed_table,FALSE,230,0,185.25,1.2415654520917678,230,2.19578790598209,0.009546903939052566,NA,NA
20260330-clam-40C-C-vs-S,/Users/sr320/Documents/GitHub/resazurin-assay-development/data/clam/20260330-clam-40C-C-vs-S/plate-C-blue-T0.5.txt,plate-C-blue-T0.5.txt,c-blue,0.5,2026-03-30T10:56:58Z,21.7,"528/20,528/20",A,1,A1,NA,control,NA,control,NA,NA,blue,1,NA,NA,NA,104.746,NA,FALSE,FALSE,NA,parsed_table,FALSE,1947,1717,178.75,10.892307692307693,230,18.587821969335344,0.08081661725797977,NA,NA
20260330-clam-40C-C-vs-S,/Users/sr320/Documents/GitHub/resazurin-assay-development/data/clam/20260330-clam-40C-C-vs-S/plate-C-blue-T1.0.txt,plate-C-blue-T1.0.txt,c-blue,1,2026-03-30T11:32:17Z,22.8,"528/20,528/20",A,1,A1,NA,control,NA,control,NA,NA,blue,1,NA,NA,NA,104.746,NA,FALSE,FALSE,NA,parsed_table,FALSE,3534,1587,177,19.966101694915253,230,33.73875852061177,0.14669025443744246,NA,NA
20260330-clam-40C-C-vs-S,/Users/sr320/Documents/GitHub/resazurin-assay-development/data/clam/20260330-clam-40C-C-vs-S/plate-C-blue-T1.5.txt,plate-C-blue-T1.5.txt,c-blue,1.5,2026-03-30T12:05:31Z,23.5,"528/20,528/20",A,1,A1,NA,control,NA,control,NA,NA,blue,1,NA,NA,NA,104.746,NA,FALSE,FALSE,NA,parsed_table,FALSE,4959,1425,174.25,28.459110473457677,230,47.343096633761675,0.2058395505815725,NA,NA
20260330-clam-40C-C-vs-S,/Users/sr320/Documents/GitHub/resazurin-assay-development/data/clam/20260330-clam-40C-C-vs-S/plate-C-blue-T2.0.txt,plate-C-blue-T2.0.txt,c-blue,2,2026-03-30T12:37:14Z,23.9,"528/20,528/20",A,1,A1,NA,control,NA,control,NA,NA,blue,1,NA,NA,NA,104.746,NA,FALSE,FALSE,NA,parsed_table,FALSE,5797,838,175,33.12571428571429,230,55.34340213468772,0.24062348754212054,NA,NA
20260330-clam-40C-C-vs-S,/Users/sr320/Documents/GitHub/resazurin-assay-development/data/clam/20260330-clam-40C-C-vs-S/plate-C-blue-T0.0.txt,plate-C-blue-T0.0.txt,c-blue,0,2026-03-30T10:22:35Z,20.8,"528/20,528/20",A,2,A2,NA,control,NA,control,NA,NA,blue,2,NA,NA,NA,102.152,NA,FALSE,FALSE,NA,parsed_table,FALSE,304,0,185.25,1.641025641025641,304,2.9759573968204243,0.009789333542172448,NA,NA
20260330-clam-40C-C-vs-S,/Users/sr320/Documents/GitHub/resazurin-assay-development/data/clam/20260330-clam-40C-C-vs-S/plate-C-blue-T0.5.txt,plate-C-blue-T0.5.txt,c-blue,0.5,2026-03-30T10:56:58Z,21.7,"528/20,528/20",A,2,A2,NA,control,NA,control,NA,NA,blue,2,NA,NA,NA,102.152,NA,FALSE,FALSE,NA,parsed_table,FALSE,1722,1418,178.75,9.633566433566434,304,16.85723235962096,0.05545142223559525,NA,NA
20260330-clam-40C-C-vs-S,/Users/sr320/Documents/GitHub/resazurin-assay-development/data/clam/20260330-clam-40C-C-vs-S/plate-C-blue-T1.0.txt,plate-C-blue-T1.0.txt,c-blue,1,2026-03-30T11:32:17Z,22.8,"528/20,528/20",A,2,A2,NA,control,NA,control,NA,NA,blue,2,NA,NA,NA,102.152,NA,FALSE,FALSE,NA,parsed_table,FALSE,4702,2980,177,26.56497175141243,304,46.029446315294855,0.1514126523529436,NA,NA
20260330-clam-40C-C-vs-S,/Users/sr320/Documents/GitHub/resazurin-assay-development/data/clam/20260330-clam-40C-C-vs-S/plate-C-blue-T1.5.txt,plate-C-blue-T1.5.txt,c-blue,1.5,2026-03-30T12:05:31Z,23.5,"528/20,528/20",A,2,A2,NA,control,NA,control,NA,NA,blue,2,NA,NA,NA,102.152,NA,FALSE,FALSE,NA,parsed_table,FALSE,6366,1664,174.25,36.533715925394546,304,62.318897329469806,0.20499637279430857,NA,NA
20260330-clam-40C-C-vs-S,/Users/sr320/Documents/GitHub/resazurin-assay-development/data/clam/20260330-clam-40C-C-vs-S/plate-C-blue-T2.0.txt,plate-C-blue-T2.0.txt,c-blue,2,2026-03-30T12:37:14Z,23.9,"528/20,528/20",A,2,A2,NA,control,NA,control,NA,NA,blue,2,NA,NA,NA,102.152,NA,FALSE,FALSE,NA,parsed_table,FALSE,7279,913,175,41.59428571428571,304,71.25655885347325,0.23439657517589887,NA,NA
20260330-clam-40C-C-vs-S,/Users/sr320/Documents/GitHub/resazurin-assay-development/data/clam/20260330-clam-40C-C-vs-S/plate-C-blue-T0.0.txt,plate-C-blue-T0.0.txt,c-blue,0,2026-03-30T10:22:35Z,20.8,"528/20,528/20",A,3,A3,NA,control,NA,control,NA,NA,blue,3,NA,NA,NA,84.599,NA,FALSE,FALSE,NA,parsed_table,FALSE,253,0,185.25,1.3657219973009447,253,2.990579084859159,0.01182047069114292,NA,NA
20260330-clam-40C-C-vs-S,/Users/sr320/Documents/GitHub/resazurin-assay-development/data/clam/20260330-clam-40C-C-vs-S/plate-C-blue-T0.5.txt,plate-C-blue-T0.5.txt,c-blue,0.5,2026-03-30T10:56:58Z,21.7,"528/20,528/20",A,3,A3,NA,control,NA,control,NA,NA,blue,3,NA,NA,NA,84.599,NA,FALSE,FALSE,NA,parsed_table,FALSE,4583,4330,178.75,25.63916083916084,253,54.17321717750801,0.21412338805339134,NA,NA
20260330-clam-40C-C-vs-S,/Users/sr320/Documents/GitHub/resazurin-assay-development/data/clam/20260330-clam-40C-C-vs-S/plate-C-blue-T1.0.txt,plate-C-blue-T1.0.txt,c-blue,1,2026-03-30T11:32:17Z,22.8,"528/20,528/20",A,3,A3,NA,control,NA,control,NA,NA,blue,3,NA,NA,NA,84.599,NA,FALSE,FALSE,NA,parsed_table,FALSE,9066,4483,177,51.220338983050844,253,107.16438728590173,0.4235746533039593,NA,NA
20260330-clam-40C-C-vs-S,/Users/sr320/Documents/GitHub/resazurin-assay-development/data/clam/20260330-clam-40C-C-vs-S/plate-C-blue-T1.5.txt,plate-C-blue-T1.5.txt,c-blue,1.5,2026-03-30T12:05:31Z,23.5,"528/20,528/20",A,3,A3,NA,control,NA,control,NA,NA,blue,3,NA,NA,NA,84.599,NA,FALSE,FALSE,NA,parsed_table,FALSE,10532,1466,174.25,60.441893830703016,253,124.49319731911724,0.4920679735933488,NA,NA
20260330-clam-40C-C-vs-S,/Users/sr320/Documents/GitHub/resazurin-assay-development/data/clam/20260330-clam-40C-C-vs-S/plate-C-blue-T2.0.txt,plate-C-blue-T2.0.txt,c-blue,2,2026-03-30T12:37:14Z,23.9,"528/20,528/20",A,3,A3,NA,control,NA,control,NA,NA,blue,3,NA,NA,NA,84.599,NA,FALSE,FALSE,NA,parsed_table,FALSE,10538,6,175,60.21714285714286,253,124.5641201432641,0.49234830096151816,NA,NA
20260330-clam-40C-C-vs-S,/Users/sr320/Documents/GitHub/resazurin-assay-development/data/clam/20260330-clam-40C-C-vs-S/plate-C-blue-T0.0.txt,plate-C-blue-T0.0.txt,c-blue,0,2026-03-30T10:22:35Z,20.8,"528/20,528/20",A,4,A4,NA,control,NA,control,NA,NA,blue,4,NA,NA,NA,59.243,NA,FALSE,FALSE,NA,parsed_table,FALSE,376,0,185.25,2.029689608636977,376,6.346741387168104,0.01687963134885134,NA,NA
20260330-clam-40C-C-vs-S,/Users/sr320/Documents/GitHub/resazurin-assay-development/data/clam/20260330-clam-40C-C-vs-S/plate-C-blue-T0.5.txt,plate-C-blue-T0.5.txt,c-blue,0.5,2026-03-30T10:56:58Z,21.7,"528/20,528/20",A,4,A4,NA,control,NA,control,NA,NA,blue,4,NA,NA,NA,59.243,NA,FALSE,FALSE,NA,parsed_table,FALSE,5998,5622,178.75,33.55524475524476,376,101.24402883041034,0.26926603412343175,NA,NA
20260330-clam-40C-C-vs-S,/Users/sr320/Documents/GitHub/resazurin-assay-development/data/clam/20260330-clam-40C-C-vs-S/plate-C-blue-T1.0.txt,plate-C-blue-T1.0.txt,c-blue,1,2026-03-30T11:32:17Z,22.8,"528/20,528/20",A,4,A4,NA,control,NA,control,NA,NA,blue,4,NA,NA,NA,59.243,NA,FALSE,FALSE,NA,parsed_table,FALSE,9375,3377,177,52.96610169491525,376,158.24654389548132,0.42086846780713116,NA,NA
20260330-clam-40C-C-vs-S,/Users/sr320/Documents/GitHub/resazurin-assay-development/data/clam/20260330-clam-40C-C-vs-S/plate-C-blue-T1.5.txt,plate-C-blue-T1.5.txt,c-blue,1.5,2026-03-30T12:05:31Z,23.5,"528/20,528/20",A,4,A4,NA,control,NA,control,NA,NA,blue,4,NA,NA,NA,59.243,NA,FALSE,FALSE,NA,parsed_table,FALSE,10273,898,174.25,58.955523672883785,376,173.40445284674982,0.46118205544348356,NA,NA
20260330-clam-40C-C-vs-S,/Users/sr320/Documents/GitHub/resazurin-assay-development/data/clam/20260330-clam-40C-C-vs-S/plate-C-blue-T2.0.txt,plate-C-blue-T2.0.txt,c-blue,2,2026-03-30T12:37:14Z,23.9,"528/20,528/20",A,4,A4,NA,control,NA,control,NA,NA,blue,4,NA,NA,NA,59.243,NA,FALSE,FALSE,NA,parsed_table,FALSE,10037,-236,175,57.354285714285716,376,169.42085984842092,0.45058739321388536,NA,NA
20260330-clam-40C-C-vs-S,/Users/sr320/Documents/GitHub/resazurin-assay-development/data/clam/20260330-clam-40C-C-vs-S/plate-C-blue-T0.0.txt,plate-C-blue-T0.0.txt,c-blue,0,2026-03-30T10:22:35Z,20.8,"528/20,528/20",A,5,A5,NA,control,NA,control,NA,NA,blue,5,NA,NA,NA,86.103,NA,FALSE,FALSE,NA,parsed_table,FALSE,389,0,185.25,2.099865047233468,389,4.517844906681533,0.011613997189412681,NA,NA
20260330-clam-40C-C-vs-S,/Users/sr320/Documents/GitHub/resazurin-assay-development/data/clam/20260330-clam-40C-C-vs-S/plate-C-blue-T0.5.txt,plate-C-blue-T0.5.txt,c-blue,0.5,2026-03-30T10:56:58Z,21.7,"528/20,528/20",A,5,A5,NA,control,NA,control,NA,NA,blue,5,NA,NA,NA,86.103,NA,FALSE,FALSE,NA,parsed_table,FALSE,2759,2370,178.75,15.434965034965035,389,32.043018245589586,0.08237279754650279,NA,NA
20260330-clam-40C-C-vs-S,/Users/sr320/Documents/GitHub/resazurin-assay-development/data/clam/20260330-clam-40C-C-vs-S/plate-C-blue-T1.0.txt,plate-C-blue-T1.0.txt,c-blue,1,2026-03-30T11:32:17Z,22.8,"528/20,528/20",A,5,A5,NA,control,NA,control,NA,NA,blue,5,NA,NA,NA,86.103,NA,FALSE,FALSE,NA,parsed_table,FALSE,6413,3654,177,36.23163841807909,389,74.48056397570352,0.19146674543882652,NA,NA
20260330-clam-40C-C-vs-S,/Users/sr320/Documents/GitHub/resazurin-assay-development/data/clam/20260330-clam-40C-C-vs-S/plate-C-blue-T1.5.txt,plate-C-blue-T1.5.txt,c-blue,1.5,2026-03-30T12:05:31Z,23.5,"528/20,528/20",A,5,A5,NA,control,NA,control,NA,NA,blue,5,NA,NA,NA,86.103,NA,FALSE,FALSE,NA,parsed_table,FALSE,8297,1884,174.25,47.6154949784792,389,96.36133468055701,0.24771551331762728,NA,NA
20260330-clam-40C-C-vs-S,/Users/sr320/Documents/GitHub/resazurin-assay-development/data/clam/20260330-clam-40C-C-vs-S/plate-C-blue-T2.0.txt,plate-C-blue-T2.0.txt,c-blue,2,2026-03-30T12:37:14Z,23.9,"528/20,528/20",A,5,A5,NA,control,NA,control,NA,NA,blue,5,NA,NA,NA,86.103,NA,FALSE,FALSE,NA,parsed_table,FALSE,9012,715,175,51.497142857142855,389,104.66534267098709,0.2690625775603781,NA,NA
20260330-clam-40C-C-vs-S,/Users/sr320/Documents/GitHub/resazurin-assay-development/data/clam/20260330-clam-40C-C-vs-S/plate-C-blue-T0.0.txt,plate-C-blue-T0.0.txt,c-blue,0,2026-03-30T10:22:35Z,20.8,"528/20,528/20",A,6,A6,NA,NA,NA,NA,NA,NA,NA,NA,NA,NA,NA,NA,NA,TRUE,FALSE,NA,parsed_table,FALSE,184,0,185.25,0.9932523616734144,NA,NA,NA,NA,NA
20260330-clam-40C-C-vs-S,/Users/sr320/Documents/GitHub/resazurin-assay-development/data/clam/20260330-clam-40C-C-vs-S/plate-C-blue-T0.5.txt,plate-C-blue-T0.5.txt,c-blue,0.5,2026-03-30T10:56:58Z,21.7,"528/20,528/20",A,6,A6,NA,NA,NA,NA,NA,NA,NA,NA,NA,NA,NA,NA,NA,TRUE,FALSE,NA,parsed_table,FALSE,176,-8,178.75,0.9846153846153847,NA,NA,NA,NA,NA
20260330-clam-40C-C-vs-S,/Users/sr320/Documents/GitHub/resazurin-assay-development/data/clam/20260330-clam-40C-C-vs-S/plate-C-blue-T1.0.txt,plate-C-blue-T1.0.txt,c-blue,1,2026-03-30T11:32:17Z,22.8,"528/20,528/20",A,6,A6,NA,NA,NA,NA,NA,NA,NA,NA,NA,NA,NA,NA,NA,TRUE,FALSE,NA,parsed_table,FALSE,175,-1,177,0.9887005649717514,NA,NA,NA,NA,NA
20260330-clam-40C-C-vs-S,/Users/sr320/Documents/GitHub/resazurin-assay-development/data/clam/20260330-clam-40C-C-vs-S/plate-C-blue-T1.5.txt,plate-C-blue-T1.5.txt,c-blue,1.5,2026-03-30T12:05:31Z,23.5,"528/20,528/20",A,6,A6,NA,NA,NA,NA,NA,NA,NA,NA,NA,NA,NA,NA,NA,TRUE,FALSE,NA,parsed_table,FALSE,174,-1,174.25,0.9985652797704447,NA,NA,NA,NA,NA
20260330-clam-40C-C-vs-S,/Users/sr320/Documents/GitHub/resazurin-assay-development/data/clam/20260330-clam-40C-C-vs-S/plate-C-blue-T2.0.txt,plate-C-blue-T2.0.txt,c-blue,2,2026-03-30T12:37:14Z,23.9,"528/20,528/20",A,6,A6,NA,NA,NA,NA,NA,NA,NA,NA,NA,NA,NA,NA,NA,TRUE,FALSE,NA,parsed_table,FALSE,178,4,175,1.0171428571428571,NA,NA,NA,NA,NA
20260330-clam-40C-C-vs-S,/Users/sr320/Documents/GitHub/resazurin-assay-development/data/clam/20260330-clam-40C-C-vs-S/plate-C-blue-T0.0.txt,plate-C-blue-T0.0.txt,c-blue,0,2026-03-30T10:22:35Z,20.8,"528/20,528/20",B,1,B1,NA,control,NA,control,NA,NA,blue,6,NA,NA,NA,97.581,NA,FALSE,FALSE,NA,parsed_table,FALSE,278,0,185.25,1.5006747638326585,278,2.8489152601428556,0.010247896619218905,NA,NA
20260330-clam-40C-C-vs-S,/Users/sr320/Documents/GitHub/resazurin-assay-development/data/clam/20260330-clam-40C-C-vs-S/plate-C-blue-T0.5.txt,plate-C-blue-T0.5.txt,c-blue,0.5,2026-03-30T10:56:58Z,21.7,"528/20,528/20",B,1,B1,NA,control,NA,control,NA,NA,blue,6,NA,NA,NA,97.581,NA,FALSE,FALSE,NA,parsed_table,FALSE,2793,2515,178.75,15.625174825174826,278,28.622375257478403,0.10295818437941871,NA,NA
20260330-clam-40C-C-vs-S,/Users/sr320/Documents/GitHub/resazurin-assay-development/data/clam/20260330-clam-40C-C-vs-S/plate-C-blue-T1.0.txt,plate-C-blue-T1.0.txt,c-blue,1,2026-03-30T11:32:17Z,22.8,"528/20,528/20",B,1,B1,NA,control,NA,control,NA,NA,blue,6,NA,NA,NA,97.581,NA,FALSE,FALSE,NA,parsed_table,FALSE,4460,1667,177,25.19774011299435,278,45.705618921716315,0.16440870115725295,NA,NA
20260330-clam-40C-C-vs-S,/Users/sr320/Documents/GitHub/resazurin-assay-development/data/clam/20260330-clam-40C-C-vs-S/plate-C-blue-T1.5.txt,plate-C-blue-T1.5.txt,c-blue,1.5,2026-03-30T12:05:31Z,23.5,"528/20,528/20",B,1,B1,NA,control,NA,control,NA,NA,blue,6,NA,NA,NA,97.581,NA,FALSE,FALSE,NA,parsed_table,FALSE,5810,1350,174.25,33.3428981348637,278,59.54027935766184,0.21417366675417926,NA,NA
20260330-clam-40C-C-vs-S,/Users/sr320/Documents/GitHub/resazurin-assay-development/data/clam/20260330-clam-40C-C-vs-S/plate-C-blue-T2.0.txt,plate-C-blue-T2.0.txt,c-blue,2,2026-03-30T12:37:14Z,23.9,"528/20,528/20",B,1,B1,NA,control,NA,control,NA,NA,blue,6,NA,NA,NA,97.581,NA,FALSE,FALSE,NA,parsed_table,FALSE,6610,800,175,37.77142857142857,278,67.73859665303696,0.243664016737543,NA,NA
20260330-clam-40C-C-vs-S,/Users/sr320/Documents/GitHub/resazurin-assay-development/data/clam/20260330-clam-40C-C-vs-S/plate-C-blue-T0.0.txt,plate-C-blue-T0.0.txt,c-blue,0,2026-03-30T10:22:35Z,20.8,"528/20,528/20",B,2,B2,NA,control,NA,control,NA,NA,blue,7,NA,NA,NA,76.055,NA,FALSE,FALSE,NA,parsed_table,FALSE,493,0,185.25,2.661268556005398,493,6.48215107488002,0.01314837946223128,NA,NA
20260330-clam-40C-C-vs-S,/Users/sr320/Documents/GitHub/resazurin-assay-development/data/clam/20260330-clam-40C-C-vs-S/plate-C-blue-T0.5.txt,plate-C-blue-T0.5.txt,c-blue,0.5,2026-03-30T10:56:58Z,21.7,"528/20,528/20",B,2,B2,NA,control,NA,control,NA,NA,blue,7,NA,NA,NA,76.055,NA,FALSE,FALSE,NA,parsed_table,FALSE,2999,2506,178.75,16.77762237762238,493,39.431990007231605,0.07998375255016553,NA,NA
20260330-clam-40C-C-vs-S,/Users/sr320/Documents/GitHub/resazurin-assay-development/data/clam/20260330-clam-40C-C-vs-S/plate-C-blue-T1.0.txt,plate-C-blue-T1.0.txt,c-blue,1,2026-03-30T11:32:17Z,22.8,"528/20,528/20",B,2,B2,NA,control,NA,control,NA,NA,blue,7,NA,NA,NA,76.055,NA,FALSE,FALSE,NA,parsed_table,FALSE,7997,4998,177,45.18079096045198,493,105.14759055946354,0.21328111675347572,NA,NA
20260330-clam-40C-C-vs-S,/Users/sr320/Documents/GitHub/resazurin-assay-development/data/clam/20260330-clam-40C-C-vs-S/plate-C-blue-T1.5.txt,plate-C-blue-T1.5.txt,c-blue,1.5,2026-03-30T12:05:31Z,23.5,"528/20,528/20",B,2,B2,NA,control,NA,control,NA,NA,blue,7,NA,NA,NA,76.055,NA,FALSE,FALSE,NA,parsed_table,FALSE,10352,2355,174.25,59.40889526542324,493,136.1120241930182,0.2760892985659598,NA,NA
20260330-clam-40C-C-vs-S,/Users/sr320/Documents/GitHub/resazurin-assay-development/data/clam/20260330-clam-40C-C-vs-S/plate-C-blue-T2.0.txt,plate-C-blue-T2.0.txt,c-blue,2,2026-03-30T12:37:14Z,23.9,"528/20,528/20",B,2,B2,NA,control,NA,control,NA,NA,blue,7,NA,NA,NA,76.055,NA,FALSE,FALSE,NA,parsed_table,FALSE,9830,-522,175,56.17142857142857,493,129.24857011373348,0.262167485017715,NA,NA
20260330-clam-40C-C-vs-S,/Users/sr320/Documents/GitHub/resazurin-assay-development/data/clam/20260330-clam-40C-C-vs-S/plate-C-blue-T0.0.txt,plate-C-blue-T0.0.txt,c-blue,0,2026-03-30T10:22:35Z,20.8,"528/20,528/20",B,3,B3,NA,control,NA,control,NA,NA,blue,8,NA,NA,NA,128.117,NA,FALSE,FALSE,NA,parsed_table,FALSE,233,0,185.25,1.2577597840755737,233,1.8186501401063093,0.007805365408181585,NA,NA
20260330-clam-40C-C-vs-S,/Users/sr320/Documents/GitHub/resazurin-assay-development/data/clam/20260330-clam-40C-C-vs-S/plate-C-blue-T0.5.txt,plate-C-blue-T0.5.txt,c-blue,0.5,2026-03-30T10:56:58Z,21.7,"528/20,528/20",B,3,B3,NA,control,NA,control,NA,NA,blue,8,NA,NA,NA,128.117,NA,FALSE,FALSE,NA,parsed_table,FALSE,1109,876,178.75,6.2041958041958045,233,8.656150237673378,0.037150859389156125,NA,NA
20260330-clam-40C-C-vs-S,/Users/sr320/Documents/GitHub/resazurin-assay-development/data/clam/20260330-clam-40C-C-vs-S/plate-C-blue-T1.0.txt,plate-C-blue-T1.0.txt,c-blue,1,2026-03-30T11:32:17Z,22.8,"528/20,528/20",B,3,B3,NA,control,NA,control,NA,NA,blue,8,NA,NA,NA,128.117,NA,FALSE,FALSE,NA,parsed_table,FALSE,2509,1400,177,14.175141242937853,233,19.583661809127594,0.08405005068295104,NA,NA
20260330-clam-40C-C-vs-S,/Users/sr320/Documents/GitHub/resazurin-assay-development/data/clam/20260330-clam-40C-C-vs-S/plate-C-blue-T1.5.txt,plate-C-blue-T1.5.txt,c-blue,1.5,2026-03-30T12:05:31Z,23.5,"528/20,528/20",B,3,B3,NA,control,NA,control,NA,NA,blue,8,NA,NA,NA,128.117,NA,FALSE,FALSE,NA,parsed_table,FALSE,3947,1438,174.25,22.65136298421808,233,30.807777266092714,0.132222220026149,NA,NA
20260330-clam-40C-C-vs-S,/Users/sr320/Documents/GitHub/resazurin-assay-development/data/clam/20260330-clam-40C-C-vs-S/plate-C-blue-T2.0.txt,plate-C-blue-T2.0.txt,c-blue,2,2026-03-30T12:37:14Z,23.9,"528/20,528/20",B,3,B3,NA,control,NA,control,NA,NA,blue,8,NA,NA,NA,128.117,NA,FALSE,FALSE,NA,parsed_table,FALSE,5650,1703,175,32.285714285714285,233,44.10031455622595,0.18927173629281524,NA,NA
20260330-clam-40C-C-vs-S,/Users/sr320/Documents/GitHub/resazurin-assay-development/data/clam/20260330-clam-40C-C-vs-S/plate-C-blue-T0.0.txt,plate-C-blue-T0.0.txt,c-blue,0,2026-03-30T10:22:35Z,20.8,"528/20,528/20",B,4,B4,NA,control,NA,control,NA,NA,blue,9,NA,NA,NA,58.377,NA,FALSE,FALSE,NA,parsed_table,FALSE,302,0,185.25,1.630229419703104,302,5.173270294807886,0.017130034088767836,NA,NA
20260330-clam-40C-C-vs-S,/Users/sr320/Documents/GitHub/resazurin-assay-development/data/clam/20260330-clam-40C-C-vs-S/plate-C-blue-T0.5.txt,plate-C-blue-T0.5.txt,c-blue,0.5,2026-03-30T10:56:58Z,21.7,"528/20,528/20",B,4,B4,NA,control,NA,control,NA,NA,blue,9,NA,NA,NA,58.377,NA,FALSE,FALSE,NA,parsed_table,FALSE,899,597,178.75,5.0293706293706295,302,15.399900645802285,0.05099304849603406,NA,NA
20260330-clam-40C-C-vs-S,/Users/sr320/Documents/GitHub/resazurin-assay-development/data/clam/20260330-clam-40C-C-vs-S/plate-C-blue-T1.0.txt,plate-C-blue-T1.0.txt,c-blue,1,2026-03-30T11:32:17Z,22.8,"528/20,528/20",B,4,B4,NA,control,NA,control,NA,NA,blue,9,NA,NA,NA,58.377,NA,FALSE,FALSE,NA,parsed_table,FALSE,1592,693,177,8.994350282485875,302,27.271014269318396,0.09030137175270993,NA,NA
20260330-clam-40C-C-vs-S,/Users/sr320/Documents/GitHub/resazurin-assay-development/data/clam/20260330-clam-40C-C-vs-S/plate-C-blue-T1.5.txt,plate-C-blue-T1.5.txt,c-blue,1.5,2026-03-30T12:05:31Z,23.5,"528/20,528/20",B,4,B4,NA,control,NA,control,NA,NA,blue,9,NA,NA,NA,58.377,NA,FALSE,FALSE,NA,parsed_table,FALSE,2442,850,174.25,14.014347202295552,302,41.831543244771055,0.13851504385685778,NA,NA
20260330-clam-40C-C-vs-S,/Users/sr320/Documents/GitHub/resazurin-assay-development/data/clam/20260330-clam-40C-C-vs-S/plate-C-blue-T2.0.txt,plate-C-blue-T2.0.txt,c-blue,2,2026-03-30T12:37:14Z,23.9,"528/20,528/20",B,4,B4,NA,control,NA,control,NA,NA,blue,9,NA,NA,NA,58.377,NA,FALSE,FALSE,NA,parsed_table,FALSE,3187,745,175,18.21142857142857,302,54.593418640903096,0.1807729094069639,NA,NA
20260330-clam-40C-C-vs-S,/Users/sr320/Documents/GitHub/resazurin-assay-development/data/clam/20260330-clam-40C-C-vs-S/plate-C-blue-T0.0.txt,plate-C-blue-T0.0.txt,c-blue,0,2026-03-30T10:22:35Z,20.8,"528/20,528/20",B,5,B5,NA,control,NA,control,NA,NA,blue,10,NA,NA,NA,85.486,NA,FALSE,FALSE,NA,parsed_table,FALSE,232,0,185.25,1.252361673414305,232,2.7138946728119224,0.011697821865568631,NA,NA
20260330-clam-40C-C-vs-S,/Users/sr320/Documents/GitHub/resazurin-assay-development/data/clam/20260330-clam-40C-C-vs-S/plate-C-blue-T0.5.txt,plate-C-blue-T0.5.txt,c-blue,0.5,2026-03-30T10:56:58Z,21.7,"528/20,528/20",B,5,B5,NA,control,NA,control,NA,NA,blue,10,NA,NA,NA,85.486,NA,FALSE,FALSE,NA,parsed_table,FALSE,4421,4189,178.75,24.73286713286713,232,51.71607046767892,0.22291409684344357,NA,NA
20260330-clam-40C-C-vs-S,/Users/sr320/Documents/GitHub/resazurin-assay-development/data/clam/20260330-clam-40C-C-vs-S/plate-C-blue-T1.0.txt,plate-C-blue-T1.0.txt,c-blue,1,2026-03-30T11:32:17Z,22.8,"528/20,528/20",B,5,B5,NA,control,NA,control,NA,NA,blue,10,NA,NA,NA,85.486,NA,FALSE,FALSE,NA,parsed_table,FALSE,9703,5282,177,54.81920903954802,232,113.50396556161242,0.4892412308690191,NA,NA
20260330-clam-40C-C-vs-S,/Users/sr320/Documents/GitHub/resazurin-assay-development/data/clam/20260330-clam-40C-C-vs-S/plate-C-blue-T1.5.txt,plate-C-blue-T1.5.txt,c-blue,1.5,2026-03-30T12:05:31Z,23.5,"528/20,528/20",B,5,B5,NA,control,NA,control,NA,NA,blue,10,NA,NA,NA,85.486,NA,FALSE,FALSE,NA,parsed_table,FALSE,10241,538,174.25,58.77187948350072,232,119.79739372528834,0.5163680764021049,NA,NA
20260330-clam-40C-C-vs-S,/Users/sr320/Documents/GitHub/resazurin-assay-development/data/clam/20260330-clam-40C-C-vs-S/plate-C-blue-T2.0.txt,plate-C-blue-T2.0.txt,c-blue,2,2026-03-30T12:37:14Z,23.9,"528/20,528/20",B,5,B5,NA,control,NA,control,NA,NA,blue,10,NA,NA,NA,85.486,NA,FALSE,FALSE,NA,parsed_table,FALSE,10100,-141,175,57.714285714285715,232,118.14800084224316,0.5092586243200137,NA,NA
20260330-clam-40C-C-vs-S,/Users/sr320/Documents/GitHub/resazurin-assay-development/data/clam/20260330-clam-40C-C-vs-S/plate-C-blue-T0.0.txt,plate-C-blue-T0.0.txt,c-blue,0,2026-03-30T10:22:35Z,20.8,"528/20,528/20",B,6,B6,NA,NA,NA,NA,NA,NA,NA,NA,NA,NA,NA,NA,NA,TRUE,FALSE,NA,parsed_table,FALSE,181,0,185.25,0.9770580296896086,NA,NA,NA,NA,NA
20260330-clam-40C-C-vs-S,/Users/sr320/Documents/GitHub/resazurin-assay-development/data/clam/20260330-clam-40C-C-vs-S/plate-C-blue-T0.5.txt,plate-C-blue-T0.5.txt,c-blue,0.5,2026-03-30T10:56:58Z,21.7,"528/20,528/20",B,6,B6,NA,NA,NA,NA,NA,NA,NA,NA,NA,NA,NA,NA,NA,TRUE,FALSE,NA,parsed_table,FALSE,179,-2,178.75,1.0013986013986014,NA,NA,NA,NA,NA
20260330-clam-40C-C-vs-S,/Users/sr320/Documents/GitHub/resazurin-assay-development/data/clam/20260330-clam-40C-C-vs-S/plate-C-blue-T1.0.txt,plate-C-blue-T1.0.txt,c-blue,1,2026-03-30T11:32:17Z,22.8,"528/20,528/20",B,6,B6,NA,NA,NA,NA,NA,NA,NA,NA,NA,NA,NA,NA,NA,TRUE,FALSE,NA,parsed_table,FALSE,178,-1,177,1.0056497175141244,NA,NA,NA,NA,NA
20260330-clam-40C-C-vs-S,/Users/sr320/Documents/GitHub/resazurin-assay-development/data/clam/20260330-clam-40C-C-vs-S/plate-C-blue-T1.5.txt,plate-C-blue-T1.5.txt,c-blue,1.5,2026-03-30T12:05:31Z,23.5,"528/20,528/20",B,6,B6,NA,NA,NA,NA,NA,NA,NA,NA,NA,NA,NA,NA,NA,TRUE,FALSE,NA,parsed_table,FALSE,178,0,174.25,1.0215208034433285,NA,NA,NA,NA,NA
20260330-clam-40C-C-vs-S,/Users/sr320/Documents/GitHub/resazurin-assay-development/data/clam/20260330-clam-40C-C-vs-S/plate-C-blue-T2.0.txt,plate-C-blue-T2.0.txt,c-blue,2,2026-03-30T12:37:14Z,23.9,"528/20,528/20",B,6,B6,NA,NA,NA,NA,NA,NA,NA,NA,NA,NA,NA,NA,NA,TRUE,FALSE,NA,parsed_table,FALSE,182,4,175,1.04,NA,NA,NA,NA,NA
20260330-clam-40C-C-vs-S,/Users/sr320/Documents/GitHub/resazurin-assay-development/data/clam/20260330-clam-40C-C-vs-S/plate-C-blue-T0.0.txt,plate-C-blue-T0.0.txt,c-blue,0,2026-03-30T10:22:35Z,20.8,"528/20,528/20",C,1,C1,NA,control,NA,control,NA,NA,blue,11,NA,NA,NA,58.715,NA,FALSE,FALSE,NA,parsed_table,FALSE,256,0,185.25,1.3819163292847503,256,4.360044281699736,0.017031422975389593,NA,NA
20260330-clam-40C-C-vs-S,/Users/sr320/Documents/GitHub/resazurin-assay-development/data/clam/20260330-clam-40C-C-vs-S/plate-C-blue-T0.5.txt,plate-C-blue-T0.5.txt,c-blue,0.5,2026-03-30T10:56:58Z,21.7,"528/20,528/20",C,1,C1,NA,control,NA,control,NA,NA,blue,11,NA,NA,NA,58.715,NA,FALSE,FALSE,NA,parsed_table,FALSE,1506,1250,178.75,8.425174825174825,256,25.649323000936725,0.10019266797240908,NA,NA
20260330-clam-40C-C-vs-S,/Users/sr320/Documents/GitHub/resazurin-assay-development/data/clam/20260330-clam-40C-C-vs-S/plate-C-blue-T1.0.txt,plate-C-blue-T1.0.txt,c-blue,1,2026-03-30T11:32:17Z,22.8,"528/20,528/20",C,1,C1,NA,control,NA,control,NA,NA,blue,11,NA,NA,NA,58.715,NA,FALSE,FALSE,NA,parsed_table,FALSE,3459,1953,177,19.54237288135593,256,58.9116920718726,0.23012379715575235,NA,NA
20260330-clam-40C-C-vs-S,/Users/sr320/Documents/GitHub/resazurin-assay-development/data/clam/20260330-clam-40C-C-vs-S/plate-C-blue-T1.5.txt,plate-C-blue-T1.5.txt,c-blue,1.5,2026-03-30T12:05:31Z,23.5,"528/20,528/20",C,1,C1,NA,control,NA,control,NA,NA,blue,11,NA,NA,NA,58.715,NA,FALSE,FALSE,NA,parsed_table,FALSE,4432,973,174.25,25.434720229555236,256,75.48326662692668,0.29485651026143234,NA,NA
20260330-clam-40C-C-vs-S,/Users/sr320/Documents/GitHub/resazurin-assay-development/data/clam/20260330-clam-40C-C-vs-S/plate-C-blue-T2.0.txt,plate-C-blue-T2.0.txt,c-blue,2,2026-03-30T12:37:14Z,23.9,"528/20,528/20",C,1,C1,NA,control,NA,control,NA,NA,blue,11,NA,NA,NA,58.715,NA,FALSE,FALSE,NA,parsed_table,FALSE,5222,790,175,29.84,256,88.93809077748445,0.3474144170995486,NA,NA
20260330-clam-40C-C-vs-S,/Users/sr320/Documents/GitHub/resazurin-assay-development/data/clam/20260330-clam-40C-C-vs-S/plate-C-blue-T0.0.txt,plate-C-blue-T0.0.txt,c-blue,0,2026-03-30T10:22:35Z,20.8,"528/20,528/20",C,2,C2,NA,control,NA,control,NA,NA,blue,12,NA,NA,NA,97.032,NA,FALSE,FALSE,NA,parsed_table,FALSE,570,0,185.25,3.076923076923077,570,5.8743507296561965,0.010305878473081046,NA,NA
20260330-clam-40C-C-vs-S,/Users/sr320/Documents/GitHub/resazurin-assay-development/data/clam/20260330-clam-40C-C-vs-S/plate-C-blue-T0.5.txt,plate-C-blue-T0.5.txt,c-blue,0.5,2026-03-30T10:56:58Z,21.7,"528/20,528/20",C,2,C2,NA,control,NA,control,NA,NA,blue,12,NA,NA,NA,97.032,NA,FALSE,FALSE,NA,parsed_table,FALSE,2909,2339,178.75,16.274125874125875,570,29.97980047819276,0.05259614118981187,NA,NA
20260330-clam-40C-C-vs-S,/Users/sr320/Documents/GitHub/resazurin-assay-development/data/clam/20260330-clam-40C-C-vs-S/plate-C-blue-T1.0.txt,plate-C-blue-T1.0.txt,c-blue,1,2026-03-30T11:32:17Z,22.8,"528/20,528/20",C,2,C2,NA,control,NA,control,NA,NA,blue,12,NA,NA,NA,97.032,NA,FALSE,FALSE,NA,parsed_table,FALSE,5130,2221,177,28.983050847457626,570,52.869156566905765,0.09275290625772942,NA,NA
20260330-clam-40C-C-vs-S,/Users/sr320/Documents/GitHub/resazurin-assay-development/data/clam/20260330-clam-40C-C-vs-S/plate-C-blue-T1.5.txt,plate-C-blue-T1.5.txt,c-blue,1.5,2026-03-30T12:05:31Z,23.5,"528/20,528/20",C,2,C2,NA,control,NA,control,NA,NA,blue,12,NA,NA,NA,97.032,NA,FALSE,FALSE,NA,parsed_table,FALSE,7163,2033,174.25,41.107604017216644,570,73.82100750267954,0.12951053947838514,NA,NA
20260330-clam-40C-C-vs-S,/Users/sr320/Documents/GitHub/resazurin-assay-development/data/clam/20260330-clam-40C-C-vs-S/plate-C-blue-T2.0.txt,plate-C-blue-T2.0.txt,c-blue,2,2026-03-30T12:37:14Z,23.9,"528/20,528/20",C,2,C2,NA,control,NA,control,NA,NA,blue,12,NA,NA,NA,97.032,NA,FALSE,FALSE,NA,parsed_table,FALSE,8117,954,175,46.38285714285714,570,83.65281556599885,0.14675932555438395,NA,NA
20260330-clam-40C-C-vs-S,/Users/sr320/Documents/GitHub/resazurin-assay-development/data/clam/20260330-clam-40C-C-vs-S/plate-C-blue-T0.0.txt,plate-C-blue-T0.0.txt,c-blue,0,2026-03-30T10:22:35Z,20.8,"528/20,528/20",C,3,C3,NA,control,NA,control,NA,NA,blue,13,NA,NA,NA,82.621,NA,FALSE,FALSE,NA,parsed_table,FALSE,265,0,185.25,1.4304993252361673,265,3.207417000520449,0.012103460379322448,NA,NA
20260330-clam-40C-C-vs-S,/Users/sr320/Documents/GitHub/resazurin-assay-development/data/clam/20260330-clam-40C-C-vs-S/plate-C-blue-T0.5.txt,plate-C-blue-T0.5.txt,c-blue,0.5,2026-03-30T10:56:58Z,21.7,"528/20,528/20",C,3,C3,NA,control,NA,control,NA,NA,blue,13,NA,NA,NA,82.621,NA,FALSE,FALSE,NA,parsed_table,FALSE,937,672,178.75,5.241958041958042,265,11.340942375425135,0.04279600896386843,NA,NA
20260330-clam-40C-C-vs-S,/Users/sr320/Documents/GitHub/resazurin-assay-development/data/clam/20260330-clam-40C-C-vs-S/plate-C-blue-T1.0.txt,plate-C-blue-T1.0.txt,c-blue,1,2026-03-30T11:32:17Z,22.8,"528/20,528/20",C,3,C3,NA,control,NA,control,NA,NA,blue,13,NA,NA,NA,82.621,NA,FALSE,FALSE,NA,parsed_table,FALSE,1619,682,177,9.146892655367232,265,19.595502354123045,0.07394529190235112,NA,NA
20260330-clam-40C-C-vs-S,/Users/sr320/Documents/GitHub/resazurin-assay-development/data/clam/20260330-clam-40C-C-vs-S/plate-C-blue-T1.5.txt,plate-C-blue-T1.5.txt,c-blue,1.5,2026-03-30T12:05:31Z,23.5,"528/20,528/20",C,3,C3,NA,control,NA,control,NA,NA,blue,13,NA,NA,NA,82.621,NA,FALSE,FALSE,NA,parsed_table,FALSE,2664,1045,174.25,15.288378766140603,265,32.243618450515,0.12167403188873586,NA,NA
20260330-clam-40C-C-vs-S,/Users/sr320/Documents/GitHub/resazurin-assay-development/data/clam/20260330-clam-40C-C-vs-S/plate-C-blue-T2.0.txt,plate-C-blue-T2.0.txt,c-blue,2,2026-03-30T12:37:14Z,23.9,"528/20,528/20",C,3,C3,NA,control,NA,control,NA,NA,blue,13,NA,NA,NA,82.621,NA,FALSE,FALSE,NA,parsed_table,FALSE,3887,1223,175,22.21142857142857,265,47.04615049442636,0.1775326433751938,NA,NA
20260330-clam-40C-C-vs-S,/Users/sr320/Documents/GitHub/resazurin-assay-development/data/clam/20260330-clam-40C-C-vs-S/plate-C-blue-T0.0.txt,plate-C-blue-T0.0.txt,c-blue,0,2026-03-30T10:22:35Z,20.8,"528/20,528/20",C,4,C4,NA,control,NA,control,NA,NA,blue,14,NA,NA,NA,87.409,NA,FALSE,FALSE,NA,parsed_table,FALSE,345,0,185.25,1.8623481781376519,345,3.9469619833197953,0.011440469516868971,NA,NA
20260330-clam-40C-C-vs-S,/Users/sr320/Documents/GitHub/resazurin-assay-development/data/clam/20260330-clam-40C-C-vs-S/plate-C-blue-T0.5.txt,plate-C-blue-T0.5.txt,c-blue,0.5,2026-03-30T10:56:58Z,21.7,"528/20,528/20",C,4,C4,NA,control,NA,control,NA,NA,blue,14,NA,NA,NA,87.409,NA,FALSE,FALSE,NA,parsed_table,FALSE,3452,3107,178.75,19.311888111888113,345,39.492500772231686,0.11447101673110634,NA,NA
20260330-clam-40C-C-vs-S,/Users/sr320/Documents/GitHub/resazurin-assay-development/data/clam/20260330-clam-40C-C-vs-S/plate-C-blue-T1.0.txt,plate-C-blue-T1.0.txt,c-blue,1,2026-03-30T11:32:17Z,22.8,"528/20,528/20",C,4,C4,NA,control,NA,control,NA,NA,blue,14,NA,NA,NA,87.409,NA,FALSE,FALSE,NA,parsed_table,FALSE,4905,1453,177,27.71186440677966,345,56.115502980242304,0.1626536318267893,NA,NA
20260330-clam-40C-C-vs-S,/Users/sr320/Documents/GitHub/resazurin-assay-development/data/clam/20260330-clam-40C-C-vs-S/plate-C-blue-T1.5.txt,plate-C-blue-T1.5.txt,c-blue,1.5,2026-03-30T12:05:31Z,23.5,"528/20,528/20",C,4,C4,NA,control,NA,control,NA,NA,blue,14,NA,NA,NA,87.409,NA,FALSE,FALSE,NA,parsed_table,FALSE,5892,987,174.25,33.81348637015782,345,67.40724639339199,0.19538332287939703,NA,NA
20260330-clam-40C-C-vs-S,/Users/sr320/Documents/GitHub/resazurin-assay-development/data/clam/20260330-clam-40C-C-vs-S/plate-C-blue-T2.0.txt,plate-C-blue-T2.0.txt,c-blue,2,2026-03-30T12:37:14Z,23.9,"528/20,528/20",C,4,C4,NA,control,NA,control,NA,NA,blue,14,NA,NA,NA,87.409,NA,FALSE,FALSE,NA,parsed_table,FALSE,6676,784,175,38.14857142857143,345,76.37657449461726,0.2213813753467167,NA,NA
20260330-clam-40C-C-vs-S,/Users/sr320/Documents/GitHub/resazurin-assay-development/data/clam/20260330-clam-40C-C-vs-S/plate-C-blue-T0.0.txt,plate-C-blue-T0.0.txt,c-blue,0,2026-03-30T10:22:35Z,20.8,"528/20,528/20",C,5,C5,NA,control,NA,control,NA,NA,blue,15,NA,NA,NA,63.604,NA,FALSE,FALSE,NA,parsed_table,FALSE,308,0,185.25,1.6626180836707152,308,4.842462738192567,0.015722281617508334,NA,NA
20260330-clam-40C-C-vs-S,/Users/sr320/Documents/GitHub/resazurin-assay-development/data/clam/20260330-clam-40C-C-vs-S/plate-C-blue-T0.5.txt,plate-C-blue-T0.5.txt,c-blue,0.5,2026-03-30T10:56:58Z,21.7,"528/20,528/20",C,5,C5,NA,control,NA,control,NA,NA,blue,15,NA,NA,NA,63.604,NA,FALSE,FALSE,NA,parsed_table,FALSE,2383,2075,178.75,13.33146853146853,308,37.46619709452236,0.12164349706013752,NA,NA
20260330-clam-40C-C-vs-S,/Users/sr320/Documents/GitHub/resazurin-assay-development/data/clam/20260330-clam-40C-C-vs-S/plate-C-blue-T1.0.txt,plate-C-blue-T1.0.txt,c-blue,1,2026-03-30T11:32:17Z,22.8,"528/20,528/20",C,5,C5,NA,control,NA,control,NA,NA,blue,15,NA,NA,NA,63.604,NA,FALSE,FALSE,NA,parsed_table,FALSE,5909,3526,177,33.38418079096045,308,92.90296207785674,0.30163299375927516,NA,NA
20260330-clam-40C-C-vs-S,/Users/sr320/Documents/GitHub/resazurin-assay-development/data/clam/20260330-clam-40C-C-vs-S/plate-C-blue-T1.5.txt,plate-C-blue-T1.5.txt,c-blue,1.5,2026-03-30T12:05:31Z,23.5,"528/20,528/20",C,5,C5,NA,control,NA,control,NA,NA,blue,15,NA,NA,NA,63.604,NA,FALSE,FALSE,NA,parsed_table,FALSE,8288,2379,174.25,47.56384505021521,308,130.30627004590906,0.4230723053438606,NA,NA
20260330-clam-40C-C-vs-S,/Users/sr320/Documents/GitHub/resazurin-assay-development/data/clam/20260330-clam-40C-C-vs-S/plate-C-blue-T2.0.txt,plate-C-blue-T2.0.txt,c-blue,2,2026-03-30T12:37:14Z,23.9,"528/20,528/20",C,5,C5,NA,control,NA,control,NA,NA,blue,15,NA,NA,NA,63.604,NA,FALSE,FALSE,NA,parsed_table,FALSE,8917,629,175,50.95428571428572,308,140.1955851833218,0.4551804713744214,NA,NA
20260330-clam-40C-C-vs-S,/Users/sr320/Documents/GitHub/resazurin-assay-development/data/clam/20260330-clam-40C-C-vs-S/plate-C-blue-T0.0.txt,plate-C-blue-T0.0.txt,c-blue,0,2026-03-30T10:22:35Z,20.8,"528/20,528/20",C,6,C6,NA,NA,NA,NA,NA,NA,NA,NA,NA,NA,NA,NA,NA,TRUE,FALSE,NA,parsed_table,FALSE,188,0,185.25,1.0148448043184886,NA,NA,NA,NA,NA
20260330-clam-40C-C-vs-S,/Users/sr320/Documents/GitHub/resazurin-assay-development/data/clam/20260330-clam-40C-C-vs-S/plate-C-blue-T0.5.txt,plate-C-blue-T0.5.txt,c-blue,0.5,2026-03-30T10:56:58Z,21.7,"528/20,528/20",C,6,C6,NA,NA,NA,NA,NA,NA,NA,NA,NA,NA,NA,NA,NA,TRUE,FALSE,NA,parsed_table,FALSE,181,-7,178.75,1.0125874125874126,NA,NA,NA,NA,NA
20260330-clam-40C-C-vs-S,/Users/sr320/Documents/GitHub/resazurin-assay-development/data/clam/20260330-clam-40C-C-vs-S/plate-C-blue-T1.0.txt,plate-C-blue-T1.0.txt,c-blue,1,2026-03-30T11:32:17Z,22.8,"528/20,528/20",C,6,C6,NA,NA,NA,NA,NA,NA,NA,NA,NA,NA,NA,NA,NA,TRUE,FALSE,NA,parsed_table,FALSE,177,-4,177,1,NA,NA,NA,NA,NA
20260330-clam-40C-C-vs-S,/Users/sr320/Documents/GitHub/resazurin-assay-development/data/clam/20260330-clam-40C-C-vs-S/plate-C-blue-T1.5.txt,plate-C-blue-T1.5.txt,c-blue,1.5,2026-03-30T12:05:31Z,23.5,"528/20,528/20",C,6,C6,NA,NA,NA,NA,NA,NA,NA,NA,NA,NA,NA,NA,NA,TRUE,FALSE,NA,parsed_table,FALSE,171,-6,174.25,0.9813486370157819,NA,NA,NA,NA,NA
20260330-clam-40C-C-vs-S,/Users/sr320/Documents/GitHub/resazurin-assay-development/data/clam/20260330-clam-40C-C-vs-S/plate-C-blue-T2.0.txt,plate-C-blue-T2.0.txt,c-blue,2,2026-03-30T12:37:14Z,23.9,"528/20,528/20",C,6,C6,NA,NA,NA,NA,NA,NA,NA,NA,NA,NA,NA,NA,NA,TRUE,FALSE,NA,parsed_table,FALSE,169,-2,175,0.9657142857142857,NA,NA,NA,NA,NA
20260330-clam-40C-C-vs-S,/Users/sr320/Documents/GitHub/resazurin-assay-development/data/clam/20260330-clam-40C-C-vs-S/plate-C-blue-T0.0.txt,plate-C-blue-T0.0.txt,c-blue,0,2026-03-30T10:22:35Z,20.8,"528/20,528/20",D,1,D1,NA,control,NA,control,NA,NA,blue,16,NA,NA,NA,74.513,NA,FALSE,FALSE,NA,parsed_table,FALSE,214,0,185.25,1.155195681511471,214,2.871982070242776,0.013420476963751291,NA,NA
20260330-clam-40C-C-vs-S,/Users/sr320/Documents/GitHub/resazurin-assay-development/data/clam/20260330-clam-40C-C-vs-S/plate-C-blue-T0.5.txt,plate-C-blue-T0.5.txt,c-blue,0.5,2026-03-30T10:56:58Z,21.7,"528/20,528/20",D,1,D1,NA,control,NA,control,NA,NA,blue,16,NA,NA,NA,74.513,NA,FALSE,FALSE,NA,parsed_table,FALSE,1488,1274,178.75,8.324475524475524,214,19.96966972206192,0.09331621365449495,NA,NA
20260330-clam-40C-C-vs-S,/Users/sr320/Documents/GitHub/resazurin-assay-development/data/clam/20260330-clam-40C-C-vs-S/plate-C-blue-T1.0.txt,plate-C-blue-T1.0.txt,c-blue,1,2026-03-30T11:32:17Z,22.8,"528/20,528/20",D,1,D1,NA,control,NA,control,NA,NA,blue,16,NA,NA,NA,74.513,NA,FALSE,FALSE,NA,parsed_table,FALSE,2693,1205,177,15.214689265536723,214,36.141344463382225,0.16888478721206648,NA,NA
20260330-clam-40C-C-vs-S,/Users/sr320/Documents/GitHub/resazurin-assay-development/data/clam/20260330-clam-40C-C-vs-S/plate-C-blue-T1.5.txt,plate-C-blue-T1.5.txt,c-blue,1.5,2026-03-30T12:05:31Z,23.5,"528/20,528/20",D,1,D1,NA,control,NA,control,NA,NA,blue,16,NA,NA,NA,74.513,NA,FALSE,FALSE,NA,parsed_table,FALSE,3368,675,174.25,19.32855093256815,214,45.200166413914346,0.21121573090614182,NA,NA
20260330-clam-40C-C-vs-S,/Users/sr320/Documents/GitHub/resazurin-assay-development/data/clam/20260330-clam-40C-C-vs-S/plate-C-blue-T2.0.txt,plate-C-blue-T2.0.txt,c-blue,2,2026-03-30T12:37:14Z,23.9,"528/20,528/20",D,1,D1,NA,control,NA,control,NA,NA,blue,16,NA,NA,NA,74.513,NA,FALSE,FALSE,NA,parsed_table,FALSE,3871,503,175,22.12,214,51.950666326681244,0.242760123021875,NA,NA
20260330-clam-40C-C-vs-S,/Users/sr320/Documents/GitHub/resazurin-assay-development/data/clam/20260330-clam-40C-C-vs-S/plate-C-blue-T0.0.txt,plate-C-blue-T0.0.txt,c-blue,0,2026-03-30T10:22:35Z,20.8,"528/20,528/20",D,2,D2,NA,control,NA,control,NA,NA,blue,17,NA,NA,NA,94.415,NA,FALSE,FALSE,NA,parsed_table,FALSE,272,0,185.25,1.4682860998650473,272,2.8808981623682675,0.010591537361648043,NA,NA
20260330-clam-40C-C-vs-S,/Users/sr320/Documents/GitHub/resazurin-assay-development/data/clam/20260330-clam-40C-C-vs-S/plate-C-blue-T0.5.txt,plate-C-blue-T0.5.txt,c-blue,0.5,2026-03-30T10:56:58Z,21.7,"528/20,528/20",D,2,D2,NA,control,NA,control,NA,NA,blue,17,NA,NA,NA,94.415,NA,FALSE,FALSE,NA,parsed_table,FALSE,2545,2273,178.75,14.237762237762238,272,26.95546258539427,0.09910096538747894,NA,NA
20260330-clam-40C-C-vs-S,/Users/sr320/Documents/GitHub/resazurin-assay-development/data/clam/20260330-clam-40C-C-vs-S/plate-C-blue-T1.0.txt,plate-C-blue-T1.0.txt,c-blue,1,2026-03-30T11:32:17Z,22.8,"528/20,528/20",D,2,D2,NA,control,NA,control,NA,NA,blue,17,NA,NA,NA,94.415,NA,FALSE,FALSE,NA,parsed_table,FALSE,5964,3419,177,33.69491525423729,272,63.16792882486892,0.23223503244437105,NA,NA
20260330-clam-40C-C-vs-S,/Users/sr320/Documents/GitHub/resazurin-assay-development/data/clam/20260330-clam-40C-C-vs-S/plate-C-blue-T1.5.txt,plate-C-blue-T1.5.txt,c-blue,1.5,2026-03-30T12:05:31Z,23.5,"528/20,528/20",D,2,D2,NA,control,NA,control,NA,NA,blue,17,NA,NA,NA,94.415,NA,FALSE,FALSE,NA,parsed_table,FALSE,7928,1964,174.25,45.49784791965567,272,83.96970820314569,0.308712162511565,NA,NA
20260330-clam-40C-C-vs-S,/Users/sr320/Documents/GitHub/resazurin-assay-development/data/clam/20260330-clam-40C-C-vs-S/plate-C-blue-T2.0.txt,plate-C-blue-T2.0.txt,c-blue,2,2026-03-30T12:37:14Z,23.9,"528/20,528/20",D,2,D2,NA,control,NA,control,NA,NA,blue,17,NA,NA,NA,94.415,NA,FALSE,FALSE,NA,parsed_table,FALSE,9401,1473,175,53.72,272,99.57104273685324,0.3660700100619605,NA,NA
20260330-clam-40C-C-vs-S,/Users/sr320/Documents/GitHub/resazurin-assay-development/data/clam/20260330-clam-40C-C-vs-S/plate-C-blue-T0.0.txt,plate-C-blue-T0.0.txt,c-blue,0,2026-03-30T10:22:35Z,20.8,"528/20,528/20",D,3,D3,NA,control,NA,control,NA,NA,blue,18,NA,NA,NA,81.083,NA,FALSE,FALSE,NA,parsed_table,FALSE,330,0,185.25,1.7813765182186234,330,4.069903678946265,0.012333041451352318,NA,NA
20260330-clam-40C-C-vs-S,/Users/sr320/Documents/GitHub/resazurin-assay-development/data/clam/20260330-clam-40C-C-vs-S/plate-C-blue-T0.5.txt,plate-C-blue-T0.5.txt,c-blue,0.5,2026-03-30T10:56:58Z,21.7,"528/20,528/20",D,3,D3,NA,control,NA,control,NA,NA,blue,18,NA,NA,NA,81.083,NA,FALSE,FALSE,NA,parsed_table,FALSE,2974,2644,178.75,16.63776223776224,330,36.678465276321795,0.11114686447370241,NA,NA
20260330-clam-40C-C-vs-S,/Users/sr320/Documents/GitHub/resazurin-assay-development/data/clam/20260330-clam-40C-C-vs-S/plate-C-blue-T1.0.txt,plate-C-blue-T1.0.txt,c-blue,1,2026-03-30T11:32:17Z,22.8,"528/20,528/20",D,3,D3,NA,control,NA,control,NA,NA,blue,18,NA,NA,NA,81.083,NA,FALSE,FALSE,NA,parsed_table,FALSE,4410,1436,177,24.915254237288135,330,54.38871280046372,0.16481428121352643,NA,NA
20260330-clam-40C-C-vs-S,/Users/sr320/Documents/GitHub/resazurin-assay-development/data/clam/20260330-clam-40C-C-vs-S/plate-C-blue-T1.5.txt,plate-C-blue-T1.5.txt,c-blue,1.5,2026-03-30T12:05:31Z,23.5,"528/20,528/20",D,3,D3,NA,control,NA,control,NA,NA,blue,18,NA,NA,NA,81.083,NA,FALSE,FALSE,NA,parsed_table,FALSE,6009,1599,174.25,34.48493543758967,330,74.10924608117608,0.22457347297326086,NA,NA
20260330-clam-40C-C-vs-S,/Users/sr320/Documents/GitHub/resazurin-assay-development/data/clam/20260330-clam-40C-C-vs-S/plate-C-blue-T2.0.txt,plate-C-blue-T2.0.txt,c-blue,2,2026-03-30T12:37:14Z,23.9,"528/20,528/20",D,3,D3,NA,control,NA,control,NA,NA,blue,18,NA,NA,NA,81.083,NA,FALSE,FALSE,NA,parsed_table,FALSE,6818,809,175,38.96,330,84.0866766153201,0.2548081109555155,NA,NA
20260330-clam-40C-C-vs-S,/Users/sr320/Documents/GitHub/resazurin-assay-development/data/clam/20260330-clam-40C-C-vs-S/plate-C-blue-T0.0.txt,plate-C-blue-T0.0.txt,c-blue,0,2026-03-30T10:22:35Z,20.8,"528/20,528/20",D,4,D4,NA,control,NA,control,NA,NA,blue,19,NA,NA,NA,86.881,NA,FALSE,FALSE,NA,parsed_table,FALSE,276,0,185.25,1.4898785425101215,276,3.176759015204705,0.011509996431901107,NA,NA
20260330-clam-40C-C-vs-S,/Users/sr320/Documents/GitHub/resazurin-assay-development/data/clam/20260330-clam-40C-C-vs-S/plate-C-blue-T0.5.txt,plate-C-blue-T0.5.txt,c-blue,0.5,2026-03-30T10:56:58Z,21.7,"528/20,528/20",D,4,D4,NA,control,NA,control,NA,NA,blue,19,NA,NA,NA,86.881,NA,FALSE,FALSE,NA,parsed_table,FALSE,984,708,178.75,5.5048951048951045,276,11.325836488990689,0.041035639452864814,NA,NA
20260330-clam-40C-C-vs-S,/Users/sr320/Documents/GitHub/resazurin-assay-development/data/clam/20260330-clam-40C-C-vs-S/plate-C-blue-T1.0.txt,plate-C-blue-T1.0.txt,c-blue,1,2026-03-30T11:32:17Z,22.8,"528/20,528/20",D,4,D4,NA,control,NA,control,NA,NA,blue,19,NA,NA,NA,86.881,NA,FALSE,FALSE,NA,parsed_table,FALSE,2422,1438,177,13.68361581920904,276,27.87721135806448,0.1010043889784945,NA,NA
20260330-clam-40C-C-vs-S,/Users/sr320/Documents/GitHub/resazurin-assay-development/data/clam/20260330-clam-40C-C-vs-S/plate-C-blue-T1.5.txt,plate-C-blue-T1.5.txt,c-blue,1.5,2026-03-30T12:05:31Z,23.5,"528/20,528/20",D,4,D4,NA,control,NA,control,NA,NA,blue,19,NA,NA,NA,86.881,NA,FALSE,FALSE,NA,parsed_table,FALSE,3602,1180,174.25,20.67144906743185,276,41.45900714770779,0.15021379401343402,NA,NA
20260330-clam-40C-C-vs-S,/Users/sr320/Documents/GitHub/resazurin-assay-development/data/clam/20260330-clam-40C-C-vs-S/plate-C-blue-T2.0.txt,plate-C-blue-T2.0.txt,c-blue,2,2026-03-30T12:37:14Z,23.9,"528/20,528/20",D,4,D4,NA,control,NA,control,NA,NA,blue,19,NA,NA,NA,86.881,NA,FALSE,FALSE,NA,parsed_table,FALSE,4467,865,175,25.525714285714287,276,51.41515406130224,0.18628679007718205,NA,NA
20260330-clam-40C-C-vs-S,/Users/sr320/Documents/GitHub/resazurin-assay-development/data/clam/20260330-clam-40C-C-vs-S/plate-C-blue-T0.0.txt,plate-C-blue-T0.0.txt,c-blue,0,2026-03-30T10:22:35Z,20.8,"528/20,528/20",D,5,D5,NA,control,NA,control,NA,NA,blue,20,NA,NA,NA,63.532,NA,FALSE,FALSE,NA,parsed_table,FALSE,271,0,185.25,1.4628879892037787,271,4.265566958383177,0.015740099477428698,NA,NA
20260330-clam-40C-C-vs-S,/Users/sr320/Documents/GitHub/resazurin-assay-development/data/clam/20260330-clam-40C-C-vs-S/plate-C-blue-T0.5.txt,plate-C-blue-T0.5.txt,c-blue,0.5,2026-03-30T10:56:58Z,21.7,"528/20,528/20",D,5,D5,NA,control,NA,control,NA,NA,blue,20,NA,NA,NA,63.532,NA,FALSE,FALSE,NA,parsed_table,FALSE,2074,1803,178.75,11.602797202797202,271,32.64496631618712,0.12046113031803365,NA,NA
20260330-clam-40C-C-vs-S,/Users/sr320/Documents/GitHub/resazurin-assay-development/data/clam/20260330-clam-40C-C-vs-S/plate-C-blue-T1.0.txt,plate-C-blue-T1.0.txt,c-blue,1,2026-03-30T11:32:17Z,22.8,"528/20,528/20",D,5,D5,NA,control,NA,control,NA,NA,blue,20,NA,NA,NA,63.532,NA,FALSE,FALSE,NA,parsed_table,FALSE,5453,3379,177,30.807909604519775,271,85.83076245041869,0.3167186806288512,NA,NA
20260330-clam-40C-C-vs-S,/Users/sr320/Documents/GitHub/resazurin-assay-development/data/clam/20260330-clam-40C-C-vs-S/plate-C-blue-T1.5.txt,plate-C-blue-T1.5.txt,c-blue,1.5,2026-03-30T12:05:31Z,23.5,"528/20,528/20",D,5,D5,NA,control,NA,control,NA,NA,blue,20,NA,NA,NA,63.532,NA,FALSE,FALSE,NA,parsed_table,FALSE,7907,2454,174.25,45.377331420373025,271,124.45696656802872,0.4592507991440174,NA,NA
20260330-clam-40C-C-vs-S,/Users/sr320/Documents/GitHub/resazurin-assay-development/data/clam/20260330-clam-40C-C-vs-S/plate-C-blue-T2.0.txt,plate-C-blue-T2.0.txt,c-blue,2,2026-03-30T12:37:14Z,23.9,"528/20,528/20",D,5,D5,NA,control,NA,control,NA,NA,blue,20,NA,NA,NA,63.532,NA,FALSE,FALSE,NA,parsed_table,FALSE,8092,185,175,46.24,271,127.36888497135303,0.46999588550314775,NA,NA
20260330-clam-40C-C-vs-S,/Users/sr320/Documents/GitHub/resazurin-assay-development/data/clam/20260330-clam-40C-C-vs-S/plate-C-blue-T0.0.txt,plate-C-blue-T0.0.txt,c-blue,0,2026-03-30T10:22:35Z,20.8,"528/20,528/20",D,6,D6,NA,NA,NA,NA,NA,NA,NA,NA,NA,NA,NA,NA,NA,TRUE,FALSE,NA,parsed_table,FALSE,188,0,185.25,1.0148448043184886,NA,NA,NA,NA,NA
20260330-clam-40C-C-vs-S,/Users/sr320/Documents/GitHub/resazurin-assay-development/data/clam/20260330-clam-40C-C-vs-S/plate-C-blue-T0.5.txt,plate-C-blue-T0.5.txt,c-blue,0.5,2026-03-30T10:56:58Z,21.7,"528/20,528/20",D,6,D6,NA,NA,NA,NA,NA,NA,NA,NA,NA,NA,NA,NA,NA,TRUE,FALSE,NA,parsed_table,FALSE,179,-9,178.75,1.0013986013986014,NA,NA,NA,NA,NA
20260330-clam-40C-C-vs-S,/Users/sr320/Documents/GitHub/resazurin-assay-development/data/clam/20260330-clam-40C-C-vs-S/plate-C-blue-T1.0.txt,plate-C-blue-T1.0.txt,c-blue,1,2026-03-30T11:32:17Z,22.8,"528/20,528/20",D,6,D6,NA,NA,NA,NA,NA,NA,NA,NA,NA,NA,NA,NA,NA,TRUE,FALSE,NA,parsed_table,FALSE,178,-1,177,1.0056497175141244,NA,NA,NA,NA,NA
20260330-clam-40C-C-vs-S,/Users/sr320/Documents/GitHub/resazurin-assay-development/data/clam/20260330-clam-40C-C-vs-S/plate-C-blue-T1.5.txt,plate-C-blue-T1.5.txt,c-blue,1.5,2026-03-30T12:05:31Z,23.5,"528/20,528/20",D,6,D6,NA,NA,NA,NA,NA,NA,NA,NA,NA,NA,NA,NA,NA,TRUE,FALSE,NA,parsed_table,FALSE,174,-4,174.25,0.9985652797704447,NA,NA,NA,NA,NA
20260330-clam-40C-C-vs-S,/Users/sr320/Documents/GitHub/resazurin-assay-development/data/clam/20260330-clam-40C-C-vs-S/plate-C-blue-T2.0.txt,plate-C-blue-T2.0.txt,c-blue,2,2026-03-30T12:37:14Z,23.9,"528/20,528/20",D,6,D6,NA,NA,NA,NA,NA,NA,NA,NA,NA,NA,NA,NA,NA,TRUE,FALSE,NA,parsed_table,FALSE,171,-3,175,0.9771428571428571,NA,NA,NA,NA,NA
20260330-clam-40C-C-vs-S,/Users/sr320/Documents/GitHub/resazurin-assay-development/data/clam/20260330-clam-40C-C-vs-S/plate-C-red-T0.0.txt,plate-C-red-T0.0.txt,c-red,0,2026-03-30T10:24:18Z,20.8,"528/20,528/20",A,1,A1,NA,control,NA,control,NA,NA,tweed,21,NA,NA,NA,71.994,NA,FALSE,FALSE,NA,parsed_table,FALSE,329,0,182.75,1.8002735978112174,329,4.569825263216379,0.013890046392754951,NA,NA
20260330-clam-40C-C-vs-S,/Users/sr320/Documents/GitHub/resazurin-assay-development/data/clam/20260330-clam-40C-C-vs-S/plate-C-red-T0.5.txt,plate-C-red-T0.5.txt,c-red,0.5,2026-03-30T10:58:43Z,21.8,"528/20,528/20",A,1,A1,NA,control,NA,control,NA,NA,tweed,21,NA,NA,NA,71.994,NA,FALSE,FALSE,NA,parsed_table,FALSE,3754,3425,185.5,20.237196765498652,329,52.14323415840209,0.15849007342979357,NA,NA
20260330-clam-40C-C-vs-S,/Users/sr320/Documents/GitHub/resazurin-assay-development/data/clam/20260330-clam-40C-C-vs-S/plate-C-red-T1.0.txt,plate-C-red-T1.0.txt,c-red,1,2026-03-30T11:33:39Z,22.9,"528/20,528/20",A,1,A1,NA,control,NA,control,NA,NA,tweed,21,NA,NA,NA,71.994,NA,FALSE,FALSE,NA,parsed_table,FALSE,6597,2843,188.5,34.9973474801061,329,91.63263605300442,0.2785186506170347,NA,NA
20260330-clam-40C-C-vs-S,/Users/sr320/Documents/GitHub/resazurin-assay-development/data/clam/20260330-clam-40C-C-vs-S/plate-C-red-T1.5.txt,plate-C-red-T1.5.txt,c-red,1.5,2026-03-30T12:07:11Z,23.6,"528/20,528/20",A,1,A1,NA,control,NA,control,NA,NA,tweed,21,NA,NA,NA,71.994,NA,FALSE,FALSE,NA,parsed_table,FALSE,7511,914,185.25,40.54520917678813,329,104.32813845598244,0.3171068038175758,NA,NA
20260330-clam-40C-C-vs-S,/Users/sr320/Documents/GitHub/resazurin-assay-development/data/clam/20260330-clam-40C-C-vs-S/plate-C-red-T2.0.txt,plate-C-red-T2.0.txt,c-red,2,2026-03-30T12:38:27Z,23.9,"528/20,528/20",A,1,A1,NA,control,NA,control,NA,NA,tweed,21,NA,NA,NA,71.994,NA,FALSE,FALSE,NA,parsed_table,FALSE,7900,389,178.5,44.25770308123249,329,109.73136650276412,0.3335299893701037,NA,NA
20260330-clam-40C-C-vs-S,/Users/sr320/Documents/GitHub/resazurin-assay-development/data/clam/20260330-clam-40C-C-vs-S/plate-C-red-T0.0.txt,plate-C-red-T0.0.txt,c-red,0,2026-03-30T10:24:18Z,20.8,"528/20,528/20",A,2,A2,NA,control,NA,control,NA,NA,tweed,22,NA,NA,NA,72.805,NA,FALSE,FALSE,NA,parsed_table,FALSE,303,0,182.75,1.6580027359781122,303,4.1618020740333765,0.013735320376347776,NA,NA
20260330-clam-40C-C-vs-S,/Users/sr320/Documents/GitHub/resazurin-assay-development/data/clam/20260330-clam-40C-C-vs-S/plate-C-red-T0.5.txt,plate-C-red-T0.5.txt,c-red,0.5,2026-03-30T10:58:43Z,21.8,"528/20,528/20",A,2,A2,NA,control,NA,control,NA,NA,tweed,22,NA,NA,NA,72.805,NA,FALSE,FALSE,NA,parsed_table,FALSE,3038,2735,185.5,16.37735849056604,303,41.72790330334455,0.13771585248628562,NA,NA
20260330-clam-40C-C-vs-S,/Users/sr320/Documents/GitHub/resazurin-assay-development/data/clam/20260330-clam-40C-C-vs-S/plate-C-red-T1.0.txt,plate-C-red-T1.0.txt,c-red,1,2026-03-30T11:33:39Z,22.9,"528/20,528/20",A,2,A2,NA,control,NA,control,NA,NA,tweed,22,NA,NA,NA,72.805,NA,FALSE,FALSE,NA,parsed_table,FALSE,6578,3540,188.5,34.89655172413793,303,90.35093743561568,0.2981879123287646,NA,NA
20260330-clam-40C-C-vs-S,/Users/sr320/Documents/GitHub/resazurin-assay-development/data/clam/20260330-clam-40C-C-vs-S/plate-C-red-T1.5.txt,plate-C-red-T1.5.txt,c-red,1.5,2026-03-30T12:07:11Z,23.6,"528/20,528/20",A,2,A2,NA,control,NA,control,NA,NA,tweed,22,NA,NA,NA,72.805,NA,FALSE,FALSE,NA,parsed_table,FALSE,8491,1913,185.25,45.83535762483131,303,116.62660531556898,0.3849062881701947,NA,NA
20260330-clam-40C-C-vs-S,/Users/sr320/Documents/GitHub/resazurin-assay-development/data/clam/20260330-clam-40C-C-vs-S/plate-C-red-T2.0.txt,plate-C-red-T2.0.txt,c-red,2,2026-03-30T12:38:27Z,23.9,"528/20,528/20",A,2,A2,NA,control,NA,control,NA,NA,tweed,22,NA,NA,NA,72.805,NA,FALSE,FALSE,NA,parsed_table,FALSE,9309,818,178.5,52.15126050420168,303,127.86209738342146,0.42198712007729855,NA,NA
20260330-clam-40C-C-vs-S,/Users/sr320/Documents/GitHub/resazurin-assay-development/data/clam/20260330-clam-40C-C-vs-S/plate-C-red-T0.0.txt,plate-C-red-T0.0.txt,c-red,0,2026-03-30T10:24:18Z,20.8,"528/20,528/20",A,3,A3,NA,control,NA,control,NA,NA,tweed,23,NA,NA,NA,66.354,NA,FALSE,FALSE,NA,parsed_table,FALSE,252,0,182.75,1.3789329685362517,252,3.7978117370467492,0.015070681496217259,NA,NA
20260330-clam-40C-C-vs-S,/Users/sr320/Documents/GitHub/resazurin-assay-development/data/clam/20260330-clam-40C-C-vs-S/plate-C-red-T0.5.txt,plate-C-red-T0.5.txt,c-red,0.5,2026-03-30T10:58:43Z,21.8,"528/20,528/20",A,3,A3,NA,control,NA,control,NA,NA,tweed,23,NA,NA,NA,66.354,NA,FALSE,FALSE,NA,parsed_table,FALSE,2184,1932,185.5,11.773584905660377,252,32.91436838773849,0.13061257296721623,NA,NA
20260330-clam-40C-C-vs-S,/Users/sr320/Documents/GitHub/resazurin-assay-development/data/clam/20260330-clam-40C-C-vs-S/plate-C-red-T1.0.txt,plate-C-red-T1.0.txt,c-red,1,2026-03-30T11:33:39Z,22.9,"528/20,528/20",A,3,A3,NA,control,NA,control,NA,NA,tweed,23,NA,NA,NA,66.354,NA,FALSE,FALSE,NA,parsed_table,FALSE,3099,915,188.5,16.44031830238727,252,46.70404195677729,0.1853334998284813,NA,NA
20260330-clam-40C-C-vs-S,/Users/sr320/Documents/GitHub/resazurin-assay-development/data/clam/20260330-clam-40C-C-vs-S/plate-C-red-T1.5.txt,plate-C-red-T1.5.txt,c-red,1.5,2026-03-30T12:07:11Z,23.6,"528/20,528/20",A,3,A3,NA,control,NA,control,NA,NA,tweed,23,NA,NA,NA,66.354,NA,FALSE,FALSE,NA,parsed_table,FALSE,4262,1163,185.25,23.006747638326587,252,64.23124453687795,0.25488589101935694,NA,NA
20260330-clam-40C-C-vs-S,/Users/sr320/Documents/GitHub/resazurin-assay-development/data/clam/20260330-clam-40C-C-vs-S/plate-C-red-T2.0.txt,plate-C-red-T2.0.txt,c-red,2,2026-03-30T12:38:27Z,23.9,"528/20,528/20",A,3,A3,NA,control,NA,control,NA,NA,tweed,23,NA,NA,NA,66.354,NA,FALSE,FALSE,NA,parsed_table,FALSE,4954,692,178.5,27.753501400560225,252,74.6601561322603,0.2962704608423028,NA,NA
20260330-clam-40C-C-vs-S,/Users/sr320/Documents/GitHub/resazurin-assay-development/data/clam/20260330-clam-40C-C-vs-S/plate-C-red-T0.0.txt,plate-C-red-T0.0.txt,c-red,0,2026-03-30T10:24:18Z,20.8,"528/20,528/20",A,4,A4,NA,control,NA,control,NA,NA,tweed,24,NA,NA,NA,61.983,NA,FALSE,FALSE,NA,parsed_table,FALSE,315,0,182.75,1.7236662106703147,315,5.082038623493538,0.016133455947598536,NA,NA
20260330-clam-40C-C-vs-S,/Users/sr320/Documents/GitHub/resazurin-assay-development/data/clam/20260330-clam-40C-C-vs-S/plate-C-red-T0.5.txt,plate-C-red-T0.5.txt,c-red,0.5,2026-03-30T10:58:43Z,21.8,"528/20,528/20",A,4,A4,NA,control,NA,control,NA,NA,tweed,24,NA,NA,NA,61.983,NA,FALSE,FALSE,NA,parsed_table,FALSE,2652,2337,185.5,14.296495956873315,315,42.785925173031316,0.1358283338826391,NA,NA
20260330-clam-40C-C-vs-S,/Users/sr320/Documents/GitHub/resazurin-assay-development/data/clam/20260330-clam-40C-C-vs-S/plate-C-red-T1.0.txt,plate-C-red-T1.0.txt,c-red,1,2026-03-30T11:33:39Z,22.9,"528/20,528/20",A,4,A4,NA,control,NA,control,NA,NA,tweed,24,NA,NA,NA,61.983,NA,FALSE,FALSE,NA,parsed_table,FALSE,4392,1740,188.5,23.29973474801061,315,70.85813852185277,0.2249464714979453,NA,NA
20260330-clam-40C-C-vs-S,/Users/sr320/Documents/GitHub/resazurin-assay-development/data/clam/20260330-clam-40C-C-vs-S/plate-C-red-T1.5.txt,plate-C-red-T1.5.txt,c-red,1.5,2026-03-30T12:07:11Z,23.6,"528/20,528/20",A,4,A4,NA,control,NA,control,NA,NA,tweed,24,NA,NA,NA,61.983,NA,FALSE,FALSE,NA,parsed_table,FALSE,5288,896,185.25,28.545209176788124,315,85.31371505090105,0.27083719063778117,NA,NA
20260330-clam-40C-C-vs-S,/Users/sr320/Documents/GitHub/resazurin-assay-development/data/clam/20260330-clam-40C-C-vs-S/plate-C-red-T2.0.txt,plate-C-red-T2.0.txt,c-red,2,2026-03-30T12:38:27Z,23.9,"528/20,528/20",A,4,A4,NA,control,NA,control,NA,NA,tweed,24,NA,NA,NA,61.983,NA,FALSE,FALSE,NA,parsed_table,FALSE,5891,603,178.5,33.00280112044818,315,95.04218898730298,0.3017212348803269,NA,NA
20260330-clam-40C-C-vs-S,/Users/sr320/Documents/GitHub/resazurin-assay-development/data/clam/20260330-clam-40C-C-vs-S/plate-C-red-T0.0.txt,plate-C-red-T0.0.txt,c-red,0,2026-03-30T10:24:18Z,20.8,"528/20,528/20",A,5,A5,NA,control,NA,control,NA,NA,tweed,25,NA,NA,NA,74.882,NA,FALSE,FALSE,NA,parsed_table,FALSE,1151,0,182.75,6.298221614227086,1151,15.370850137549743,0.013354344168157901,NA,NA
20260330-clam-40C-C-vs-S,/Users/sr320/Documents/GitHub/resazurin-assay-development/data/clam/20260330-clam-40C-C-vs-S/plate-C-red-T0.5.txt,plate-C-red-T0.5.txt,c-red,0.5,2026-03-30T10:58:43Z,21.8,"528/20,528/20",A,5,A5,NA,control,NA,control,NA,NA,tweed,25,NA,NA,NA,74.882,NA,FALSE,FALSE,NA,parsed_table,FALSE,2939,1788,185.5,15.84366576819407,1151,39.24841751021607,0.03409940704623464,NA,NA
20260330-clam-40C-C-vs-S,/Users/sr320/Documents/GitHub/resazurin-assay-development/data/clam/20260330-clam-40C-C-vs-S/plate-C-red-T1.0.txt,plate-C-red-T1.0.txt,c-red,1,2026-03-30T11:33:39Z,22.9,"528/20,528/20",A,5,A5,NA,control,NA,control,NA,NA,tweed,25,NA,NA,NA,74.882,NA,FALSE,FALSE,NA,parsed_table,FALSE,5094,2155,188.5,27.02387267904509,1151,68.02702919259634,0.05910254491103071,NA,NA
20260330-clam-40C-C-vs-S,/Users/sr320/Documents/GitHub/resazurin-assay-development/data/clam/20260330-clam-40C-C-vs-S/plate-C-red-T1.5.txt,plate-C-red-T1.5.txt,c-red,1.5,2026-03-30T12:07:11Z,23.6,"528/20,528/20",A,5,A5,NA,control,NA,control,NA,NA,tweed,25,NA,NA,NA,74.882,NA,FALSE,FALSE,NA,parsed_table,FALSE,7043,1949,185.25,38.01889338731444,1151,94.05464597633609,0.08171559163886716,NA,NA
20260330-clam-40C-C-vs-S,/Users/sr320/Documents/GitHub/resazurin-assay-development/data/clam/20260330-clam-40C-C-vs-S/plate-C-red-T2.0.txt,plate-C-red-T2.0.txt,c-red,2,2026-03-30T12:38:27Z,23.9,"528/20,528/20",A,5,A5,NA,control,NA,control,NA,NA,tweed,25,NA,NA,NA,74.882,NA,FALSE,FALSE,NA,parsed_table,FALSE,9319,2276,178.5,52.207282913165265,1151,124.44913330306348,0.10812261798702301,NA,NA
20260330-clam-40C-C-vs-S,/Users/sr320/Documents/GitHub/resazurin-assay-development/data/clam/20260330-clam-40C-C-vs-S/plate-C-red-T0.0.txt,plate-C-red-T0.0.txt,c-red,0,2026-03-30T10:24:18Z,20.8,"528/20,528/20",A,6,A6,NA,NA,NA,NA,NA,NA,NA,NA,NA,NA,NA,NA,NA,TRUE,FALSE,NA,parsed_table,FALSE,181,0,182.75,0.9904240766073872,NA,NA,NA,NA,NA
20260330-clam-40C-C-vs-S,/Users/sr320/Documents/GitHub/resazurin-assay-development/data/clam/20260330-clam-40C-C-vs-S/plate-C-red-T0.5.txt,plate-C-red-T0.5.txt,c-red,0.5,2026-03-30T10:58:43Z,21.8,"528/20,528/20",A,6,A6,NA,NA,NA,NA,NA,NA,NA,NA,NA,NA,NA,NA,NA,TRUE,FALSE,NA,parsed_table,FALSE,182,1,185.5,0.9811320754716981,NA,NA,NA,NA,NA
20260330-clam-40C-C-vs-S,/Users/sr320/Documents/GitHub/resazurin-assay-development/data/clam/20260330-clam-40C-C-vs-S/plate-C-red-T1.0.txt,plate-C-red-T1.0.txt,c-red,1,2026-03-30T11:33:39Z,22.9,"528/20,528/20",A,6,A6,NA,NA,NA,NA,NA,NA,NA,NA,NA,NA,NA,NA,NA,TRUE,FALSE,NA,parsed_table,FALSE,182,0,188.5,0.9655172413793104,NA,NA,NA,NA,NA
20260330-clam-40C-C-vs-S,/Users/sr320/Documents/GitHub/resazurin-assay-development/data/clam/20260330-clam-40C-C-vs-S/plate-C-red-T1.5.txt,plate-C-red-T1.5.txt,c-red,1.5,2026-03-30T12:07:11Z,23.6,"528/20,528/20",A,6,A6,NA,NA,NA,NA,NA,NA,NA,NA,NA,NA,NA,NA,NA,TRUE,FALSE,NA,parsed_table,FALSE,180,-2,185.25,0.97165991902834,NA,NA,NA,NA,NA
20260330-clam-40C-C-vs-S,/Users/sr320/Documents/GitHub/resazurin-assay-development/data/clam/20260330-clam-40C-C-vs-S/plate-C-red-T2.0.txt,plate-C-red-T2.0.txt,c-red,2,2026-03-30T12:38:27Z,23.9,"528/20,528/20",A,6,A6,NA,NA,NA,NA,NA,NA,NA,NA,NA,NA,NA,NA,NA,TRUE,FALSE,NA,parsed_table,FALSE,177,-3,178.5,0.9915966386554622,NA,NA,NA,NA,NA
20260330-clam-40C-C-vs-S,/Users/sr320/Documents/GitHub/resazurin-assay-development/data/clam/20260330-clam-40C-C-vs-S/plate-C-red-T0.0.txt,plate-C-red-T0.0.txt,c-red,0,2026-03-30T10:24:18Z,20.8,"528/20,528/20",B,1,B1,NA,control,NA,control,NA,NA,tweed,26,NA,NA,NA,82.164,NA,FALSE,FALSE,NA,parsed_table,FALSE,383,0,182.75,2.0957592339261284,383,4.661408889537997,0.012170780390438635,NA,NA
20260330-clam-40C-C-vs-S,/Users/sr320/Documents/GitHub/resazurin-assay-development/data/clam/20260330-clam-40C-C-vs-S/plate-C-red-T0.5.txt,plate-C-red-T0.5.txt,c-red,0.5,2026-03-30T10:58:43Z,21.8,"528/20,528/20",B,1,B1,NA,control,NA,control,NA,NA,tweed,26,NA,NA,NA,82.164,NA,FALSE,FALSE,NA,parsed_table,FALSE,4243,3860,185.5,22.873315363881403,383,51.64062119663113,0.13483190912958518,NA,NA
20260330-clam-40C-C-vs-S,/Users/sr320/Documents/GitHub/resazurin-assay-development/data/clam/20260330-clam-40C-C-vs-S/plate-C-red-T1.0.txt,plate-C-red-T1.0.txt,c-red,1,2026-03-30T11:33:39Z,22.9,"528/20,528/20",B,1,B1,NA,control,NA,control,NA,NA,tweed,26,NA,NA,NA,82.164,NA,FALSE,FALSE,NA,parsed_table,FALSE,8149,3906,188.5,43.23076923076923,383,99.17968940168443,0.2589548026153641,NA,NA
20260330-clam-40C-C-vs-S,/Users/sr320/Documents/GitHub/resazurin-assay-development/data/clam/20260330-clam-40C-C-vs-S/plate-C-red-T1.5.txt,plate-C-red-T1.5.txt,c-red,1.5,2026-03-30T12:07:11Z,23.6,"528/20,528/20",B,1,B1,NA,control,NA,control,NA,NA,tweed,26,NA,NA,NA,82.164,NA,FALSE,FALSE,NA,parsed_table,FALSE,8931,782,185.25,48.21052631578947,383,108.69723966700745,0.2838048033081134,NA,NA
20260330-clam-40C-C-vs-S,/Users/sr320/Documents/GitHub/resazurin-assay-development/data/clam/20260330-clam-40C-C-vs-S/plate-C-red-T2.0.txt,plate-C-red-T2.0.txt,c-red,2,2026-03-30T12:38:27Z,23.9,"528/20,528/20",B,1,B1,NA,control,NA,control,NA,NA,tweed,26,NA,NA,NA,82.164,NA,FALSE,FALSE,NA,parsed_table,FALSE,8667,-264,178.5,48.554621848739494,383,105.48415364393165,0.27541554476222363,NA,NA
20260330-clam-40C-C-vs-S,/Users/sr320/Documents/GitHub/resazurin-assay-development/data/clam/20260330-clam-40C-C-vs-S/plate-C-red-T0.0.txt,plate-C-red-T0.0.txt,c-red,0,2026-03-30T10:24:18Z,20.8,"528/20,528/20",B,2,B2,NA,control,NA,control,NA,NA,tweed,27,NA,NA,NA,99.605,NA,FALSE,FALSE,NA,parsed_table,FALSE,506,0,182.75,2.7688098495212037,506,5.080066261733848,0.010039656643742784,NA,NA
20260330-clam-40C-C-vs-S,/Users/sr320/Documents/GitHub/resazurin-assay-development/data/clam/20260330-clam-40C-C-vs-S/plate-C-red-T0.5.txt,plate-C-red-T0.5.txt,c-red,0.5,2026-03-30T10:58:43Z,21.8,"528/20,528/20",B,2,B2,NA,control,NA,control,NA,NA,tweed,27,NA,NA,NA,99.605,NA,FALSE,FALSE,NA,parsed_table,FALSE,3231,2725,185.5,17.4177897574124,506,32.438130615932934,0.06410697750184374,NA,NA
20260330-clam-40C-C-vs-S,/Users/sr320/Documents/GitHub/resazurin-assay-development/data/clam/20260330-clam-40C-C-vs-S/plate-C-red-T1.0.txt,plate-C-red-T1.0.txt,c-red,1,2026-03-30T11:33:39Z,22.9,"528/20,528/20",B,2,B2,NA,control,NA,control,NA,NA,tweed,27,NA,NA,NA,99.605,NA,FALSE,FALSE,NA,parsed_table,FALSE,9079,5848,188.5,48.16445623342175,506,91.15004266854073,0.18013842424612794,NA,NA
20260330-clam-40C-C-vs-S,/Users/sr320/Documents/GitHub/resazurin-assay-development/data/clam/20260330-clam-40C-C-vs-S/plate-C-red-T1.5.txt,plate-C-red-T1.5.txt,c-red,1.5,2026-03-30T12:07:11Z,23.6,"528/20,528/20",B,2,B2,NA,control,NA,control,NA,NA,tweed,27,NA,NA,NA,99.605,NA,FALSE,FALSE,NA,parsed_table,FALSE,10124,1045,185.25,54.65047233468286,506,101.64148386125194,0.20087249774950977,NA,NA
20260330-clam-40C-C-vs-S,/Users/sr320/Documents/GitHub/resazurin-assay-development/data/clam/20260330-clam-40C-C-vs-S/plate-C-red-T2.0.txt,plate-C-red-T2.0.txt,c-red,2,2026-03-30T12:38:27Z,23.9,"528/20,528/20",B,2,B2,NA,control,NA,control,NA,NA,tweed,27,NA,NA,NA,99.605,NA,FALSE,FALSE,NA,parsed_table,FALSE,9722,-402,178.5,54.46498599439776,506,97.60554189046734,0.1928963278467734,NA,NA
20260330-clam-40C-C-vs-S,/Users/sr320/Documents/GitHub/resazurin-assay-development/data/clam/20260330-clam-40C-C-vs-S/plate-C-red-T0.0.txt,plate-C-red-T0.0.txt,c-red,0,2026-03-30T10:24:18Z,20.8,"528/20,528/20",B,3,B3,NA,control,NA,control,NA,NA,tweed,28,NA,NA,NA,79.645,NA,FALSE,FALSE,NA,parsed_table,FALSE,313,0,182.75,1.7127222982216141,313,3.9299391047774503,0.012555715989704314,NA,NA
20260330-clam-40C-C-vs-S,/Users/sr320/Documents/GitHub/resazurin-assay-development/data/clam/20260330-clam-40C-C-vs-S/plate-C-red-T0.5.txt,plate-C-red-T0.5.txt,c-red,0.5,2026-03-30T10:58:43Z,21.8,"528/20,528/20",B,3,B3,NA,control,NA,control,NA,NA,tweed,28,NA,NA,NA,79.645,NA,FALSE,FALSE,NA,parsed_table,FALSE,2381,2068,185.5,12.835579514824797,313,29.89515977148597,0.09551169256065806,NA,NA
20260330-clam-40C-C-vs-S,/Users/sr320/Documents/GitHub/resazurin-assay-development/data/clam/20260330-clam-40C-C-vs-S/plate-C-red-T1.0.txt,plate-C-red-T1.0.txt,c-red,1,2026-03-30T11:33:39Z,22.9,"528/20,528/20",B,3,B3,NA,control,NA,control,NA,NA,tweed,28,NA,NA,NA,79.645,NA,FALSE,FALSE,NA,parsed_table,FALSE,4052,1671,188.5,21.49602122015915,313,50.87576119028188,0.1625423680200699,NA,NA
20260330-clam-40C-C-vs-S,/Users/sr320/Documents/GitHub/resazurin-assay-development/data/clam/20260330-clam-40C-C-vs-S/plate-C-red-T1.5.txt,plate-C-red-T1.5.txt,c-red,1.5,2026-03-30T12:07:11Z,23.6,"528/20,528/20",B,3,B3,NA,control,NA,control,NA,NA,tweed,28,NA,NA,NA,79.645,NA,FALSE,FALSE,NA,parsed_table,FALSE,7750,3698,185.25,41.83535762483131,313,97.30679892020844,0.31088434159811,NA,NA
20260330-clam-40C-C-vs-S,/Users/sr320/Documents/GitHub/resazurin-assay-development/data/clam/20260330-clam-40C-C-vs-S/plate-C-red-T2.0.txt,plate-C-red-T2.0.txt,c-red,2,2026-03-30T12:38:27Z,23.9,"528/20,528/20",B,3,B3,NA,control,NA,control,NA,NA,tweed,28,NA,NA,NA,79.645,NA,FALSE,FALSE,NA,parsed_table,FALSE,9384,1634,178.5,52.57142857142857,313,117.82283884738528,0.3764307950395696,NA,NA
20260330-clam-40C-C-vs-S,/Users/sr320/Documents/GitHub/resazurin-assay-development/data/clam/20260330-clam-40C-C-vs-S/plate-C-red-T0.0.txt,plate-C-red-T0.0.txt,c-red,0,2026-03-30T10:24:18Z,20.8,"528/20,528/20",B,4,B4,NA,control,NA,control,NA,NA,tweed,29,NA,NA,NA,58.412,NA,FALSE,FALSE,NA,parsed_table,FALSE,415,0,182.75,2.270861833105335,415,7.104704512771349,0.017119769910292407,NA,NA
20260330-clam-40C-C-vs-S,/Users/sr320/Documents/GitHub/resazurin-assay-development/data/clam/20260330-clam-40C-C-vs-S/plate-C-red-T0.5.txt,plate-C-red-T0.5.txt,c-red,0.5,2026-03-30T10:58:43Z,21.8,"528/20,528/20",B,4,B4,NA,control,NA,control,NA,NA,tweed,29,NA,NA,NA,58.412,NA,FALSE,FALSE,NA,parsed_table,FALSE,1979,1564,185.5,10.668463611859838,415,33.88002465246867,0.08163861362040643,NA,NA
20260330-clam-40C-C-vs-S,/Users/sr320/Documents/GitHub/resazurin-assay-development/data/clam/20260330-clam-40C-C-vs-S/plate-C-red-T1.0.txt,plate-C-red-T1.0.txt,c-red,1,2026-03-30T11:33:39Z,22.9,"528/20,528/20",B,4,B4,NA,control,NA,control,NA,NA,tweed,29,NA,NA,NA,58.412,NA,FALSE,FALSE,NA,parsed_table,FALSE,3776,1797,188.5,20.03183023872679,415,64.64425118126412,0.15576927995485332,NA,NA
20260330-clam-40C-C-vs-S,/Users/sr320/Documents/GitHub/resazurin-assay-development/data/clam/20260330-clam-40C-C-vs-S/plate-C-red-T1.5.txt,plate-C-red-T1.5.txt,c-red,1.5,2026-03-30T12:07:11Z,23.6,"528/20,528/20",B,4,B4,NA,control,NA,control,NA,NA,tweed,29,NA,NA,NA,58.412,NA,FALSE,FALSE,NA,parsed_table,FALSE,4580,804,185.25,24.723346828609987,415,78.40854618913922,0.18893625587744392,NA,NA
20260330-clam-40C-C-vs-S,/Users/sr320/Documents/GitHub/resazurin-assay-development/data/clam/20260330-clam-40C-C-vs-S/plate-C-red-T2.0.txt,plate-C-red-T2.0.txt,c-red,2,2026-03-30T12:38:27Z,23.9,"528/20,528/20",B,4,B4,NA,control,NA,control,NA,NA,tweed,29,NA,NA,NA,58.412,NA,FALSE,FALSE,NA,parsed_table,FALSE,5000,420,178.5,28.011204481792717,415,85.59884955146202,0.20626228807581212,NA,NA
20260330-clam-40C-C-vs-S,/Users/sr320/Documents/GitHub/resazurin-assay-development/data/clam/20260330-clam-40C-C-vs-S/plate-C-red-T0.0.txt,plate-C-red-T0.0.txt,c-red,0,2026-03-30T10:24:18Z,20.8,"528/20,528/20",B,5,B5,NA,control,NA,control,NA,NA,tweed,30,NA,NA,NA,73.746,NA,FALSE,FALSE,NA,parsed_table,FALSE,335,0,182.75,1.8331053351573188,335,4.542619260705666,0.013560057494643778,NA,NA
20260330-clam-40C-C-vs-S,/Users/sr320/Documents/GitHub/resazurin-assay-development/data/clam/20260330-clam-40C-C-vs-S/plate-C-red-T0.5.txt,plate-C-red-T0.5.txt,c-red,0.5,2026-03-30T10:58:43Z,21.8,"528/20,528/20",B,5,B5,NA,control,NA,control,NA,NA,tweed,30,NA,NA,NA,73.746,NA,FALSE,FALSE,NA,parsed_table,FALSE,2727,2392,185.5,14.700808625336927,335,36.978276787893584,0.11038291578475697,NA,NA
20260330-clam-40C-C-vs-S,/Users/sr320/Documents/GitHub/resazurin-assay-development/data/clam/20260330-clam-40C-C-vs-S/plate-C-red-T1.0.txt,plate-C-red-T1.0.txt,c-red,1,2026-03-30T11:33:39Z,22.9,"528/20,528/20",B,5,B5,NA,control,NA,control,NA,NA,tweed,30,NA,NA,NA,73.746,NA,FALSE,FALSE,NA,parsed_table,FALSE,5685,2958,188.5,30.159151193633953,335,77.08892685704988,0.23011619957328322,NA,NA
20260330-clam-40C-C-vs-S,/Users/sr320/Documents/GitHub/resazurin-assay-development/data/clam/20260330-clam-40C-C-vs-S/plate-C-red-T1.5.txt,plate-C-red-T1.5.txt,c-red,1.5,2026-03-30T12:07:11Z,23.6,"528/20,528/20",B,5,B5,NA,control,NA,control,NA,NA,tweed,30,NA,NA,NA,73.746,NA,FALSE,FALSE,NA,parsed_table,FALSE,9191,3506,185.25,49.6140350877193,335,124.63048843327097,0.3720313087560327,NA,NA
20260330-clam-40C-C-vs-S,/Users/sr320/Documents/GitHub/resazurin-assay-development/data/clam/20260330-clam-40C-C-vs-S/plate-C-red-T2.0.txt,plate-C-red-T2.0.txt,c-red,2,2026-03-30T12:38:27Z,23.9,"528/20,528/20",B,5,B5,NA,control,NA,control,NA,NA,tweed,30,NA,NA,NA,73.746,NA,FALSE,FALSE,NA,parsed_table,FALSE,9896,705,178.5,55.43977591036415,335,134.19032896699483,0.4005681461701338,NA,NA
20260330-clam-40C-C-vs-S,/Users/sr320/Documents/GitHub/resazurin-assay-development/data/clam/20260330-clam-40C-C-vs-S/plate-C-red-T0.0.txt,plate-C-red-T0.0.txt,c-red,0,2026-03-30T10:24:18Z,20.8,"528/20,528/20",B,6,B6,NA,NA,NA,NA,NA,NA,NA,NA,NA,NA,NA,NA,NA,TRUE,FALSE,NA,parsed_table,FALSE,184,0,182.75,1.0068399452804377,NA,NA,NA,NA,NA
20260330-clam-40C-C-vs-S,/Users/sr320/Documents/GitHub/resazurin-assay-development/data/clam/20260330-clam-40C-C-vs-S/plate-C-red-T0.5.txt,plate-C-red-T0.5.txt,c-red,0.5,2026-03-30T10:58:43Z,21.8,"528/20,528/20",B,6,B6,NA,NA,NA,NA,NA,NA,NA,NA,NA,NA,NA,NA,NA,TRUE,FALSE,NA,parsed_table,FALSE,178,-6,185.5,0.9595687331536388,NA,NA,NA,NA,NA
20260330-clam-40C-C-vs-S,/Users/sr320/Documents/GitHub/resazurin-assay-development/data/clam/20260330-clam-40C-C-vs-S/plate-C-red-T1.0.txt,plate-C-red-T1.0.txt,c-red,1,2026-03-30T11:33:39Z,22.9,"528/20,528/20",B,6,B6,NA,NA,NA,NA,NA,NA,NA,NA,NA,NA,NA,NA,NA,TRUE,FALSE,NA,parsed_table,FALSE,178,0,188.5,0.9442970822281167,NA,NA,NA,NA,NA
20260330-clam-40C-C-vs-S,/Users/sr320/Documents/GitHub/resazurin-assay-development/data/clam/20260330-clam-40C-C-vs-S/plate-C-red-T1.5.txt,plate-C-red-T1.5.txt,c-red,1.5,2026-03-30T12:07:11Z,23.6,"528/20,528/20",B,6,B6,NA,NA,NA,NA,NA,NA,NA,NA,NA,NA,NA,NA,NA,TRUE,FALSE,NA,parsed_table,FALSE,174,-4,185.25,0.9392712550607287,NA,NA,NA,NA,NA
20260330-clam-40C-C-vs-S,/Users/sr320/Documents/GitHub/resazurin-assay-development/data/clam/20260330-clam-40C-C-vs-S/plate-C-red-T2.0.txt,plate-C-red-T2.0.txt,c-red,2,2026-03-30T12:38:27Z,23.9,"528/20,528/20",B,6,B6,NA,NA,NA,NA,NA,NA,NA,NA,NA,NA,NA,NA,NA,TRUE,FALSE,NA,parsed_table,FALSE,176,2,178.5,0.9859943977591037,NA,NA,NA,NA,NA
20260330-clam-40C-C-vs-S,/Users/sr320/Documents/GitHub/resazurin-assay-development/data/clam/20260330-clam-40C-C-vs-S/plate-C-red-T0.0.txt,plate-C-red-T0.0.txt,c-red,0,2026-03-30T10:24:18Z,20.8,"528/20,528/20",C,1,C1,NA,control,NA,control,NA,NA,tweed,31,NA,NA,NA,81.913,NA,FALSE,FALSE,NA,parsed_table,FALSE,320,0,182.75,1.7510259917920656,320,3.9065838145349336,0.012208074420421667,NA,NA
20260330-clam-40C-C-vs-S,/Users/sr320/Documents/GitHub/resazurin-assay-development/data/clam/20260330-clam-40C-C-vs-S/plate-C-red-T0.5.txt,plate-C-red-T0.5.txt,c-red,0.5,2026-03-30T10:58:43Z,21.8,"528/20,528/20",C,1,C1,NA,control,NA,control,NA,NA,tweed,31,NA,NA,NA,81.913,NA,FALSE,FALSE,NA,parsed_table,FALSE,1707,1387,185.5,9.202156334231805,320,20.839183035659786,0.06512244698643682,NA,NA
20260330-clam-40C-C-vs-S,/Users/sr320/Documents/GitHub/resazurin-assay-development/data/clam/20260330-clam-40C-C-vs-S/plate-C-red-T1.0.txt,plate-C-red-T1.0.txt,c-red,1,2026-03-30T11:33:39Z,22.9,"528/20,528/20",C,1,C1,NA,control,NA,control,NA,NA,tweed,31,NA,NA,NA,81.913,NA,FALSE,FALSE,NA,parsed_table,FALSE,3782,2075,188.5,20.06366047745358,320,46.17093745803474,0.14428417955635858,NA,NA
20260330-clam-40C-C-vs-S,/Users/sr320/Documents/GitHub/resazurin-assay-development/data/clam/20260330-clam-40C-C-vs-S/plate-C-red-T1.5.txt,plate-C-red-T1.5.txt,c-red,1.5,2026-03-30T12:07:11Z,23.6,"528/20,528/20",C,1,C1,NA,control,NA,control,NA,NA,tweed,31,NA,NA,NA,81.913,NA,FALSE,FALSE,NA,parsed_table,FALSE,5208,1426,185.25,28.11336032388664,320,63.57965158155604,0.19868641119236263,NA,NA
20260330-clam-40C-C-vs-S,/Users/sr320/Documents/GitHub/resazurin-assay-development/data/clam/20260330-clam-40C-C-vs-S/plate-C-red-T2.0.txt,plate-C-red-T2.0.txt,c-red,2,2026-03-30T12:38:27Z,23.9,"528/20,528/20",C,1,C1,NA,control,NA,control,NA,NA,tweed,31,NA,NA,NA,81.913,NA,FALSE,FALSE,NA,parsed_table,FALSE,5944,736,178.5,33.299719887955185,320,72.56479435498639,0.22676498235933246,NA,NA
20260330-clam-40C-C-vs-S,/Users/sr320/Documents/GitHub/resazurin-assay-development/data/clam/20260330-clam-40C-C-vs-S/plate-C-red-T0.0.txt,plate-C-red-T0.0.txt,c-red,0,2026-03-30T10:24:18Z,20.8,"528/20,528/20",C,2,C2,NA,control,NA,control,NA,NA,tweed,32,NA,NA,NA,102.427,NA,FALSE,FALSE,NA,parsed_table,FALSE,768,0,182.75,4.2024623803009575,768,7.498022982221484,0.00976305075810089,NA,NA
20260330-clam-40C-C-vs-S,/Users/sr320/Documents/GitHub/resazurin-assay-development/data/clam/20260330-clam-40C-C-vs-S/plate-C-red-T0.5.txt,plate-C-red-T0.5.txt,c-red,0.5,2026-03-30T10:58:43Z,21.8,"528/20,528/20",C,2,C2,NA,control,NA,control,NA,NA,tweed,32,NA,NA,NA,102.427,NA,FALSE,FALSE,NA,parsed_table,FALSE,3019,2251,185.5,16.274932614555254,768,29.474650238706587,0.03837845083164921,NA,NA
20260330-clam-40C-C-vs-S,/Users/sr320/Documents/GitHub/resazurin-assay-development/data/clam/20260330-clam-40C-C-vs-S/plate-C-red-T1.0.txt,plate-C-red-T1.0.txt,c-red,1,2026-03-30T11:33:39Z,22.9,"528/20,528/20",C,2,C2,NA,control,NA,control,NA,NA,tweed,32,NA,NA,NA,102.427,NA,FALSE,FALSE,NA,parsed_table,FALSE,5848,2829,188.5,31.02387267904509,768,57.094320833374006,0.07434156358512241,NA,NA
20260330-clam-40C-C-vs-S,/Users/sr320/Documents/GitHub/resazurin-assay-development/data/clam/20260330-clam-40C-C-vs-S/plate-C-red-T1.5.txt,plate-C-red-T1.5.txt,c-red,1.5,2026-03-30T12:07:11Z,23.6,"528/20,528/20",C,2,C2,NA,control,NA,control,NA,NA,tweed,32,NA,NA,NA,102.427,NA,FALSE,FALSE,NA,parsed_table,FALSE,7402,1554,185.25,39.956815114709855,768,72.2661017114628,0.09409648660346719,NA,NA
20260330-clam-40C-C-vs-S,/Users/sr320/Documents/GitHub/resazurin-assay-development/data/clam/20260330-clam-40C-C-vs-S/plate-C-red-T2.0.txt,plate-C-red-T2.0.txt,c-red,2,2026-03-30T12:38:27Z,23.9,"528/20,528/20",C,2,C2,NA,control,NA,control,NA,NA,tweed,32,NA,NA,NA,102.427,NA,FALSE,FALSE,NA,parsed_table,FALSE,7589,187,178.5,42.515406162464984,768,74.09179220322766,0.09647368776461934,NA,NA
20260330-clam-40C-C-vs-S,/Users/sr320/Documents/GitHub/resazurin-assay-development/data/clam/20260330-clam-40C-C-vs-S/plate-C-red-T0.0.txt,plate-C-red-T0.0.txt,c-red,0,2026-03-30T10:24:18Z,20.8,"528/20,528/20",C,3,C3,NA,control,NA,control,NA,NA,tweed,33,NA,NA,NA,66.711,NA,FALSE,FALSE,NA,parsed_table,FALSE,341,0,182.75,1.86593707250342,341,5.111600785477657,0.014990031628966737,NA,NA
20260330-clam-40C-C-vs-S,/Users/sr320/Documents/GitHub/resazurin-assay-development/data/clam/20260330-clam-40C-C-vs-S/plate-C-red-T0.5.txt,plate-C-red-T0.5.txt,c-red,0.5,2026-03-30T10:58:43Z,21.8,"528/20,528/20",C,3,C3,NA,control,NA,control,NA,NA,tweed,33,NA,NA,NA,66.711,NA,FALSE,FALSE,NA,parsed_table,FALSE,2580,2239,185.5,13.908355795148248,341,38.67428160273418,0.11341431555054013,NA,NA
20260330-clam-40C-C-vs-S,/Users/sr320/Documents/GitHub/resazurin-assay-development/data/clam/20260330-clam-40C-C-vs-S/plate-C-red-T1.0.txt,plate-C-red-T1.0.txt,c-red,1,2026-03-30T11:33:39Z,22.9,"528/20,528/20",C,3,C3,NA,control,NA,control,NA,NA,tweed,33,NA,NA,NA,66.711,NA,FALSE,FALSE,NA,parsed_table,FALSE,4853,2273,188.5,25.745358090185675,341,72.74662349537557,0.21333320673130668,NA,NA
20260330-clam-40C-C-vs-S,/Users/sr320/Documents/GitHub/resazurin-assay-development/data/clam/20260330-clam-40C-C-vs-S/plate-C-red-T1.5.txt,plate-C-red-T1.5.txt,c-red,1.5,2026-03-30T12:07:11Z,23.6,"528/20,528/20",C,3,C3,NA,control,NA,control,NA,NA,tweed,33,NA,NA,NA,66.711,NA,FALSE,FALSE,NA,parsed_table,FALSE,7602,2749,185.25,41.036437246963565,341,113.95422044340513,0.33417659954077755,NA,NA
20260330-clam-40C-C-vs-S,/Users/sr320/Documents/GitHub/resazurin-assay-development/data/clam/20260330-clam-40C-C-vs-S/plate-C-red-T2.0.txt,plate-C-red-T2.0.txt,c-red,2,2026-03-30T12:38:27Z,23.9,"528/20,528/20",C,3,C3,NA,control,NA,control,NA,NA,tweed,33,NA,NA,NA,66.711,NA,FALSE,FALSE,NA,parsed_table,FALSE,8066,464,178.5,45.187675070028014,341,120.90959511924571,0.35457359272506067,NA,NA
20260330-clam-40C-C-vs-S,/Users/sr320/Documents/GitHub/resazurin-assay-development/data/clam/20260330-clam-40C-C-vs-S/plate-C-red-T0.0.txt,plate-C-red-T0.0.txt,c-red,0,2026-03-30T10:24:18Z,20.8,"528/20,528/20",C,4,C4,NA,control,NA,control,NA,NA,tweed,34,NA,NA,NA,100.066,NA,FALSE,FALSE,NA,parsed_table,FALSE,419,0,182.75,2.292749658002736,419,4.1872364239601865,0.009993404353126937,NA,NA
20260330-clam-40C-C-vs-S,/Users/sr320/Documents/GitHub/resazurin-assay-development/data/clam/20260330-clam-40C-C-vs-S/plate-C-red-T0.5.txt,plate-C-red-T0.5.txt,c-red,0.5,2026-03-30T10:58:43Z,21.8,"528/20,528/20",C,4,C4,NA,control,NA,control,NA,NA,tweed,34,NA,NA,NA,100.066,NA,FALSE,FALSE,NA,parsed_table,FALSE,3998,3579,185.5,21.552560646900268,419,39.95363060380149,0.0953547269780465,NA,NA
20260330-clam-40C-C-vs-S,/Users/sr320/Documents/GitHub/resazurin-assay-development/data/clam/20260330-clam-40C-C-vs-S/plate-C-red-T1.0.txt,plate-C-red-T1.0.txt,c-red,1,2026-03-30T11:33:39Z,22.9,"528/20,528/20",C,4,C4,NA,control,NA,control,NA,NA,tweed,34,NA,NA,NA,100.066,NA,FALSE,FALSE,NA,parsed_table,FALSE,5993,1995,188.5,31.79310344827586,419,59.89047228828973,0.14293668803887763,NA,NA
20260330-clam-40C-C-vs-S,/Users/sr320/Documents/GitHub/resazurin-assay-development/data/clam/20260330-clam-40C-C-vs-S/plate-C-red-T1.5.txt,plate-C-red-T1.5.txt,c-red,1.5,2026-03-30T12:07:11Z,23.6,"528/20,528/20",C,4,C4,NA,control,NA,control,NA,NA,tweed,34,NA,NA,NA,100.066,NA,FALSE,FALSE,NA,parsed_table,FALSE,6910,917,185.25,37.30094466936572,419,69.05442408010713,0.16480769470192633,NA,NA
20260330-clam-40C-C-vs-S,/Users/sr320/Documents/GitHub/resazurin-assay-development/data/clam/20260330-clam-40C-C-vs-S/plate-C-red-T2.0.txt,plate-C-red-T2.0.txt,c-red,2,2026-03-30T12:38:27Z,23.9,"528/20,528/20",C,4,C4,NA,control,NA,control,NA,NA,tweed,34,NA,NA,NA,100.066,NA,FALSE,FALSE,NA,parsed_table,FALSE,7696,786,178.5,43.11484593837535,419,76.9092399016649,0.18355427184168233,NA,NA
20260330-clam-40C-C-vs-S,/Users/sr320/Documents/GitHub/resazurin-assay-development/data/clam/20260330-clam-40C-C-vs-S/plate-C-red-T0.0.txt,plate-C-red-T0.0.txt,c-red,0,2026-03-30T10:24:18Z,20.8,"528/20,528/20",C,5,C5,NA,control,NA,control,NA,NA,tweed,35,NA,NA,NA,89.189,NA,FALSE,FALSE,NA,parsed_table,FALSE,252,0,182.75,1.3789329685362517,252,2.8254605388556886,0.011212144995459082,NA,NA
20260330-clam-40C-C-vs-S,/Users/sr320/Documents/GitHub/resazurin-assay-development/data/clam/20260330-clam-40C-C-vs-S/plate-C-red-T0.5.txt,plate-C-red-T0.5.txt,c-red,0.5,2026-03-30T10:58:43Z,21.8,"528/20,528/20",C,5,C5,NA,control,NA,control,NA,NA,tweed,35,NA,NA,NA,89.189,NA,FALSE,FALSE,NA,parsed_table,FALSE,1467,1215,185.5,7.908355795148248,252,16.448216708338474,0.06527070122356537,NA,NA
20260330-clam-40C-C-vs-S,/Users/sr320/Documents/GitHub/resazurin-assay-development/data/clam/20260330-clam-40C-C-vs-S/plate-C-red-T1.0.txt,plate-C-red-T1.0.txt,c-red,1,2026-03-30T11:33:39Z,22.9,"528/20,528/20",C,5,C5,NA,control,NA,control,NA,NA,tweed,35,NA,NA,NA,89.189,NA,FALSE,FALSE,NA,parsed_table,FALSE,4293,2826,188.5,22.774535809018566,252,48.13373846550584,0.1910068986726422,NA,NA
20260330-clam-40C-C-vs-S,/Users/sr320/Documents/GitHub/resazurin-assay-development/data/clam/20260330-clam-40C-C-vs-S/plate-C-red-T1.5.txt,plate-C-red-T1.5.txt,c-red,1.5,2026-03-30T12:07:11Z,23.6,"528/20,528/20",C,5,C5,NA,control,NA,control,NA,NA,tweed,35,NA,NA,NA,89.189,NA,FALSE,FALSE,NA,parsed_table,FALSE,5733,1440,185.25,30.94736842105263,252,64.27922725896691,0.2550762986466941,NA,NA
20260330-clam-40C-C-vs-S,/Users/sr320/Documents/GitHub/resazurin-assay-development/data/clam/20260330-clam-40C-C-vs-S/plate-C-red-T2.0.txt,plate-C-red-T2.0.txt,c-red,2,2026-03-30T12:38:27Z,23.9,"528/20,528/20",C,5,C5,NA,control,NA,control,NA,NA,tweed,35,NA,NA,NA,89.189,NA,FALSE,FALSE,NA,parsed_table,FALSE,6895,1162,178.5,38.627450980392155,252,77.30773974369038,0.3067767450146443,NA,NA
20260330-clam-40C-C-vs-S,/Users/sr320/Documents/GitHub/resazurin-assay-development/data/clam/20260330-clam-40C-C-vs-S/plate-C-red-T0.0.txt,plate-C-red-T0.0.txt,c-red,0,2026-03-30T10:24:18Z,20.8,"528/20,528/20",C,6,C6,NA,NA,NA,NA,NA,NA,NA,NA,NA,NA,NA,NA,NA,TRUE,FALSE,NA,parsed_table,FALSE,185,0,182.75,1.012311901504788,NA,NA,NA,NA,NA
20260330-clam-40C-C-vs-S,/Users/sr320/Documents/GitHub/resazurin-assay-development/data/clam/20260330-clam-40C-C-vs-S/plate-C-red-T0.5.txt,plate-C-red-T0.5.txt,c-red,0.5,2026-03-30T10:58:43Z,21.8,"528/20,528/20",C,6,C6,NA,NA,NA,NA,NA,NA,NA,NA,NA,NA,NA,NA,NA,TRUE,FALSE,NA,parsed_table,FALSE,184,-1,185.5,0.9919137466307277,NA,NA,NA,NA,NA
20260330-clam-40C-C-vs-S,/Users/sr320/Documents/GitHub/resazurin-assay-development/data/clam/20260330-clam-40C-C-vs-S/plate-C-red-T1.0.txt,plate-C-red-T1.0.txt,c-red,1,2026-03-30T11:33:39Z,22.9,"528/20,528/20",C,6,C6,NA,NA,NA,NA,NA,NA,NA,NA,NA,NA,NA,NA,NA,TRUE,FALSE,NA,parsed_table,FALSE,178,-6,188.5,0.9442970822281167,NA,NA,NA,NA,NA
20260330-clam-40C-C-vs-S,/Users/sr320/Documents/GitHub/resazurin-assay-development/data/clam/20260330-clam-40C-C-vs-S/plate-C-red-T1.5.txt,plate-C-red-T1.5.txt,c-red,1.5,2026-03-30T12:07:11Z,23.6,"528/20,528/20",C,6,C6,NA,NA,NA,NA,NA,NA,NA,NA,NA,NA,NA,NA,NA,TRUE,FALSE,NA,parsed_table,FALSE,165,-13,185.25,0.8906882591093117,NA,NA,NA,NA,NA
20260330-clam-40C-C-vs-S,/Users/sr320/Documents/GitHub/resazurin-assay-development/data/clam/20260330-clam-40C-C-vs-S/plate-C-red-T2.0.txt,plate-C-red-T2.0.txt,c-red,2,2026-03-30T12:38:27Z,23.9,"528/20,528/20",C,6,C6,NA,NA,NA,NA,NA,NA,NA,NA,NA,NA,NA,NA,NA,TRUE,FALSE,NA,parsed_table,FALSE,149,-16,178.5,0.834733893557423,NA,NA,NA,NA,NA
20260330-clam-40C-C-vs-S,/Users/sr320/Documents/GitHub/resazurin-assay-development/data/clam/20260330-clam-40C-C-vs-S/plate-C-red-T0.0.txt,plate-C-red-T0.0.txt,c-red,0,2026-03-30T10:24:18Z,20.8,"528/20,528/20",D,1,D1,NA,control,NA,control,NA,NA,tweed,36,NA,NA,NA,56.825,NA,FALSE,FALSE,NA,parsed_table,FALSE,368,0,182.75,2.0136798905608755,368,6.476022877254729,0.01759788825340959,NA,NA
20260330-clam-40C-C-vs-S,/Users/sr320/Documents/GitHub/resazurin-assay-development/data/clam/20260330-clam-40C-C-vs-S/plate-C-red-T0.5.txt,plate-C-red-T0.5.txt,c-red,0.5,2026-03-30T10:58:43Z,21.8,"528/20,528/20",D,1,D1,NA,control,NA,control,NA,NA,tweed,36,NA,NA,NA,56.825,NA,FALSE,FALSE,NA,parsed_table,FALSE,1445,1077,185.5,7.789757412398922,368,25.428948526176857,0.06910040360374146,NA,NA
20260330-clam-40C-C-vs-S,/Users/sr320/Documents/GitHub/resazurin-assay-development/data/clam/20260330-clam-40C-C-vs-S/plate-C-red-T1.0.txt,plate-C-red-T1.0.txt,c-red,1,2026-03-30T11:33:39Z,22.9,"528/20,528/20",D,1,D1,NA,control,NA,control,NA,NA,tweed,36,NA,NA,NA,56.825,NA,FALSE,FALSE,NA,parsed_table,FALSE,2923,1478,188.5,15.506631299734748,368,51.43862736471623,0.139778878708468,NA,NA
20260330-clam-40C-C-vs-S,/Users/sr320/Documents/GitHub/resazurin-assay-development/data/clam/20260330-clam-40C-C-vs-S/plate-C-red-T1.5.txt,plate-C-red-T1.5.txt,c-red,1.5,2026-03-30T12:07:11Z,23.6,"528/20,528/20",D,1,D1,NA,control,NA,control,NA,NA,tweed,36,NA,NA,NA,56.825,NA,FALSE,FALSE,NA,parsed_table,FALSE,3423,500,185.25,18.477732793522268,368,60.23757149142103,0.163689052965818,NA,NA
20260330-clam-40C-C-vs-S,/Users/sr320/Documents/GitHub/resazurin-assay-development/data/clam/20260330-clam-40C-C-vs-S/plate-C-red-T2.0.txt,plate-C-red-T2.0.txt,c-red,2,2026-03-30T12:38:27Z,23.9,"528/20,528/20",D,1,D1,NA,control,NA,control,NA,NA,tweed,36,NA,NA,NA,56.825,NA,FALSE,FALSE,NA,parsed_table,FALSE,3426,3,178.5,19.19327731092437,368,60.29036515618125,0.16383251401136212,NA,NA
20260330-clam-40C-C-vs-S,/Users/sr320/Documents/GitHub/resazurin-assay-development/data/clam/20260330-clam-40C-C-vs-S/plate-C-red-T0.0.txt,plate-C-red-T0.0.txt,c-red,0,2026-03-30T10:24:18Z,20.8,"528/20,528/20",D,2,D2,NA,control,NA,control,NA,NA,tweed,37,NA,NA,NA,89.18,NA,FALSE,FALSE,NA,parsed_table,FALSE,516,0,182.75,2.823529411764706,516,5.786050684009867,0.011213276519398968,NA,NA
20260330-clam-40C-C-vs-S,/Users/sr320/Documents/GitHub/resazurin-assay-development/data/clam/20260330-clam-40C-C-vs-S/plate-C-red-T0.5.txt,plate-C-red-T0.5.txt,c-red,0.5,2026-03-30T10:58:43Z,21.8,"528/20,528/20",D,2,D2,NA,control,NA,control,NA,NA,tweed,37,NA,NA,NA,89.18,NA,FALSE,FALSE,NA,parsed_table,FALSE,3357,2841,185.5,18.097035040431265,516,37.642969275622335,0.07295149084422932,NA,NA
20260330-clam-40C-C-vs-S,/Users/sr320/Documents/GitHub/resazurin-assay-development/data/clam/20260330-clam-40C-C-vs-S/plate-C-red-T1.0.txt,plate-C-red-T1.0.txt,c-red,1,2026-03-30T11:33:39Z,22.9,"528/20,528/20",D,2,D2,NA,control,NA,control,NA,NA,tweed,37,NA,NA,NA,89.18,NA,FALSE,FALSE,NA,parsed_table,FALSE,7534,4177,188.5,39.96816976127321,516,84.48082529715182,0.16372252964564307,NA,NA
20260330-clam-40C-C-vs-S,/Users/sr320/Documents/GitHub/resazurin-assay-development/data/clam/20260330-clam-40C-C-vs-S/plate-C-red-T1.5.txt,plate-C-red-T1.5.txt,c-red,1.5,2026-03-30T12:07:11Z,23.6,"528/20,528/20",D,2,D2,NA,control,NA,control,NA,NA,tweed,37,NA,NA,NA,89.18,NA,FALSE,FALSE,NA,parsed_table,FALSE,8132,598,185.25,43.8974358974359,516,91.1863646557524,0.17671776096076047,NA,NA
20260330-clam-40C-C-vs-S,/Users/sr320/Documents/GitHub/resazurin-assay-development/data/clam/20260330-clam-40C-C-vs-S/plate-C-red-T2.0.txt,plate-C-red-T2.0.txt,c-red,2,2026-03-30T12:38:27Z,23.9,"528/20,528/20",D,2,D2,NA,control,NA,control,NA,NA,tweed,37,NA,NA,NA,89.18,NA,FALSE,FALSE,NA,parsed_table,FALSE,7625,-507,178.5,42.71708683473389,516,85.50123346041713,0.16570006484576963,NA,NA
20260330-clam-40C-C-vs-S,/Users/sr320/Documents/GitHub/resazurin-assay-development/data/clam/20260330-clam-40C-C-vs-S/plate-C-red-T0.0.txt,plate-C-red-T0.0.txt,c-red,0,2026-03-30T10:24:18Z,20.8,"528/20,528/20",D,3,D3,NA,control,NA,control,NA,NA,tweed,38,NA,NA,NA,70.575,NA,FALSE,FALSE,NA,parsed_table,FALSE,434,0,182.75,2.374829001367989,434,6.149486362026213,0.014169323414806942,NA,NA
20260330-clam-40C-C-vs-S,/Users/sr320/Documents/GitHub/resazurin-assay-development/data/clam/20260330-clam-40C-C-vs-S/plate-C-red-T0.5.txt,plate-C-red-T0.5.txt,c-red,0.5,2026-03-30T10:58:43Z,21.8,"528/20,528/20",D,3,D3,NA,control,NA,control,NA,NA,tweed,38,NA,NA,NA,70.575,NA,FALSE,FALSE,NA,parsed_table,FALSE,2539,2105,185.5,13.68733153638814,434,35.97591215019483,0.08289380679768393,NA,NA
20260330-clam-40C-C-vs-S,/Users/sr320/Documents/GitHub/resazurin-assay-development/data/clam/20260330-clam-40C-C-vs-S/plate-C-red-T1.0.txt,plate-C-red-T1.0.txt,c-red,1,2026-03-30T11:33:39Z,22.9,"528/20,528/20",D,3,D3,NA,control,NA,control,NA,NA,tweed,38,NA,NA,NA,70.575,NA,FALSE,FALSE,NA,parsed_table,FALSE,5685,3146,188.5,30.159151193633953,434,80.55260361317747,0.1856050774497177,NA,NA
20260330-clam-40C-C-vs-S,/Users/sr320/Documents/GitHub/resazurin-assay-development/data/clam/20260330-clam-40C-C-vs-S/plate-C-red-T1.5.txt,plate-C-red-T1.5.txt,c-red,1.5,2026-03-30T12:07:11Z,23.6,"528/20,528/20",D,3,D3,NA,control,NA,control,NA,NA,tweed,38,NA,NA,NA,70.575,NA,FALSE,FALSE,NA,parsed_table,FALSE,7955,2270,185.25,42.94197031039136,434,112.71696776478923,0.259716515587072,NA,NA
20260330-clam-40C-C-vs-S,/Users/sr320/Documents/GitHub/resazurin-assay-development/data/clam/20260330-clam-40C-C-vs-S/plate-C-red-T2.0.txt,plate-C-red-T2.0.txt,c-red,2,2026-03-30T12:38:27Z,23.9,"528/20,528/20",D,3,D3,NA,control,NA,control,NA,NA,tweed,38,NA,NA,NA,70.575,NA,FALSE,FALSE,NA,parsed_table,FALSE,7892,-63,178.5,44.212885154061624,434,111.82430038965639,0.2576596783171806,NA,NA
20260330-clam-40C-C-vs-S,/Users/sr320/Documents/GitHub/resazurin-assay-development/data/clam/20260330-clam-40C-C-vs-S/plate-C-red-T0.0.txt,plate-C-red-T0.0.txt,c-red,0,2026-03-30T10:24:18Z,20.8,"528/20,528/20",D,4,D4,NA,control,NA,control,NA,NA,tweed,39,NA,NA,NA,79.301,NA,FALSE,FALSE,NA,parsed_table,FALSE,313,0,182.75,1.7127222982216141,313,3.9469867971400108,0.012610181460511216,NA,NA
20260330-clam-40C-C-vs-S,/Users/sr320/Documents/GitHub/resazurin-assay-development/data/clam/20260330-clam-40C-C-vs-S/plate-C-red-T0.5.txt,plate-C-red-T0.5.txt,c-red,0.5,2026-03-30T10:58:43Z,21.8,"528/20,528/20",D,4,D4,NA,control,NA,control,NA,NA,tweed,39,NA,NA,NA,79.301,NA,FALSE,FALSE,NA,parsed_table,FALSE,2424,2111,185.5,13.067385444743936,313,30.56707986027919,0.09765840210951818,NA,NA
20260330-clam-40C-C-vs-S,/Users/sr320/Documents/GitHub/resazurin-assay-development/data/clam/20260330-clam-40C-C-vs-S/plate-C-red-T1.0.txt,plate-C-red-T1.0.txt,c-red,1,2026-03-30T11:33:39Z,22.9,"528/20,528/20",D,4,D4,NA,control,NA,control,NA,NA,tweed,39,NA,NA,NA,79.301,NA,FALSE,FALSE,NA,parsed_table,FALSE,5307,2883,188.5,28.153846153846153,313,66.92223301093303,0.21380905115314064,NA,NA
20260330-clam-40C-C-vs-S,/Users/sr320/Documents/GitHub/resazurin-assay-development/data/clam/20260330-clam-40C-C-vs-S/plate-C-red-T1.5.txt,plate-C-red-T1.5.txt,c-red,1.5,2026-03-30T12:07:11Z,23.6,"528/20,528/20",D,4,D4,NA,control,NA,control,NA,NA,tweed,39,NA,NA,NA,79.301,NA,FALSE,FALSE,NA,parsed_table,FALSE,6517,1210,185.25,35.17948717948718,313,82.18055257815159,0.26255767596853546,NA,NA
20260330-clam-40C-C-vs-S,/Users/sr320/Documents/GitHub/resazurin-assay-development/data/clam/20260330-clam-40C-C-vs-S/plate-C-red-T2.0.txt,plate-C-red-T2.0.txt,c-red,2,2026-03-30T12:38:27Z,23.9,"528/20,528/20",D,4,D4,NA,control,NA,control,NA,NA,tweed,39,NA,NA,NA,79.301,NA,FALSE,FALSE,NA,parsed_table,FALSE,6546,29,178.5,36.67226890756302,313,82.54624784050642,0.26372603143931767,NA,NA
20260330-clam-40C-C-vs-S,/Users/sr320/Documents/GitHub/resazurin-assay-development/data/clam/20260330-clam-40C-C-vs-S/plate-C-red-T0.0.txt,plate-C-red-T0.0.txt,c-red,0,2026-03-30T10:24:18Z,20.8,"528/20,528/20",D,5,D5,NA,control,NA,control,NA,NA,tweed,40,NA,NA,NA,66.713,NA,FALSE,FALSE,NA,parsed_table,FALSE,293,0,182.75,1.60328317373461,293,4.391947596420488,0.014989582240342964,NA,NA
20260330-clam-40C-C-vs-S,/Users/sr320/Documents/GitHub/resazurin-assay-development/data/clam/20260330-clam-40C-C-vs-S/plate-C-red-T0.5.txt,plate-C-red-T0.5.txt,c-red,0.5,2026-03-30T10:58:43Z,21.8,"528/20,528/20",D,5,D5,NA,control,NA,control,NA,NA,tweed,40,NA,NA,NA,66.713,NA,FALSE,FALSE,NA,parsed_table,FALSE,2482,2189,185.5,13.380053908355794,293,37.204143120531235,0.12697659768099398,NA,NA
20260330-clam-40C-C-vs-S,/Users/sr320/Documents/GitHub/resazurin-assay-development/data/clam/20260330-clam-40C-C-vs-S/plate-C-red-T1.0.txt,plate-C-red-T1.0.txt,c-red,1,2026-03-30T11:33:39Z,22.9,"528/20,528/20",D,5,D5,NA,control,NA,control,NA,NA,tweed,40,NA,NA,NA,66.713,NA,FALSE,FALSE,NA,parsed_table,FALSE,4127,1645,188.5,21.893899204244033,293,61.86200590589541,0.21113312595868738,NA,NA
20260330-clam-40C-C-vs-S,/Users/sr320/Documents/GitHub/resazurin-assay-development/data/clam/20260330-clam-40C-C-vs-S/plate-C-red-T1.5.txt,plate-C-red-T1.5.txt,c-red,1.5,2026-03-30T12:07:11Z,23.6,"528/20,528/20",D,5,D5,NA,control,NA,control,NA,NA,tweed,40,NA,NA,NA,66.713,NA,FALSE,FALSE,NA,parsed_table,FALSE,6445,2318,185.25,34.790823211875846,293,96.6078575390104,0.32971965030378975,NA,NA
20260330-clam-40C-C-vs-S,/Users/sr320/Documents/GitHub/resazurin-assay-development/data/clam/20260330-clam-40C-C-vs-S/plate-C-red-T2.0.txt,plate-C-red-T2.0.txt,c-red,2,2026-03-30T12:38:27Z,23.9,"528/20,528/20",D,5,D5,NA,control,NA,control,NA,NA,tweed,40,NA,NA,NA,66.713,NA,FALSE,FALSE,NA,parsed_table,FALSE,6441,-4,178.5,36.08403361344538,293,96.54789921004902,0.329515014368768,NA,NA
20260330-clam-40C-C-vs-S,/Users/sr320/Documents/GitHub/resazurin-assay-development/data/clam/20260330-clam-40C-C-vs-S/plate-C-red-T0.0.txt,plate-C-red-T0.0.txt,c-red,0,2026-03-30T10:24:18Z,20.8,"528/20,528/20",D,6,D6,NA,NA,NA,NA,NA,NA,NA,NA,NA,NA,NA,NA,NA,TRUE,FALSE,NA,parsed_table,FALSE,181,0,182.75,0.9904240766073872,NA,NA,NA,NA,NA
20260330-clam-40C-C-vs-S,/Users/sr320/Documents/GitHub/resazurin-assay-development/data/clam/20260330-clam-40C-C-vs-S/plate-C-red-T0.5.txt,plate-C-red-T0.5.txt,c-red,0.5,2026-03-30T10:58:43Z,21.8,"528/20,528/20",D,6,D6,NA,NA,NA,NA,NA,NA,NA,NA,NA,NA,NA,NA,NA,TRUE,FALSE,NA,parsed_table,FALSE,198,17,185.5,1.0673854447439353,NA,NA,NA,NA,NA
20260330-clam-40C-C-vs-S,/Users/sr320/Documents/GitHub/resazurin-assay-development/data/clam/20260330-clam-40C-C-vs-S/plate-C-red-T1.0.txt,plate-C-red-T1.0.txt,c-red,1,2026-03-30T11:33:39Z,22.9,"528/20,528/20",D,6,D6,NA,NA,NA,NA,NA,NA,NA,NA,NA,NA,NA,NA,NA,TRUE,FALSE,NA,parsed_table,FALSE,216,18,188.5,1.1458885941644563,NA,NA,NA,NA,NA
20260330-clam-40C-C-vs-S,/Users/sr320/Documents/GitHub/resazurin-assay-development/data/clam/20260330-clam-40C-C-vs-S/plate-C-red-T1.5.txt,plate-C-red-T1.5.txt,c-red,1.5,2026-03-30T12:07:11Z,23.6,"528/20,528/20",D,6,D6,NA,NA,NA,NA,NA,NA,NA,NA,NA,NA,NA,NA,NA,TRUE,FALSE,NA,parsed_table,FALSE,222,6,185.25,1.1983805668016194,NA,NA,NA,NA,NA
20260330-clam-40C-C-vs-S,/Users/sr320/Documents/GitHub/resazurin-assay-development/data/clam/20260330-clam-40C-C-vs-S/plate-C-red-T2.0.txt,plate-C-red-T2.0.txt,c-red,2,2026-03-30T12:38:27Z,23.9,"528/20,528/20",D,6,D6,NA,NA,NA,NA,NA,NA,NA,NA,NA,NA,NA,NA,NA,TRUE,FALSE,NA,parsed_table,FALSE,212,-10,178.5,1.1876750700280112,NA,NA,NA,NA,NA
20260330-clam-40C-C-vs-S,/Users/sr320/Documents/GitHub/resazurin-assay-development/data/clam/20260330-clam-40C-C-vs-S/plate-S-blue-T0.0.txt,plate-S-blue-T0.0.txt,s-blue,0,2026-03-30T10:25:23Z,20.8,"528/20,528/20",A,1,A1,NA,selected,NA,selected,NA,NA,blue,41,NA,NA,NA,89.469,NA,FALSE,FALSE,NA,parsed_table,FALSE,582,0,186.5,3.1206434316353886,582,6.5050464406666,0.011177055739976976,NA,NA
20260330-clam-40C-C-vs-S,/Users/sr320/Documents/GitHub/resazurin-assay-development/data/clam/20260330-clam-40C-C-vs-S/plate-S-blue-T0.5.txt,plate-S-blue-T0.5.txt,s-blue,0.5,2026-03-30T11:00:12Z,21.9,"528/20,528/20",A,1,A1,NA,selected,NA,selected,NA,NA,blue,41,NA,NA,NA,89.469,NA,FALSE,FALSE,NA,parsed_table,FALSE,4692,4110,181.5,25.85123966942149,582,52.44274553197197,0.0901078101923917,NA,NA
20260330-clam-40C-C-vs-S,/Users/sr320/Documents/GitHub/resazurin-assay-development/data/clam/20260330-clam-40C-C-vs-S/plate-S-blue-T1.0.txt,plate-S-blue-T1.0.txt,s-blue,1,2026-03-30T11:34:52Z,22.9,"528/20,528/20",A,1,A1,NA,selected,NA,selected,NA,NA,blue,41,NA,NA,NA,89.469,NA,FALSE,FALSE,NA,parsed_table,FALSE,7428,2736,181.25,40.98206896551724,582,83.02317003654898,0.14265149490815976,NA,NA
20260330-clam-40C-C-vs-S,/Users/sr320/Documents/GitHub/resazurin-assay-development/data/clam/20260330-clam-40C-C-vs-S/plate-S-blue-T1.5.txt,plate-S-blue-T1.5.txt,s-blue,1.5,2026-03-30T12:08:24Z,23.6,"528/20,528/20",A,1,A1,NA,selected,NA,selected,NA,NA,blue,41,NA,NA,NA,89.469,NA,FALSE,FALSE,NA,parsed_table,FALSE,9132,1704,177,51.59322033898305,582,102.06887301746974,0.17537607047675213,NA,NA
20260330-clam-40C-C-vs-S,/Users/sr320/Documents/GitHub/resazurin-assay-development/data/clam/20260330-clam-40C-C-vs-S/plate-S-blue-T2.0.txt,plate-S-blue-T2.0.txt,s-blue,2,2026-03-30T12:39:40Z,24,"528/20,528/20",A,1,A1,NA,selected,NA,selected,NA,NA,blue,41,NA,NA,NA,89.469,NA,FALSE,FALSE,NA,parsed_table,FALSE,9956,824,174.5,57.05444126074499,582,111.27876694721077,0.1912006304934893,NA,NA
20260330-clam-40C-C-vs-S,/Users/sr320/Documents/GitHub/resazurin-assay-development/data/clam/20260330-clam-40C-C-vs-S/plate-S-blue-T0.0.txt,plate-S-blue-T0.0.txt,s-blue,0,2026-03-30T10:25:23Z,20.8,"528/20,528/20",A,2,A2,NA,selected,NA,selected,NA,NA,blue,42,NA,NA,NA,87.414,NA,FALSE,FALSE,NA,parsed_table,FALSE,285,0,186.5,1.5281501340482573,285,3.260347312787425,0.011439815132587457,NA,NA
20260330-clam-40C-C-vs-S,/Users/sr320/Documents/GitHub/resazurin-assay-development/data/clam/20260330-clam-40C-C-vs-S/plate-S-blue-T0.5.txt,plate-S-blue-T0.5.txt,s-blue,0.5,2026-03-30T11:00:12Z,21.9,"528/20,528/20",A,2,A2,NA,selected,NA,selected,NA,NA,blue,42,NA,NA,NA,87.414,NA,FALSE,FALSE,NA,parsed_table,FALSE,3390,3105,181.5,18.677685950413224,285,38.780973299471476,0.13607359052446133,NA,NA
20260330-clam-40C-C-vs-S,/Users/sr320/Documents/GitHub/resazurin-assay-development/data/clam/20260330-clam-40C-C-vs-S/plate-S-blue-T1.0.txt,plate-S-blue-T1.0.txt,s-blue,1,2026-03-30T11:34:52Z,22.9,"528/20,528/20",A,2,A2,NA,selected,NA,selected,NA,NA,blue,42,NA,NA,NA,87.414,NA,FALSE,FALSE,NA,parsed_table,FALSE,5960,2570,181.25,32.88275862068966,285,68.18129819022124,0.23923262522884647,NA,NA
20260330-clam-40C-C-vs-S,/Users/sr320/Documents/GitHub/resazurin-assay-development/data/clam/20260330-clam-40C-C-vs-S/plate-S-blue-T1.5.txt,plate-S-blue-T1.5.txt,s-blue,1.5,2026-03-30T12:08:24Z,23.6,"528/20,528/20",A,2,A2,NA,selected,NA,selected,NA,NA,blue,42,NA,NA,NA,87.414,NA,FALSE,FALSE,NA,parsed_table,FALSE,7676,1716,177,43.367231638418076,285,87.81202095774132,0.30811235423768885,NA,NA
20260330-clam-40C-C-vs-S,/Users/sr320/Documents/GitHub/resazurin-assay-development/data/clam/20260330-clam-40C-C-vs-S/plate-S-blue-T2.0.txt,plate-S-blue-T2.0.txt,s-blue,2,2026-03-30T12:39:40Z,24,"528/20,528/20",A,2,A2,NA,selected,NA,selected,NA,NA,blue,42,NA,NA,NA,87.414,NA,FALSE,FALSE,NA,parsed_table,FALSE,8562,886,174.5,49.06590257879656,285,97.94769716521381,0.343676130404259,NA,NA
20260330-clam-40C-C-vs-S,/Users/sr320/Documents/GitHub/resazurin-assay-development/data/clam/20260330-clam-40C-C-vs-S/plate-S-blue-T0.0.txt,plate-S-blue-T0.0.txt,s-blue,0,2026-03-30T10:25:23Z,20.8,"528/20,528/20",A,3,A3,NA,selected,NA,selected,NA,NA,blue,43,NA,NA,NA,62.206,NA,FALSE,FALSE,NA,parsed_table,FALSE,419,0,186.5,2.246648793565684,419,6.735684660643668,0.01607561971514002,NA,NA
20260330-clam-40C-C-vs-S,/Users/sr320/Documents/GitHub/resazurin-assay-development/data/clam/20260330-clam-40C-C-vs-S/plate-S-blue-T0.5.txt,plate-S-blue-T0.5.txt,s-blue,0.5,2026-03-30T11:00:12Z,21.9,"528/20,528/20",A,3,A3,NA,selected,NA,selected,NA,NA,blue,43,NA,NA,NA,62.206,NA,FALSE,FALSE,NA,parsed_table,FALSE,1190,771,181.5,6.556473829201102,419,19.129987461016622,0.045656294656364255,NA,NA
20260330-clam-40C-C-vs-S,/Users/sr320/Documents/GitHub/resazurin-assay-development/data/clam/20260330-clam-40C-C-vs-S/plate-S-blue-T1.0.txt,plate-S-blue-T1.0.txt,s-blue,1,2026-03-30T11:34:52Z,22.9,"528/20,528/20",A,3,A3,NA,selected,NA,selected,NA,NA,blue,43,NA,NA,NA,62.206,NA,FALSE,FALSE,NA,parsed_table,FALSE,2163,973,181.25,11.933793103448275,419,34.771565443847855,0.08298702969892091,NA,NA
20260330-clam-40C-C-vs-S,/Users/sr320/Documents/GitHub/resazurin-assay-development/data/clam/20260330-clam-40C-C-vs-S/plate-S-blue-T1.5.txt,plate-S-blue-T1.5.txt,s-blue,1.5,2026-03-30T12:08:24Z,23.6,"528/20,528/20",A,3,A3,NA,selected,NA,selected,NA,NA,blue,43,NA,NA,NA,62.206,NA,FALSE,FALSE,NA,parsed_table,FALSE,3417,1254,177,19.305084745762713,419,54.930392566633444,0.13109878894184593,NA,NA
20260330-clam-40C-C-vs-S,/Users/sr320/Documents/GitHub/resazurin-assay-development/data/clam/20260330-clam-40C-C-vs-S/plate-S-blue-T2.0.txt,plate-S-blue-T2.0.txt,s-blue,2,2026-03-30T12:39:40Z,24,"528/20,528/20",A,3,A3,NA,selected,NA,selected,NA,NA,blue,43,NA,NA,NA,62.206,NA,FALSE,FALSE,NA,parsed_table,FALSE,4952,1535,174.5,28.378223495702006,419,79.60646882937337,0.1899915723851393,NA,NA
20260330-clam-40C-C-vs-S,/Users/sr320/Documents/GitHub/resazurin-assay-development/data/clam/20260330-clam-40C-C-vs-S/plate-S-blue-T0.0.txt,plate-S-blue-T0.0.txt,s-blue,0,2026-03-30T10:25:23Z,20.8,"528/20,528/20",A,4,A4,NA,selected,NA,selected,NA,NA,blue,44,NA,NA,NA,66.663,NA,FALSE,FALSE,NA,parsed_table,FALSE,336,0,186.5,1.801608579088472,336,5.040277215246839,0.015000825045377496,NA,NA
20260330-clam-40C-C-vs-S,/Users/sr320/Documents/GitHub/resazurin-assay-development/data/clam/20260330-clam-40C-C-vs-S/plate-S-blue-T0.5.txt,plate-S-blue-T0.5.txt,s-blue,0.5,2026-03-30T11:00:12Z,21.9,"528/20,528/20",A,4,A4,NA,selected,NA,selected,NA,NA,blue,44,NA,NA,NA,66.663,NA,FALSE,FALSE,NA,parsed_table,FALSE,3511,3175,181.5,19.34435261707989,336,52.667896734320394,0.15674969266166783,NA,NA
20260330-clam-40C-C-vs-S,/Users/sr320/Documents/GitHub/resazurin-assay-development/data/clam/20260330-clam-40C-C-vs-S/plate-S-blue-T1.0.txt,plate-S-blue-T1.0.txt,s-blue,1,2026-03-30T11:34:52Z,22.9,"528/20,528/20",A,4,A4,NA,selected,NA,selected,NA,NA,blue,44,NA,NA,NA,66.663,NA,FALSE,FALSE,NA,parsed_table,FALSE,6903,3392,181.25,38.08551724137931,336,103.55069528824086,0.3081865931197645,NA,NA
20260330-clam-40C-C-vs-S,/Users/sr320/Documents/GitHub/resazurin-assay-development/data/clam/20260330-clam-40C-C-vs-S/plate-S-blue-T1.5.txt,plate-S-blue-T1.5.txt,s-blue,1.5,2026-03-30T12:08:24Z,23.6,"528/20,528/20",A,4,A4,NA,selected,NA,selected,NA,NA,blue,44,NA,NA,NA,66.663,NA,FALSE,FALSE,NA,parsed_table,FALSE,9463,2560,177,53.463276836158194,336,141.95280740440725,0.42247859346549776,NA,NA
20260330-clam-40C-C-vs-S,/Users/sr320/Documents/GitHub/resazurin-assay-development/data/clam/20260330-clam-40C-C-vs-S/plate-S-blue-T2.0.txt,plate-S-blue-T2.0.txt,s-blue,2,2026-03-30T12:39:40Z,24,"528/20,528/20",A,4,A4,NA,selected,NA,selected,NA,NA,blue,44,NA,NA,NA,66.663,NA,FALSE,FALSE,NA,parsed_table,FALSE,9984,521,174.5,57.21489971346705,336,149.76823725304894,0.4457388013483599,NA,NA
20260330-clam-40C-C-vs-S,/Users/sr320/Documents/GitHub/resazurin-assay-development/data/clam/20260330-clam-40C-C-vs-S/plate-S-blue-T0.0.txt,plate-S-blue-T0.0.txt,s-blue,0,2026-03-30T10:25:23Z,20.8,"528/20,528/20",A,5,A5,NA,selected,NA,selected,NA,NA,blue,45,NA,NA,NA,101.939,NA,FALSE,FALSE,NA,parsed_table,FALSE,398,0,186.5,2.1340482573726542,398,3.904295706255702,0.009809788206672618,NA,NA
20260330-clam-40C-C-vs-S,/Users/sr320/Documents/GitHub/resazurin-assay-development/data/clam/20260330-clam-40C-C-vs-S/plate-S-blue-T0.5.txt,plate-S-blue-T0.5.txt,s-blue,0.5,2026-03-30T11:00:12Z,21.9,"528/20,528/20",A,5,A5,NA,selected,NA,selected,NA,NA,blue,45,NA,NA,NA,101.939,NA,FALSE,FALSE,NA,parsed_table,FALSE,7103,6705,181.5,39.13498622589532,398,69.67892563199561,0.17507267746732566,NA,NA
20260330-clam-40C-C-vs-S,/Users/sr320/Documents/GitHub/resazurin-assay-development/data/clam/20260330-clam-40C-C-vs-S/plate-S-blue-T1.0.txt,plate-S-blue-T1.0.txt,s-blue,1,2026-03-30T11:34:52Z,22.9,"528/20,528/20",A,5,A5,NA,selected,NA,selected,NA,NA,blue,45,NA,NA,NA,101.939,NA,FALSE,FALSE,NA,parsed_table,FALSE,9956,2853,181.25,54.929655172413796,398,97.66625138563259,0.2453925914211874,NA,NA
20260330-clam-40C-C-vs-S,/Users/sr320/Documents/GitHub/resazurin-assay-development/data/clam/20260330-clam-40C-C-vs-S/plate-S-blue-T1.5.txt,plate-S-blue-T1.5.txt,s-blue,1.5,2026-03-30T12:08:24Z,23.6,"528/20,528/20",A,5,A5,NA,selected,NA,selected,NA,NA,blue,45,NA,NA,NA,101.939,NA,FALSE,FALSE,NA,parsed_table,FALSE,10529,573,177,59.48587570621469,398,103.287260028056,0.25951572871370854,NA,NA
20260330-clam-40C-C-vs-S,/Users/sr320/Documents/GitHub/resazurin-assay-development/data/clam/20260330-clam-40C-C-vs-S/plate-S-blue-T2.0.txt,plate-S-blue-T2.0.txt,s-blue,2,2026-03-30T12:39:40Z,24,"528/20,528/20",A,5,A5,NA,selected,NA,selected,NA,NA,blue,45,NA,NA,NA,101.939,NA,FALSE,FALSE,NA,parsed_table,FALSE,10262,-267,174.5,58.808022922636106,398,100.66804657687442,0.25293479039415684,NA,NA
20260330-clam-40C-C-vs-S,/Users/sr320/Documents/GitHub/resazurin-assay-development/data/clam/20260330-clam-40C-C-vs-S/plate-S-blue-T0.0.txt,plate-S-blue-T0.0.txt,s-blue,0,2026-03-30T10:25:23Z,20.8,"528/20,528/20",A,6,A6,NA,NA,NA,NA,NA,NA,NA,NA,NA,NA,NA,NA,NA,TRUE,FALSE,NA,parsed_table,FALSE,182,0,186.5,0.9758713136729222,NA,NA,NA,NA,NA
20260330-clam-40C-C-vs-S,/Users/sr320/Documents/GitHub/resazurin-assay-development/data/clam/20260330-clam-40C-C-vs-S/plate-S-blue-T0.5.txt,plate-S-blue-T0.5.txt,s-blue,0.5,2026-03-30T11:00:12Z,21.9,"528/20,528/20",A,6,A6,NA,NA,NA,NA,NA,NA,NA,NA,NA,NA,NA,NA,NA,TRUE,FALSE,NA,parsed_table,FALSE,180,-2,181.5,0.9917355371900827,NA,NA,NA,NA,NA
20260330-clam-40C-C-vs-S,/Users/sr320/Documents/GitHub/resazurin-assay-development/data/clam/20260330-clam-40C-C-vs-S/plate-S-blue-T1.0.txt,plate-S-blue-T1.0.txt,s-blue,1,2026-03-30T11:34:52Z,22.9,"528/20,528/20",A,6,A6,NA,NA,NA,NA,NA,NA,NA,NA,NA,NA,NA,NA,NA,TRUE,FALSE,NA,parsed_table,FALSE,180,0,181.25,0.993103448275862,NA,NA,NA,NA,NA
20260330-clam-40C-C-vs-S,/Users/sr320/Documents/GitHub/resazurin-assay-development/data/clam/20260330-clam-40C-C-vs-S/plate-S-blue-T1.5.txt,plate-S-blue-T1.5.txt,s-blue,1.5,2026-03-30T12:08:24Z,23.6,"528/20,528/20",A,6,A6,NA,NA,NA,NA,NA,NA,NA,NA,NA,NA,NA,NA,NA,TRUE,FALSE,NA,parsed_table,FALSE,179,-1,177,1.0112994350282485,NA,NA,NA,NA,NA
20260330-clam-40C-C-vs-S,/Users/sr320/Documents/GitHub/resazurin-assay-development/data/clam/20260330-clam-40C-C-vs-S/plate-S-blue-T2.0.txt,plate-S-blue-T2.0.txt,s-blue,2,2026-03-30T12:39:40Z,24,"528/20,528/20",A,6,A6,NA,NA,NA,NA,NA,NA,NA,NA,NA,NA,NA,NA,NA,TRUE,FALSE,NA,parsed_table,FALSE,179,0,174.5,1.0257879656160458,NA,NA,NA,NA,NA
20260330-clam-40C-C-vs-S,/Users/sr320/Documents/GitHub/resazurin-assay-development/data/clam/20260330-clam-40C-C-vs-S/plate-S-blue-T0.0.txt,plate-S-blue-T0.0.txt,s-blue,0,2026-03-30T10:25:23Z,20.8,"528/20,528/20",B,1,B1,NA,selected,NA,selected,NA,NA,blue,46,NA,NA,NA,100.608,NA,FALSE,FALSE,NA,parsed_table,FALSE,389,0,186.5,2.0857908847184987,389,3.8664917302798982,0.009939567430025446,NA,NA
20260330-clam-40C-C-vs-S,/Users/sr320/Documents/GitHub/resazurin-assay-development/data/clam/20260330-clam-40C-C-vs-S/plate-S-blue-T0.5.txt,plate-S-blue-T0.5.txt,s-blue,0.5,2026-03-30T11:00:12Z,21.9,"528/20,528/20",B,1,B1,NA,selected,NA,selected,NA,NA,blue,46,NA,NA,NA,100.608,NA,FALSE,FALSE,NA,parsed_table,FALSE,2508,2119,181.5,13.818181818181818,389,24.928435114503817,0.06408338075707921,NA,NA
20260330-clam-40C-C-vs-S,/Users/sr320/Documents/GitHub/resazurin-assay-development/data/clam/20260330-clam-40C-C-vs-S/plate-S-blue-T1.0.txt,plate-S-blue-T1.0.txt,s-blue,1,2026-03-30T11:34:52Z,22.9,"528/20,528/20",B,1,B1,NA,selected,NA,selected,NA,NA,blue,46,NA,NA,NA,100.608,NA,FALSE,FALSE,NA,parsed_table,FALSE,5446,2938,181.25,30.04689655172414,389,54.13088422391857,0.13915394402035622,NA,NA
20260330-clam-40C-C-vs-S,/Users/sr320/Documents/GitHub/resazurin-assay-development/data/clam/20260330-clam-40C-C-vs-S/plate-S-blue-T1.5.txt,plate-S-blue-T1.5.txt,s-blue,1.5,2026-03-30T12:08:24Z,23.6,"528/20,528/20",B,1,B1,NA,selected,NA,selected,NA,NA,blue,46,NA,NA,NA,100.608,NA,FALSE,FALSE,NA,parsed_table,FALSE,7359,1913,177,41.57627118644068,389,73.14527671755725,0.18803413037932454,NA,NA
20260330-clam-40C-C-vs-S,/Users/sr320/Documents/GitHub/resazurin-assay-development/data/clam/20260330-clam-40C-C-vs-S/plate-S-blue-T2.0.txt,plate-S-blue-T2.0.txt,s-blue,2,2026-03-30T12:39:40Z,24,"528/20,528/20",B,1,B1,NA,selected,NA,selected,NA,NA,blue,46,NA,NA,NA,100.608,NA,FALSE,FALSE,NA,parsed_table,FALSE,8705,1346,174.5,49.88538681948424,389,86.5239344783715,0.22242656678244602,NA,NA
20260330-clam-40C-C-vs-S,/Users/sr320/Documents/GitHub/resazurin-assay-development/data/clam/20260330-clam-40C-C-vs-S/plate-S-blue-T0.0.txt,plate-S-blue-T0.0.txt,s-blue,0,2026-03-30T10:25:23Z,20.8,"528/20,528/20",B,2,B2,NA,selected,NA,selected,NA,NA,blue,47,NA,NA,NA,118.715,NA,FALSE,FALSE,NA,parsed_table,FALSE,348,0,186.5,1.8659517426273458,348,2.931390304510803,0.008423535357789664,NA,NA
20260330-clam-40C-C-vs-S,/Users/sr320/Documents/GitHub/resazurin-assay-development/data/clam/20260330-clam-40C-C-vs-S/plate-S-blue-T0.5.txt,plate-S-blue-T0.5.txt,s-blue,0.5,2026-03-30T11:00:12Z,21.9,"528/20,528/20",B,2,B2,NA,selected,NA,selected,NA,NA,blue,47,NA,NA,NA,118.715,NA,FALSE,FALSE,NA,parsed_table,FALSE,7674,7326,181.5,42.28099173553719,348,64.64221033567789,0.18575347797608588,NA,NA
20260330-clam-40C-C-vs-S,/Users/sr320/Documents/GitHub/resazurin-assay-development/data/clam/20260330-clam-40C-C-vs-S/plate-S-blue-T1.0.txt,plate-S-blue-T1.0.txt,s-blue,1,2026-03-30T11:34:52Z,22.9,"528/20,528/20",B,2,B2,NA,selected,NA,selected,NA,NA,blue,47,NA,NA,NA,118.715,NA,FALSE,FALSE,NA,parsed_table,FALSE,10425,2751,181.25,57.51724137931034,348,87.81535610495725,0.2523429773130956,NA,NA
20260330-clam-40C-C-vs-S,/Users/sr320/Documents/GitHub/resazurin-assay-development/data/clam/20260330-clam-40C-C-vs-S/plate-S-blue-T1.5.txt,plate-S-blue-T1.5.txt,s-blue,1.5,2026-03-30T12:08:24Z,23.6,"528/20,528/20",B,2,B2,NA,selected,NA,selected,NA,NA,blue,47,NA,NA,NA,118.715,NA,FALSE,FALSE,NA,parsed_table,FALSE,10306,-119,177,58.22598870056497,348,86.81295539738028,0.24946251550971343,NA,NA
20260330-clam-40C-C-vs-S,/Users/sr320/Documents/GitHub/resazurin-assay-development/data/clam/20260330-clam-40C-C-vs-S/plate-S-blue-T2.0.txt,plate-S-blue-T2.0.txt,s-blue,2,2026-03-30T12:39:40Z,24,"528/20,528/20",B,2,B2,NA,selected,NA,selected,NA,NA,blue,47,NA,NA,NA,118.715,NA,FALSE,FALSE,NA,parsed_table,FALSE,10068,-238,174.5,57.69627507163324,348,84.80815398222634,0.24370159190294924,NA,NA
20260330-clam-40C-C-vs-S,/Users/sr320/Documents/GitHub/resazurin-assay-development/data/clam/20260330-clam-40C-C-vs-S/plate-S-blue-T0.0.txt,plate-S-blue-T0.0.txt,s-blue,0,2026-03-30T10:25:23Z,20.8,"528/20,528/20",B,3,B3,NA,selected,NA,selected,NA,NA,blue,48,NA,NA,NA,101.114,NA,FALSE,FALSE,NA,parsed_table,FALSE,325,0,186.5,1.742627345844504,325,3.214193880174852,0.009889827323614929,NA,NA
20260330-clam-40C-C-vs-S,/Users/sr320/Documents/GitHub/resazurin-assay-development/data/clam/20260330-clam-40C-C-vs-S/plate-S-blue-T0.5.txt,plate-S-blue-T0.5.txt,s-blue,0.5,2026-03-30T11:00:12Z,21.9,"528/20,528/20",B,3,B3,NA,selected,NA,selected,NA,NA,blue,48,NA,NA,NA,101.114,NA,FALSE,FALSE,NA,parsed_table,FALSE,1376,1051,181.5,7.581267217630854,325,13.608402397294142,0.041872007376289676,NA,NA
20260330-clam-40C-C-vs-S,/Users/sr320/Documents/GitHub/resazurin-assay-development/data/clam/20260330-clam-40C-C-vs-S/plate-S-blue-T1.0.txt,plate-S-blue-T1.0.txt,s-blue,1,2026-03-30T11:34:52Z,22.9,"528/20,528/20",B,3,B3,NA,selected,NA,selected,NA,NA,blue,48,NA,NA,NA,101.114,NA,FALSE,FALSE,NA,parsed_table,FALSE,2644,1268,181.25,14.587586206896551,325,26.148703443637874,0.0804575490573473,NA,NA
20260330-clam-40C-C-vs-S,/Users/sr320/Documents/GitHub/resazurin-assay-development/data/clam/20260330-clam-40C-C-vs-S/plate-S-blue-T1.5.txt,plate-S-blue-T1.5.txt,s-blue,1.5,2026-03-30T12:08:24Z,23.6,"528/20,528/20",B,3,B3,NA,selected,NA,selected,NA,NA,blue,48,NA,NA,NA,101.114,NA,FALSE,FALSE,NA,parsed_table,FALSE,4509,1865,177,25.47457627118644,325,44.59323140217972,0.1372099427759376,NA,NA
20260330-clam-40C-C-vs-S,/Users/sr320/Documents/GitHub/resazurin-assay-development/data/clam/20260330-clam-40C-C-vs-S/plate-S-blue-T2.0.txt,plate-S-blue-T2.0.txt,s-blue,2,2026-03-30T12:39:40Z,24,"528/20,528/20",B,3,B3,NA,selected,NA,selected,NA,NA,blue,48,NA,NA,NA,101.114,NA,FALSE,FALSE,NA,parsed_table,FALSE,6896,2387,174.5,39.51862464183381,325,68.20024922364856,0.2098469206881494,NA,NA
20260330-clam-40C-C-vs-S,/Users/sr320/Documents/GitHub/resazurin-assay-development/data/clam/20260330-clam-40C-C-vs-S/plate-S-blue-T0.0.txt,plate-S-blue-T0.0.txt,s-blue,0,2026-03-30T10:25:23Z,20.8,"528/20,528/20",B,4,B4,NA,selected,NA,selected,NA,NA,blue,49,NA,NA,NA,112.65,NA,FALSE,FALSE,NA,parsed_table,FALSE,257,0,186.5,1.3780160857908847,257,2.2814025743453175,0.00887705281846427,NA,NA
20260330-clam-40C-C-vs-S,/Users/sr320/Documents/GitHub/resazurin-assay-development/data/clam/20260330-clam-40C-C-vs-S/plate-S-blue-T0.5.txt,plate-S-blue-T0.5.txt,s-blue,0.5,2026-03-30T11:00:12Z,21.9,"528/20,528/20",B,4,B4,NA,selected,NA,selected,NA,NA,blue,49,NA,NA,NA,112.65,NA,FALSE,FALSE,NA,parsed_table,FALSE,4549,4292,181.5,25.0633608815427,257,40.38171327119396,0.15712728899297262,NA,NA
20260330-clam-40C-C-vs-S,/Users/sr320/Documents/GitHub/resazurin-assay-development/data/clam/20260330-clam-40C-C-vs-S/plate-S-blue-T1.0.txt,plate-S-blue-T1.0.txt,s-blue,1,2026-03-30T11:34:52Z,22.9,"528/20,528/20",B,4,B4,NA,selected,NA,selected,NA,NA,blue,49,NA,NA,NA,112.65,NA,FALSE,FALSE,NA,parsed_table,FALSE,7865,3316,181.25,43.39310344827586,257,69.81802041722148,0.271665449094247,NA,NA
20260330-clam-40C-C-vs-S,/Users/sr320/Documents/GitHub/resazurin-assay-development/data/clam/20260330-clam-40C-C-vs-S/plate-S-blue-T1.5.txt,plate-S-blue-T1.5.txt,s-blue,1.5,2026-03-30T12:08:24Z,23.6,"528/20,528/20",B,4,B4,NA,selected,NA,selected,NA,NA,blue,49,NA,NA,NA,112.65,NA,FALSE,FALSE,NA,parsed_table,FALSE,9689,1824,177,54.740112994350284,257,86.0097647581003,0.334668345362258,NA,NA
20260330-clam-40C-C-vs-S,/Users/sr320/Documents/GitHub/resazurin-assay-development/data/clam/20260330-clam-40C-C-vs-S/plate-S-blue-T2.0.txt,plate-S-blue-T2.0.txt,s-blue,2,2026-03-30T12:39:40Z,24,"528/20,528/20",B,4,B4,NA,selected,NA,selected,NA,NA,blue,49,NA,NA,NA,112.65,NA,FALSE,FALSE,NA,parsed_table,FALSE,10638,949,174.5,60.96275071633238,257,94.4340878828229,0.36744781277363,NA,NA
20260330-clam-40C-C-vs-S,/Users/sr320/Documents/GitHub/resazurin-assay-development/data/clam/20260330-clam-40C-C-vs-S/plate-S-blue-T0.0.txt,plate-S-blue-T0.0.txt,s-blue,0,2026-03-30T10:25:23Z,20.8,"528/20,528/20",B,5,B5,NA,selected,NA,selected,NA,NA,blue,50,NA,NA,NA,92.534,NA,FALSE,FALSE,NA,parsed_table,FALSE,376,0,186.5,2.0160857908847185,376,4.0633713013595,0.010806838567445479,NA,NA
20260330-clam-40C-C-vs-S,/Users/sr320/Documents/GitHub/resazurin-assay-development/data/clam/20260330-clam-40C-C-vs-S/plate-S-blue-T0.5.txt,plate-S-blue-T0.5.txt,s-blue,0.5,2026-03-30T11:00:12Z,21.9,"528/20,528/20",B,5,B5,NA,selected,NA,selected,NA,NA,blue,50,NA,NA,NA,92.534,NA,FALSE,FALSE,NA,parsed_table,FALSE,2531,2155,181.5,13.944903581267218,376,27.35210841420451,0.07274496918671412,NA,NA
20260330-clam-40C-C-vs-S,/Users/sr320/Documents/GitHub/resazurin-assay-development/data/clam/20260330-clam-40C-C-vs-S/plate-S-blue-T1.0.txt,plate-S-blue-T1.0.txt,s-blue,1,2026-03-30T11:34:52Z,22.9,"528/20,528/20",B,5,B5,NA,selected,NA,selected,NA,NA,blue,50,NA,NA,NA,92.534,NA,FALSE,FALSE,NA,parsed_table,FALSE,7603,5072,181.25,41.94758620689655,376,82.16439362828798,0.21852232347948927,NA,NA
20260330-clam-40C-C-vs-S,/Users/sr320/Documents/GitHub/resazurin-assay-development/data/clam/20260330-clam-40C-C-vs-S/plate-S-blue-T1.5.txt,plate-S-blue-T1.5.txt,s-blue,1.5,2026-03-30T12:08:24Z,23.6,"528/20,528/20",B,5,B5,NA,selected,NA,selected,NA,NA,blue,50,NA,NA,NA,92.534,NA,FALSE,FALSE,NA,parsed_table,FALSE,9956,2353,177,56.24858757062147,376,107.59288477748719,0.28615128930182765,NA,NA
20260330-clam-40C-C-vs-S,/Users/sr320/Documents/GitHub/resazurin-assay-development/data/clam/20260330-clam-40C-C-vs-S/plate-S-blue-T2.0.txt,plate-S-blue-T2.0.txt,s-blue,2,2026-03-30T12:39:40Z,24,"528/20,528/20",B,5,B5,NA,selected,NA,selected,NA,NA,blue,50,NA,NA,NA,92.534,NA,FALSE,FALSE,NA,parsed_table,FALSE,11614,1658,174.5,66.55587392550143,376,125.51062312231178,0.33380484872955263,NA,NA
20260330-clam-40C-C-vs-S,/Users/sr320/Documents/GitHub/resazurin-assay-development/data/clam/20260330-clam-40C-C-vs-S/plate-S-blue-T0.0.txt,plate-S-blue-T0.0.txt,s-blue,0,2026-03-30T10:25:23Z,20.8,"528/20,528/20",B,6,B6,NA,NA,NA,NA,NA,NA,NA,NA,NA,NA,NA,NA,NA,TRUE,FALSE,NA,parsed_table,FALSE,196,0,186.5,1.0509383378016086,NA,NA,NA,NA,NA
20260330-clam-40C-C-vs-S,/Users/sr320/Documents/GitHub/resazurin-assay-development/data/clam/20260330-clam-40C-C-vs-S/plate-S-blue-T0.5.txt,plate-S-blue-T0.5.txt,s-blue,0.5,2026-03-30T11:00:12Z,21.9,"528/20,528/20",B,6,B6,NA,NA,NA,NA,NA,NA,NA,NA,NA,NA,NA,NA,NA,TRUE,FALSE,NA,parsed_table,FALSE,187,-9,181.5,1.0303030303030303,NA,NA,NA,NA,NA
20260330-clam-40C-C-vs-S,/Users/sr320/Documents/GitHub/resazurin-assay-development/data/clam/20260330-clam-40C-C-vs-S/plate-S-blue-T1.0.txt,plate-S-blue-T1.0.txt,s-blue,1,2026-03-30T11:34:52Z,22.9,"528/20,528/20",B,6,B6,NA,NA,NA,NA,NA,NA,NA,NA,NA,NA,NA,NA,NA,TRUE,FALSE,NA,parsed_table,FALSE,187,0,181.25,1.0317241379310345,NA,NA,NA,NA,NA
20260330-clam-40C-C-vs-S,/Users/sr320/Documents/GitHub/resazurin-assay-development/data/clam/20260330-clam-40C-C-vs-S/plate-S-blue-T1.5.txt,plate-S-blue-T1.5.txt,s-blue,1.5,2026-03-30T12:08:24Z,23.6,"528/20,528/20",B,6,B6,NA,NA,NA,NA,NA,NA,NA,NA,NA,NA,NA,NA,NA,TRUE,FALSE,NA,parsed_table,FALSE,187,0,177,1.0564971751412429,NA,NA,NA,NA,NA
20260330-clam-40C-C-vs-S,/Users/sr320/Documents/GitHub/resazurin-assay-development/data/clam/20260330-clam-40C-C-vs-S/plate-S-blue-T2.0.txt,plate-S-blue-T2.0.txt,s-blue,2,2026-03-30T12:39:40Z,24,"528/20,528/20",B,6,B6,NA,NA,NA,NA,NA,NA,NA,NA,NA,NA,NA,NA,NA,TRUE,FALSE,NA,parsed_table,FALSE,183,-4,174.5,1.0487106017191976,NA,NA,NA,NA,NA
20260330-clam-40C-C-vs-S,/Users/sr320/Documents/GitHub/resazurin-assay-development/data/clam/20260330-clam-40C-C-vs-S/plate-S-blue-T0.0.txt,plate-S-blue-T0.0.txt,s-blue,0,2026-03-30T10:25:23Z,20.8,"528/20,528/20",C,1,C1,NA,selected,NA,selected,NA,NA,blue,51,NA,NA,NA,119.131,NA,FALSE,FALSE,NA,parsed_table,FALSE,385,0,186.5,2.064343163538874,385,3.2317364917611706,0.008394120757821222,NA,NA
20260330-clam-40C-C-vs-S,/Users/sr320/Documents/GitHub/resazurin-assay-development/data/clam/20260330-clam-40C-C-vs-S/plate-S-blue-T0.5.txt,plate-S-blue-T0.5.txt,s-blue,0.5,2026-03-30T11:00:12Z,21.9,"528/20,528/20",C,1,C1,NA,selected,NA,selected,NA,NA,blue,51,NA,NA,NA,119.131,NA,FALSE,FALSE,NA,parsed_table,FALSE,4280,3895,181.5,23.581267217630852,385,35.92683684347483,0.09331645933370085,NA,NA
20260330-clam-40C-C-vs-S,/Users/sr320/Documents/GitHub/resazurin-assay-development/data/clam/20260330-clam-40C-C-vs-S/plate-S-blue-T1.0.txt,plate-S-blue-T1.0.txt,s-blue,1,2026-03-30T11:34:52Z,22.9,"528/20,528/20",C,1,C1,NA,selected,NA,selected,NA,NA,blue,51,NA,NA,NA,119.131,NA,FALSE,FALSE,NA,parsed_table,FALSE,9331,5051,181.25,51.48137931034483,385,78.32554079122983,0.20344296309410345,NA,NA
20260330-clam-40C-C-vs-S,/Users/sr320/Documents/GitHub/resazurin-assay-development/data/clam/20260330-clam-40C-C-vs-S/plate-S-blue-T1.5.txt,plate-S-blue-T1.5.txt,s-blue,1.5,2026-03-30T12:08:24Z,23.6,"528/20,528/20",C,1,C1,NA,selected,NA,selected,NA,NA,blue,51,NA,NA,NA,119.131,NA,FALSE,FALSE,NA,parsed_table,FALSE,10046,715,177,56.75706214689266,385,84.32733713307199,0.2190320445014857,NA,NA
20260330-clam-40C-C-vs-S,/Users/sr320/Documents/GitHub/resazurin-assay-development/data/clam/20260330-clam-40C-C-vs-S/plate-S-blue-T2.0.txt,plate-S-blue-T2.0.txt,s-blue,2,2026-03-30T12:39:40Z,24,"528/20,528/20",C,1,C1,NA,selected,NA,selected,NA,NA,blue,51,NA,NA,NA,119.131,NA,FALSE,FALSE,NA,parsed_table,FALSE,9541,-505,174.5,54.67621776504298,385,80.08830615037228,0.20802157441655136,NA,NA
20260330-clam-40C-C-vs-S,/Users/sr320/Documents/GitHub/resazurin-assay-development/data/clam/20260330-clam-40C-C-vs-S/plate-S-blue-T0.0.txt,plate-S-blue-T0.0.txt,s-blue,0,2026-03-30T10:25:23Z,20.8,"528/20,528/20",C,2,C2,NA,selected,NA,selected,NA,NA,blue,52,NA,NA,NA,112.417,NA,FALSE,FALSE,NA,parsed_table,FALSE,392,0,186.5,2.1018766756032172,392,3.487017088162822,0.008895451755517404,NA,NA
20260330-clam-40C-C-vs-S,/Users/sr320/Documents/GitHub/resazurin-assay-development/data/clam/20260330-clam-40C-C-vs-S/plate-S-blue-T0.5.txt,plate-S-blue-T0.5.txt,s-blue,0.5,2026-03-30T11:00:12Z,21.9,"528/20,528/20",C,2,C2,NA,selected,NA,selected,NA,NA,blue,52,NA,NA,NA,112.417,NA,FALSE,FALSE,NA,parsed_table,FALSE,6262,5870,181.5,34.50137741046832,392,55.70331889304998,0.1421003032985969,NA,NA
20260330-clam-40C-C-vs-S,/Users/sr320/Documents/GitHub/resazurin-assay-development/data/clam/20260330-clam-40C-C-vs-S/plate-S-blue-T1.0.txt,plate-S-blue-T1.0.txt,s-blue,1,2026-03-30T11:34:52Z,22.9,"528/20,528/20",C,2,C2,NA,selected,NA,selected,NA,NA,blue,52,NA,NA,NA,112.417,NA,FALSE,FALSE,NA,parsed_table,FALSE,9753,3491,181.25,53.80965517241379,392,86.75734097156123,0.22131974737643173,NA,NA
20260330-clam-40C-C-vs-S,/Users/sr320/Documents/GitHub/resazurin-assay-development/data/clam/20260330-clam-40C-C-vs-S/plate-S-blue-T1.5.txt,plate-S-blue-T1.5.txt,s-blue,1.5,2026-03-30T12:08:24Z,23.6,"528/20,528/20",C,2,C2,NA,selected,NA,selected,NA,NA,blue,52,NA,NA,NA,112.417,NA,FALSE,FALSE,NA,parsed_table,FALSE,10597,844,177,59.87005649717514,392,94.26510225321793,0.24047219962555594,NA,NA
20260330-clam-40C-C-vs-S,/Users/sr320/Documents/GitHub/resazurin-assay-development/data/clam/20260330-clam-40C-C-vs-S/plate-S-blue-T2.0.txt,plate-S-blue-T2.0.txt,s-blue,2,2026-03-30T12:39:40Z,24,"528/20,528/20",C,2,C2,NA,selected,NA,selected,NA,NA,blue,52,NA,NA,NA,112.417,NA,FALSE,FALSE,NA,parsed_table,FALSE,8816,-1781,174.5,50.5214899713467,392,78.42230267664144,0.20005689458326895,NA,NA
20260330-clam-40C-C-vs-S,/Users/sr320/Documents/GitHub/resazurin-assay-development/data/clam/20260330-clam-40C-C-vs-S/plate-S-blue-T0.0.txt,plate-S-blue-T0.0.txt,s-blue,0,2026-03-30T10:25:23Z,20.8,"528/20,528/20",C,3,C3,NA,selected,NA,selected,NA,NA,blue,53,NA,NA,NA,94.709,NA,FALSE,FALSE,NA,parsed_table,FALSE,273,0,186.5,1.4638069705093835,273,2.882513805446156,0.010558658628007898,NA,NA
20260330-clam-40C-C-vs-S,/Users/sr320/Documents/GitHub/resazurin-assay-development/data/clam/20260330-clam-40C-C-vs-S/plate-S-blue-T0.5.txt,plate-S-blue-T0.5.txt,s-blue,0.5,2026-03-30T11:00:12Z,21.9,"528/20,528/20",C,3,C3,NA,selected,NA,selected,NA,NA,blue,53,NA,NA,NA,94.709,NA,FALSE,FALSE,NA,parsed_table,FALSE,4879,4606,181.5,26.881542699724516,273,51.51569544605053,0.1887021811210642,NA,NA
20260330-clam-40C-C-vs-S,/Users/sr320/Documents/GitHub/resazurin-assay-development/data/clam/20260330-clam-40C-C-vs-S/plate-S-blue-T1.0.txt,plate-S-blue-T1.0.txt,s-blue,1,2026-03-30T11:34:52Z,22.9,"528/20,528/20",C,3,C3,NA,selected,NA,selected,NA,NA,blue,53,NA,NA,NA,94.709,NA,FALSE,FALSE,NA,parsed_table,FALSE,8943,4064,181.25,49.34068965517241,273,94.42608411027463,0.34588309197902795,NA,NA
20260330-clam-40C-C-vs-S,/Users/sr320/Documents/GitHub/resazurin-assay-development/data/clam/20260330-clam-40C-C-vs-S/plate-S-blue-T1.5.txt,plate-S-blue-T1.5.txt,s-blue,1.5,2026-03-30T12:08:24Z,23.6,"528/20,528/20",C,3,C3,NA,selected,NA,selected,NA,NA,blue,53,NA,NA,NA,94.709,NA,FALSE,FALSE,NA,parsed_table,FALSE,9957,1014,177,56.25423728813559,273,105.13256395907463,0.3851009668830573,NA,NA
20260330-clam-40C-C-vs-S,/Users/sr320/Documents/GitHub/resazurin-assay-development/data/clam/20260330-clam-40C-C-vs-S/plate-S-blue-T2.0.txt,plate-S-blue-T2.0.txt,s-blue,2,2026-03-30T12:39:40Z,24,"528/20,528/20",C,3,C3,NA,selected,NA,selected,NA,NA,blue,53,NA,NA,NA,94.709,NA,FALSE,FALSE,NA,parsed_table,FALSE,10322,365,174.5,59.15186246418338,273,108.98647435829751,0.3992178547922986,NA,NA
20260330-clam-40C-C-vs-S,/Users/sr320/Documents/GitHub/resazurin-assay-development/data/clam/20260330-clam-40C-C-vs-S/plate-S-blue-T0.0.txt,plate-S-blue-T0.0.txt,s-blue,0,2026-03-30T10:25:23Z,20.8,"528/20,528/20",C,4,C4,NA,selected,NA,selected,NA,NA,blue,54,NA,NA,NA,90.988,NA,FALSE,FALSE,NA,parsed_table,FALSE,271,0,186.5,1.4530831099195711,271,2.978414736009144,0.010990460280476547,NA,NA
20260330-clam-40C-C-vs-S,/Users/sr320/Documents/GitHub/resazurin-assay-development/data/clam/20260330-clam-40C-C-vs-S/plate-S-blue-T0.5.txt,plate-S-blue-T0.5.txt,s-blue,0.5,2026-03-30T11:00:12Z,21.9,"528/20,528/20",C,4,C4,NA,selected,NA,selected,NA,NA,blue,54,NA,NA,NA,90.988,NA,FALSE,FALSE,NA,parsed_table,FALSE,1206,935,181.5,6.644628099173554,271,13.254495098254715,0.04890957600831998,NA,NA
20260330-clam-40C-C-vs-S,/Users/sr320/Documents/GitHub/resazurin-assay-development/data/clam/20260330-clam-40C-C-vs-S/plate-S-blue-T1.0.txt,plate-S-blue-T1.0.txt,s-blue,1,2026-03-30T11:34:52Z,22.9,"528/20,528/20",C,4,C4,NA,selected,NA,selected,NA,NA,blue,54,NA,NA,NA,90.988,NA,FALSE,FALSE,NA,parsed_table,FALSE,3823,2617,181.25,21.092413793103447,271,42.01652965226184,0.1550425448422946,NA,NA
20260330-clam-40C-C-vs-S,/Users/sr320/Documents/GitHub/resazurin-assay-development/data/clam/20260330-clam-40C-C-vs-S/plate-S-blue-T1.5.txt,plate-S-blue-T1.5.txt,s-blue,1.5,2026-03-30T12:08:24Z,23.6,"528/20,528/20",C,4,C4,NA,selected,NA,selected,NA,NA,blue,54,NA,NA,NA,90.988,NA,FALSE,FALSE,NA,parsed_table,FALSE,5908,2085,177,33.378531073446325,271,64.93163933705543,0.2396001451551861,NA,NA
20260330-clam-40C-C-vs-S,/Users/sr320/Documents/GitHub/resazurin-assay-development/data/clam/20260330-clam-40C-C-vs-S/plate-S-blue-T2.0.txt,plate-S-blue-T2.0.txt,s-blue,2,2026-03-30T12:39:40Z,24,"528/20,528/20",C,4,C4,NA,selected,NA,selected,NA,NA,blue,54,NA,NA,NA,90.988,NA,FALSE,FALSE,NA,parsed_table,FALSE,6868,960,174.5,39.35816618911175,271,75.48248120631293,0.2785331409827045,NA,NA
20260330-clam-40C-C-vs-S,/Users/sr320/Documents/GitHub/resazurin-assay-development/data/clam/20260330-clam-40C-C-vs-S/plate-S-blue-T0.0.txt,plate-S-blue-T0.0.txt,s-blue,0,2026-03-30T10:25:23Z,20.8,"528/20,528/20",C,5,C5,NA,selected,NA,selected,NA,NA,blue,55,NA,NA,NA,96.921,NA,FALSE,FALSE,NA,parsed_table,FALSE,385,0,186.5,2.064343163538874,385,3.97230734309386,0.010317681410633401,NA,NA
20260330-clam-40C-C-vs-S,/Users/sr320/Documents/GitHub/resazurin-assay-development/data/clam/20260330-clam-40C-C-vs-S/plate-S-blue-T0.5.txt,plate-S-blue-T0.5.txt,s-blue,0.5,2026-03-30T11:00:12Z,21.9,"528/20,528/20",C,5,C5,NA,selected,NA,selected,NA,NA,blue,55,NA,NA,NA,96.921,NA,FALSE,FALSE,NA,parsed_table,FALSE,3970,3585,181.5,21.8732782369146,385,40.961195200214604,0.10639271480575221,NA,NA
20260330-clam-40C-C-vs-S,/Users/sr320/Documents/GitHub/resazurin-assay-development/data/clam/20260330-clam-40C-C-vs-S/plate-S-blue-T1.0.txt,plate-S-blue-T1.0.txt,s-blue,1,2026-03-30T11:34:52Z,22.9,"528/20,528/20",C,5,C5,NA,selected,NA,selected,NA,NA,blue,55,NA,NA,NA,96.921,NA,FALSE,FALSE,NA,parsed_table,FALSE,6913,2943,181.25,38.140689655172416,385,71.3261315917087,0.18526267945898364,NA,NA
20260330-clam-40C-C-vs-S,/Users/sr320/Documents/GitHub/resazurin-assay-development/data/clam/20260330-clam-40C-C-vs-S/plate-S-blue-T1.5.txt,plate-S-blue-T1.5.txt,s-blue,1.5,2026-03-30T12:08:24Z,23.6,"528/20,528/20",C,5,C5,NA,selected,NA,selected,NA,NA,blue,55,NA,NA,NA,96.921,NA,FALSE,FALSE,NA,parsed_table,FALSE,7971,1058,177,45.03389830508475,385,82.24223852415885,0.21361620395885414,NA,NA
20260330-clam-40C-C-vs-S,/Users/sr320/Documents/GitHub/resazurin-assay-development/data/clam/20260330-clam-40C-C-vs-S/plate-S-blue-T2.0.txt,plate-S-blue-T2.0.txt,s-blue,2,2026-03-30T12:39:40Z,24,"528/20,528/20",C,5,C5,NA,selected,NA,selected,NA,NA,blue,55,NA,NA,NA,96.921,NA,FALSE,FALSE,NA,parsed_table,FALSE,8537,566,174.5,48.92263610315186,385,88.08204620257735,0.22878453559111,NA,NA
20260330-clam-40C-C-vs-S,/Users/sr320/Documents/GitHub/resazurin-assay-development/data/clam/20260330-clam-40C-C-vs-S/plate-S-blue-T0.0.txt,plate-S-blue-T0.0.txt,s-blue,0,2026-03-30T10:25:23Z,20.8,"528/20,528/20",C,6,C6,NA,NA,NA,NA,NA,NA,NA,NA,NA,NA,NA,NA,NA,TRUE,FALSE,NA,parsed_table,FALSE,189,0,186.5,1.0134048257372654,NA,NA,NA,NA,NA
20260330-clam-40C-C-vs-S,/Users/sr320/Documents/GitHub/resazurin-assay-development/data/clam/20260330-clam-40C-C-vs-S/plate-S-blue-T0.5.txt,plate-S-blue-T0.5.txt,s-blue,0.5,2026-03-30T11:00:12Z,21.9,"528/20,528/20",C,6,C6,NA,NA,NA,NA,NA,NA,NA,NA,NA,NA,NA,NA,NA,TRUE,FALSE,NA,parsed_table,FALSE,183,-6,181.5,1.0082644628099173,NA,NA,NA,NA,NA
20260330-clam-40C-C-vs-S,/Users/sr320/Documents/GitHub/resazurin-assay-development/data/clam/20260330-clam-40C-C-vs-S/plate-S-blue-T1.0.txt,plate-S-blue-T1.0.txt,s-blue,1,2026-03-30T11:34:52Z,22.9,"528/20,528/20",C,6,C6,NA,NA,NA,NA,NA,NA,NA,NA,NA,NA,NA,NA,NA,TRUE,FALSE,NA,parsed_table,FALSE,183,0,181.25,1.0096551724137932,NA,NA,NA,NA,NA
20260330-clam-40C-C-vs-S,/Users/sr320/Documents/GitHub/resazurin-assay-development/data/clam/20260330-clam-40C-C-vs-S/plate-S-blue-T1.5.txt,plate-S-blue-T1.5.txt,s-blue,1.5,2026-03-30T12:08:24Z,23.6,"528/20,528/20",C,6,C6,NA,NA,NA,NA,NA,NA,NA,NA,NA,NA,NA,NA,NA,TRUE,FALSE,NA,parsed_table,FALSE,173,-10,177,0.9774011299435028,NA,NA,NA,NA,NA
20260330-clam-40C-C-vs-S,/Users/sr320/Documents/GitHub/resazurin-assay-development/data/clam/20260330-clam-40C-C-vs-S/plate-S-blue-T2.0.txt,plate-S-blue-T2.0.txt,s-blue,2,2026-03-30T12:39:40Z,24,"528/20,528/20",C,6,C6,NA,NA,NA,NA,NA,NA,NA,NA,NA,NA,NA,NA,NA,TRUE,FALSE,NA,parsed_table,FALSE,170,-3,174.5,0.9742120343839542,NA,NA,NA,NA,NA
20260330-clam-40C-C-vs-S,/Users/sr320/Documents/GitHub/resazurin-assay-development/data/clam/20260330-clam-40C-C-vs-S/plate-S-blue-T0.0.txt,plate-S-blue-T0.0.txt,s-blue,0,2026-03-30T10:25:23Z,20.8,"528/20,528/20",D,1,D1,NA,selected,NA,selected,NA,NA,blue,56,NA,NA,NA,118.944,NA,FALSE,FALSE,NA,parsed_table,FALSE,294,0,186.5,1.5764075067024128,294,2.4717514124293785,0.008407317729351627,NA,NA
20260330-clam-40C-C-vs-S,/Users/sr320/Documents/GitHub/resazurin-assay-development/data/clam/20260330-clam-40C-C-vs-S/plate-S-blue-T0.5.txt,plate-S-blue-T0.5.txt,s-blue,0.5,2026-03-30T11:00:12Z,21.9,"528/20,528/20",D,1,D1,NA,selected,NA,selected,NA,NA,blue,56,NA,NA,NA,118.944,NA,FALSE,FALSE,NA,parsed_table,FALSE,4421,4127,181.5,24.358126721763085,294,37.16875168146355,0.12642432544715493,NA,NA
20260330-clam-40C-C-vs-S,/Users/sr320/Documents/GitHub/resazurin-assay-development/data/clam/20260330-clam-40C-C-vs-S/plate-S-blue-T1.0.txt,plate-S-blue-T1.0.txt,s-blue,1,2026-03-30T11:34:52Z,22.9,"528/20,528/20",D,1,D1,NA,selected,NA,selected,NA,NA,blue,56,NA,NA,NA,118.944,NA,FALSE,FALSE,NA,parsed_table,FALSE,7738,3317,181.25,42.69241379310345,294,65.05582458972289,0.22127831493103023,NA,NA
20260330-clam-40C-C-vs-S,/Users/sr320/Documents/GitHub/resazurin-assay-development/data/clam/20260330-clam-40C-C-vs-S/plate-S-blue-T1.5.txt,plate-S-blue-T1.5.txt,s-blue,1.5,2026-03-30T12:08:24Z,23.6,"528/20,528/20",D,1,D1,NA,selected,NA,selected,NA,NA,blue,56,NA,NA,NA,118.944,NA,FALSE,FALSE,NA,parsed_table,FALSE,8894,1156,177,50.24858757062147,294,74.77468388485337,0.25433565947229037,NA,NA
20260330-clam-40C-C-vs-S,/Users/sr320/Documents/GitHub/resazurin-assay-development/data/clam/20260330-clam-40C-C-vs-S/plate-S-blue-T2.0.txt,plate-S-blue-T2.0.txt,s-blue,2,2026-03-30T12:39:40Z,24,"528/20,528/20",D,1,D1,NA,selected,NA,selected,NA,NA,blue,56,NA,NA,NA,118.944,NA,FALSE,FALSE,NA,parsed_table,FALSE,9253,359,174.5,53.02578796561605,294,77.79291094969061,0.26460173792411773,NA,NA
20260330-clam-40C-C-vs-S,/Users/sr320/Documents/GitHub/resazurin-assay-development/data/clam/20260330-clam-40C-C-vs-S/plate-S-blue-T0.0.txt,plate-S-blue-T0.0.txt,s-blue,0,2026-03-30T10:25:23Z,20.8,"528/20,528/20",D,2,D2,NA,selected,NA,selected,NA,NA,blue,57,NA,NA,NA,125.335,NA,FALSE,FALSE,NA,parsed_table,FALSE,318,0,186.5,1.7050938337801609,318,2.5372003031874577,0.007978617305620937,NA,NA
20260330-clam-40C-C-vs-S,/Users/sr320/Documents/GitHub/resazurin-assay-development/data/clam/20260330-clam-40C-C-vs-S/plate-S-blue-T0.5.txt,plate-S-blue-T0.5.txt,s-blue,0.5,2026-03-30T11:00:12Z,21.9,"528/20,528/20",D,2,D2,NA,selected,NA,selected,NA,NA,blue,57,NA,NA,NA,125.335,NA,FALSE,FALSE,NA,parsed_table,FALSE,4533,4215,181.5,24.975206611570247,318,36.1670722463797,0.11373293159238901,NA,NA
20260330-clam-40C-C-vs-S,/Users/sr320/Documents/GitHub/resazurin-assay-development/data/clam/20260330-clam-40C-C-vs-S/plate-S-blue-T1.0.txt,plate-S-blue-T1.0.txt,s-blue,1,2026-03-30T11:34:52Z,22.9,"528/20,528/20",D,2,D2,NA,selected,NA,selected,NA,NA,blue,57,NA,NA,NA,125.335,NA,FALSE,FALSE,NA,parsed_table,FALSE,8789,4256,181.25,48.49103448275862,318,70.12406749910241,0.22051593553176857,NA,NA
20260330-clam-40C-C-vs-S,/Users/sr320/Documents/GitHub/resazurin-assay-development/data/clam/20260330-clam-40C-C-vs-S/plate-S-blue-T1.5.txt,plate-S-blue-T1.5.txt,s-blue,1.5,2026-03-30T12:08:24Z,23.6,"528/20,528/20",D,2,D2,NA,selected,NA,selected,NA,NA,blue,57,NA,NA,NA,125.335,NA,FALSE,FALSE,NA,parsed_table,FALSE,10718,1929,177,60.55367231638418,318,85.5148202816452,0.26891452918756353,NA,NA
20260330-clam-40C-C-vs-S,/Users/sr320/Documents/GitHub/resazurin-assay-development/data/clam/20260330-clam-40C-C-vs-S/plate-S-blue-T2.0.txt,plate-S-blue-T2.0.txt,s-blue,2,2026-03-30T12:39:40Z,24,"528/20,528/20",D,2,D2,NA,selected,NA,selected,NA,NA,blue,57,NA,NA,NA,125.335,NA,FALSE,FALSE,NA,parsed_table,FALSE,11430,712,174.5,65.50143266475645,318,91.1955958032473,0.28677860315486575,NA,NA
20260330-clam-40C-C-vs-S,/Users/sr320/Documents/GitHub/resazurin-assay-development/data/clam/20260330-clam-40C-C-vs-S/plate-S-blue-T0.0.txt,plate-S-blue-T0.0.txt,s-blue,0,2026-03-30T10:25:23Z,20.8,"528/20,528/20",D,3,D3,NA,selected,NA,selected,NA,NA,blue,58,NA,NA,NA,114.814,NA,FALSE,FALSE,NA,parsed_table,FALSE,254,0,186.5,1.3619302949061662,254,2.2122737645234904,0.008709739230407442,NA,NA
20260330-clam-40C-C-vs-S,/Users/sr320/Documents/GitHub/resazurin-assay-development/data/clam/20260330-clam-40C-C-vs-S/plate-S-blue-T0.5.txt,plate-S-blue-T0.5.txt,s-blue,0.5,2026-03-30T11:00:12Z,21.9,"528/20,528/20",D,3,D3,NA,selected,NA,selected,NA,NA,blue,58,NA,NA,NA,114.814,NA,FALSE,FALSE,NA,parsed_table,FALSE,3241,2987,181.5,17.856749311294767,254,28.22826484575052,0.11113490096752172,NA,NA
20260330-clam-40C-C-vs-S,/Users/sr320/Documents/GitHub/resazurin-assay-development/data/clam/20260330-clam-40C-C-vs-S/plate-S-blue-T1.0.txt,plate-S-blue-T1.0.txt,s-blue,1,2026-03-30T11:34:52Z,22.9,"528/20,528/20",D,3,D3,NA,selected,NA,selected,NA,NA,blue,58,NA,NA,NA,114.814,NA,FALSE,FALSE,NA,parsed_table,FALSE,6775,3534,181.25,37.37931034482759,254,59.00848328601042,0.2323168633307497,NA,NA
20260330-clam-40C-C-vs-S,/Users/sr320/Documents/GitHub/resazurin-assay-development/data/clam/20260330-clam-40C-C-vs-S/plate-S-blue-T1.5.txt,plate-S-blue-T1.5.txt,s-blue,1.5,2026-03-30T12:08:24Z,23.6,"528/20,528/20",D,3,D3,NA,selected,NA,selected,NA,NA,blue,58,NA,NA,NA,114.814,NA,FALSE,FALSE,NA,parsed_table,FALSE,8640,1865,177,48.813559322033896,254,75.2521469507203,0.29626829508157604,NA,NA
20260330-clam-40C-C-vs-S,/Users/sr320/Documents/GitHub/resazurin-assay-development/data/clam/20260330-clam-40C-C-vs-S/plate-S-blue-T2.0.txt,plate-S-blue-T2.0.txt,s-blue,2,2026-03-30T12:39:40Z,24,"528/20,528/20",D,3,D3,NA,selected,NA,selected,NA,NA,blue,58,NA,NA,NA,114.814,NA,FALSE,FALSE,NA,parsed_table,FALSE,10184,1544,174.5,58.36103151862464,254,88.69998432246939,0.3492125367026354,NA,NA
20260330-clam-40C-C-vs-S,/Users/sr320/Documents/GitHub/resazurin-assay-development/data/clam/20260330-clam-40C-C-vs-S/plate-S-blue-T0.0.txt,plate-S-blue-T0.0.txt,s-blue,0,2026-03-30T10:25:23Z,20.8,"528/20,528/20",D,4,D4,NA,selected,NA,selected,NA,NA,blue,59,NA,NA,NA,103.862,NA,FALSE,FALSE,NA,parsed_table,FALSE,410,0,186.5,2.1983914209115283,410,3.94754578190291,0.009628160443665634,NA,NA
20260330-clam-40C-C-vs-S,/Users/sr320/Documents/GitHub/resazurin-assay-development/data/clam/20260330-clam-40C-C-vs-S/plate-S-blue-T0.5.txt,plate-S-blue-T0.5.txt,s-blue,0.5,2026-03-30T11:00:12Z,21.9,"528/20,528/20",D,4,D4,NA,selected,NA,selected,NA,NA,blue,59,NA,NA,NA,103.862,NA,FALSE,FALSE,NA,parsed_table,FALSE,2783,2373,181.5,15.333333333333334,410,26.79517051472146,0.0653540744261499,NA,NA
20260330-clam-40C-C-vs-S,/Users/sr320/Documents/GitHub/resazurin-assay-development/data/clam/20260330-clam-40C-C-vs-S/plate-S-blue-T1.0.txt,plate-S-blue-T1.0.txt,s-blue,1,2026-03-30T11:34:52Z,22.9,"528/20,528/20",D,4,D4,NA,selected,NA,selected,NA,NA,blue,59,NA,NA,NA,103.862,NA,FALSE,FALSE,NA,parsed_table,FALSE,5091,2308,181.25,28.088275862068965,410,49.016964818701744,0.11955357272854084,NA,NA
20260330-clam-40C-C-vs-S,/Users/sr320/Documents/GitHub/resazurin-assay-development/data/clam/20260330-clam-40C-C-vs-S/plate-S-blue-T1.5.txt,plate-S-blue-T1.5.txt,s-blue,1.5,2026-03-30T12:08:24Z,23.6,"528/20,528/20",D,4,D4,NA,selected,NA,selected,NA,NA,blue,59,NA,NA,NA,103.862,NA,FALSE,FALSE,NA,parsed_table,FALSE,7195,2104,177,40.64971751412429,410,69.27461439217423,0.1689624741272542,NA,NA
20260330-clam-40C-C-vs-S,/Users/sr320/Documents/GitHub/resazurin-assay-development/data/clam/20260330-clam-40C-C-vs-S/plate-S-blue-T2.0.txt,plate-S-blue-T2.0.txt,s-blue,2,2026-03-30T12:39:40Z,24,"528/20,528/20",D,4,D4,NA,selected,NA,selected,NA,NA,blue,59,NA,NA,NA,103.862,NA,FALSE,FALSE,NA,parsed_table,FALSE,8732,1537,174.5,50.04011461318051,410,84.07309699408832,0.2050563341319227,NA,NA
20260330-clam-40C-C-vs-S,/Users/sr320/Documents/GitHub/resazurin-assay-development/data/clam/20260330-clam-40C-C-vs-S/plate-S-blue-T0.0.txt,plate-S-blue-T0.0.txt,s-blue,0,2026-03-30T10:25:23Z,20.8,"528/20,528/20",D,5,D5,NA,selected,NA,selected,NA,NA,blue,60,NA,NA,NA,103.768,NA,FALSE,FALSE,NA,parsed_table,FALSE,297,0,186.5,1.5924932975871313,297,2.862154035926297,0.009636882275846118,NA,NA
20260330-clam-40C-C-vs-S,/Users/sr320/Documents/GitHub/resazurin-assay-development/data/clam/20260330-clam-40C-C-vs-S/plate-S-blue-T0.5.txt,plate-S-blue-T0.5.txt,s-blue,0.5,2026-03-30T11:00:12Z,21.9,"528/20,528/20",D,5,D5,NA,selected,NA,selected,NA,NA,blue,60,NA,NA,NA,103.768,NA,FALSE,FALSE,NA,parsed_table,FALSE,1744,1447,181.5,9.608815426997245,297,16.80672268907563,0.056588291882409526,NA,NA
20260330-clam-40C-C-vs-S,/Users/sr320/Documents/GitHub/resazurin-assay-development/data/clam/20260330-clam-40C-C-vs-S/plate-S-blue-T1.0.txt,plate-S-blue-T1.0.txt,s-blue,1,2026-03-30T11:34:52Z,22.9,"528/20,528/20",D,5,D5,NA,selected,NA,selected,NA,NA,blue,60,NA,NA,NA,103.768,NA,FALSE,FALSE,NA,parsed_table,FALSE,4711,2967,181.25,25.991724137931033,297,45.39935240151106,0.15285977239566015,NA,NA
20260330-clam-40C-C-vs-S,/Users/sr320/Documents/GitHub/resazurin-assay-development/data/clam/20260330-clam-40C-C-vs-S/plate-S-blue-T1.5.txt,plate-S-blue-T1.5.txt,s-blue,1.5,2026-03-30T12:08:24Z,23.6,"528/20,528/20",D,5,D5,NA,selected,NA,selected,NA,NA,blue,60,NA,NA,NA,103.768,NA,FALSE,FALSE,NA,parsed_table,FALSE,6746,2035,177,38.112994350282484,297,65.01040783285791,0.21889026206349466,NA,NA
20260330-clam-40C-C-vs-S,/Users/sr320/Documents/GitHub/resazurin-assay-development/data/clam/20260330-clam-40C-C-vs-S/plate-S-blue-T2.0.txt,plate-S-blue-T2.0.txt,s-blue,2,2026-03-30T12:39:40Z,24,"528/20,528/20",D,5,D5,NA,selected,NA,selected,NA,NA,blue,60,NA,NA,NA,103.768,NA,FALSE,FALSE,NA,parsed_table,FALSE,8538,1792,174.5,48.92836676217765,297,82.27970087117416,0.2770360298692733,NA,NA
20260330-clam-40C-C-vs-S,/Users/sr320/Documents/GitHub/resazurin-assay-development/data/clam/20260330-clam-40C-C-vs-S/plate-S-blue-T0.0.txt,plate-S-blue-T0.0.txt,s-blue,0,2026-03-30T10:25:23Z,20.8,"528/20,528/20",D,6,D6,NA,NA,NA,NA,NA,NA,NA,NA,NA,NA,NA,NA,NA,TRUE,FALSE,NA,parsed_table,FALSE,179,0,186.5,0.9597855227882037,NA,NA,NA,NA,NA
20260330-clam-40C-C-vs-S,/Users/sr320/Documents/GitHub/resazurin-assay-development/data/clam/20260330-clam-40C-C-vs-S/plate-S-blue-T0.5.txt,plate-S-blue-T0.5.txt,s-blue,0.5,2026-03-30T11:00:12Z,21.9,"528/20,528/20",D,6,D6,NA,NA,NA,NA,NA,NA,NA,NA,NA,NA,NA,NA,NA,TRUE,FALSE,NA,parsed_table,FALSE,176,-3,181.5,0.9696969696969697,NA,NA,NA,NA,NA
20260330-clam-40C-C-vs-S,/Users/sr320/Documents/GitHub/resazurin-assay-development/data/clam/20260330-clam-40C-C-vs-S/plate-S-blue-T1.0.txt,plate-S-blue-T1.0.txt,s-blue,1,2026-03-30T11:34:52Z,22.9,"528/20,528/20",D,6,D6,NA,NA,NA,NA,NA,NA,NA,NA,NA,NA,NA,NA,NA,TRUE,FALSE,NA,parsed_table,FALSE,175,-1,181.25,0.9655172413793104,NA,NA,NA,NA,NA
20260330-clam-40C-C-vs-S,/Users/sr320/Documents/GitHub/resazurin-assay-development/data/clam/20260330-clam-40C-C-vs-S/plate-S-blue-T1.5.txt,plate-S-blue-T1.5.txt,s-blue,1.5,2026-03-30T12:08:24Z,23.6,"528/20,528/20",D,6,D6,NA,NA,NA,NA,NA,NA,NA,NA,NA,NA,NA,NA,NA,TRUE,FALSE,NA,parsed_table,FALSE,169,-6,177,0.9548022598870056,NA,NA,NA,NA,NA
20260330-clam-40C-C-vs-S,/Users/sr320/Documents/GitHub/resazurin-assay-development/data/clam/20260330-clam-40C-C-vs-S/plate-S-blue-T2.0.txt,plate-S-blue-T2.0.txt,s-blue,2,2026-03-30T12:39:40Z,24,"528/20,528/20",D,6,D6,NA,NA,NA,NA,NA,NA,NA,NA,NA,NA,NA,NA,NA,TRUE,FALSE,NA,parsed_table,FALSE,166,-3,174.5,0.9512893982808023,NA,NA,NA,NA,NA
20260330-clam-40C-C-vs-S,/Users/sr320/Documents/GitHub/resazurin-assay-development/data/clam/20260330-clam-40C-C-vs-S/plate-S-red-T0.0.txt,plate-S-red-T0.0.txt,s-red,0,2026-03-30T10:25:23Z,20.8,"528/20,528/20",A,1,A1,NA,selected,NA,selected,NA,NA,tweed,61,NA,NA,NA,107.108,NA,FALSE,FALSE,NA,parsed_table,FALSE,582,0,186.5,3.1206434316353886,582,5.433767785786309,0.009336370765955858,NA,NA
20260330-clam-40C-C-vs-S,/Users/sr320/Documents/GitHub/resazurin-assay-development/data/clam/20260330-clam-40C-C-vs-S/plate-S-red-T0.5.txt,plate-S-red-T0.5.txt,s-red,0.5,2026-03-30T11:01:34Z,21.9,"528/20,528/20",A,1,A1,NA,selected,NA,selected,NA,NA,tweed,61,NA,NA,NA,107.108,NA,FALSE,FALSE,NA,parsed_table,FALSE,3218,2636,252,12.76984126984127,582,30.04444112484595,0.05162275107361847,NA,NA
20260330-clam-40C-C-vs-S,/Users/sr320/Documents/GitHub/resazurin-assay-development/data/clam/20260330-clam-40C-C-vs-S/plate-S-red-T1.0.txt,plate-S-red-T1.0.txt,s-red,1,2026-03-30T11:36:04Z,23,"528/20,528/20",A,1,A1,NA,selected,NA,selected,NA,NA,tweed,61,NA,NA,NA,107.108,NA,FALSE,FALSE,NA,parsed_table,FALSE,6196,2978,332.5,18.634586466165413,582,57.84815326586249,0.09939545234684276,NA,NA
20260330-clam-40C-C-vs-S,/Users/sr320/Documents/GitHub/resazurin-assay-development/data/clam/20260330-clam-40C-C-vs-S/plate-S-red-T1.5.txt,plate-S-red-T1.5.txt,s-red,1.5,2026-03-30T12:09:38Z,23.7,"528/20,528/20",A,1,A1,NA,selected,NA,selected,NA,NA,tweed,61,NA,NA,NA,107.108,NA,FALSE,FALSE,NA,parsed_table,FALSE,8258,2062,382.25,21.603662524525834,582,77.09974978526347,0.13247379688189598,NA,NA
20260330-clam-40C-C-vs-S,/Users/sr320/Documents/GitHub/resazurin-assay-development/data/clam/20260330-clam-40C-C-vs-S/plate-S-red-T2.0.txt,plate-S-red-T2.0.txt,s-red,2,2026-03-30T12:41:03Z,24,"528/20,528/20",A,1,A1,NA,selected,NA,selected,NA,NA,tweed,61,NA,NA,NA,107.108,NA,FALSE,FALSE,NA,parsed_table,FALSE,9472,1214,413.5,22.90689238210399,582,88.43410389513387,0.15194863212222315,NA,NA
20260330-clam-40C-C-vs-S,/Users/sr320/Documents/GitHub/resazurin-assay-development/data/clam/20260330-clam-40C-C-vs-S/plate-S-red-T0.0.txt,plate-S-red-T0.0.txt,s-red,0,2026-03-30T10:25:23Z,20.8,"528/20,528/20",A,2,A2,NA,selected,NA,selected,NA,NA,tweed,62,NA,NA,NA,110.029,NA,FALSE,FALSE,NA,parsed_table,FALSE,285,0,186.5,1.5281501340482573,285,2.5902262130892764,0.009088513028383427,NA,NA
20260330-clam-40C-C-vs-S,/Users/sr320/Documents/GitHub/resazurin-assay-development/data/clam/20260330-clam-40C-C-vs-S/plate-S-red-T0.5.txt,plate-S-red-T0.5.txt,s-red,0.5,2026-03-30T11:01:34Z,21.9,"528/20,528/20",A,2,A2,NA,selected,NA,selected,NA,NA,tweed,62,NA,NA,NA,110.029,NA,FALSE,FALSE,NA,parsed_table,FALSE,1922,1637,252,7.626984126984127,285,17.468122040552945,0.06129165628264191,NA,NA
20260330-clam-40C-C-vs-S,/Users/sr320/Documents/GitHub/resazurin-assay-development/data/clam/20260330-clam-40C-C-vs-S/plate-S-red-T1.0.txt,plate-S-red-T1.0.txt,s-red,1,2026-03-30T11:36:04Z,23,"528/20,528/20",A,2,A2,NA,selected,NA,selected,NA,NA,tweed,62,NA,NA,NA,110.029,NA,FALSE,FALSE,NA,parsed_table,FALSE,4134,2212,332.5,12.433082706766918,285,37.57191285933708,0.13183127319065643,NA,NA
20260330-clam-40C-C-vs-S,/Users/sr320/Documents/GitHub/resazurin-assay-development/data/clam/20260330-clam-40C-C-vs-S/plate-S-red-T1.5.txt,plate-S-red-T1.5.txt,s-red,1.5,2026-03-30T12:09:38Z,23.7,"528/20,528/20",A,2,A2,NA,selected,NA,selected,NA,NA,tweed,62,NA,NA,NA,110.029,NA,FALSE,FALSE,NA,parsed_table,FALSE,6096,1962,382.25,15.947678221059515,285,55.403575421025366,0.19439851024921181,NA,NA
20260330-clam-40C-C-vs-S,/Users/sr320/Documents/GitHub/resazurin-assay-development/data/clam/20260330-clam-40C-C-vs-S/plate-S-red-T2.0.txt,plate-S-red-T2.0.txt,s-red,2,2026-03-30T12:41:03Z,24,"528/20,528/20",A,2,A2,NA,selected,NA,selected,NA,NA,tweed,62,NA,NA,NA,110.029,NA,FALSE,FALSE,NA,parsed_table,FALSE,7787,1691,413.5,18.83192261185006,285,70.77225095202174,0.24832368755095346,NA,NA
20260330-clam-40C-C-vs-S,/Users/sr320/Documents/GitHub/resazurin-assay-development/data/clam/20260330-clam-40C-C-vs-S/plate-S-red-T0.0.txt,plate-S-red-T0.0.txt,s-red,0,2026-03-30T10:25:23Z,20.8,"528/20,528/20",A,3,A3,NA,selected,NA,selected,NA,NA,tweed,63,NA,NA,NA,101.213,NA,FALSE,FALSE,NA,parsed_table,FALSE,419,0,186.5,2.246648793565684,419,4.139784415045498,0.00988015373519212,NA,NA
20260330-clam-40C-C-vs-S,/Users/sr320/Documents/GitHub/resazurin-assay-development/data/clam/20260330-clam-40C-C-vs-S/plate-S-red-T0.5.txt,plate-S-red-T0.5.txt,s-red,0.5,2026-03-30T11:01:34Z,21.9,"528/20,528/20",A,3,A3,NA,selected,NA,selected,NA,NA,tweed,63,NA,NA,NA,101.213,NA,FALSE,FALSE,NA,parsed_table,FALSE,4832,4413,252,19.174603174603174,419,47.74090284844832,0.11394010226359981,NA,NA
20260330-clam-40C-C-vs-S,/Users/sr320/Documents/GitHub/resazurin-assay-development/data/clam/20260330-clam-40C-C-vs-S/plate-S-red-T1.0.txt,plate-S-red-T1.0.txt,s-red,1,2026-03-30T11:36:04Z,23,"528/20,528/20",A,3,A3,NA,selected,NA,selected,NA,NA,tweed,63,NA,NA,NA,101.213,NA,FALSE,FALSE,NA,parsed_table,FALSE,8190,3358,332.5,24.63157894736842,419,80.91845909122347,0.19312281406019918,NA,NA
20260330-clam-40C-C-vs-S,/Users/sr320/Documents/GitHub/resazurin-assay-development/data/clam/20260330-clam-40C-C-vs-S/plate-S-red-T1.5.txt,plate-S-red-T1.5.txt,s-red,1.5,2026-03-30T12:09:38Z,23.7,"528/20,528/20",A,3,A3,NA,selected,NA,selected,NA,NA,tweed,63,NA,NA,NA,101.213,NA,FALSE,FALSE,NA,parsed_table,FALSE,9929,1739,382.25,25.97514715500327,419,98.10004643672256,0.23412898910912305,NA,NA
20260330-clam-40C-C-vs-S,/Users/sr320/Documents/GitHub/resazurin-assay-development/data/clam/20260330-clam-40C-C-vs-S/plate-S-red-T2.0.txt,plate-S-red-T2.0.txt,s-red,2,2026-03-30T12:41:03Z,24,"528/20,528/20",A,3,A3,NA,selected,NA,selected,NA,NA,tweed,63,NA,NA,NA,101.213,NA,FALSE,FALSE,NA,parsed_table,FALSE,10609,680,413.5,25.656590084643287,419,104.8185509766532,0.2501636061495303,NA,NA
20260330-clam-40C-C-vs-S,/Users/sr320/Documents/GitHub/resazurin-assay-development/data/clam/20260330-clam-40C-C-vs-S/plate-S-red-T0.0.txt,plate-S-red-T0.0.txt,s-red,0,2026-03-30T10:25:23Z,20.8,"528/20,528/20",A,4,A4,NA,selected,NA,selected,NA,NA,tweed,64,NA,NA,NA,98.535,NA,FALSE,FALSE,NA,parsed_table,FALSE,336,0,186.5,1.801608579088472,336,3.409955853250114,0.01014867813467296,NA,NA
20260330-clam-40C-C-vs-S,/Users/sr320/Documents/GitHub/resazurin-assay-development/data/clam/20260330-clam-40C-C-vs-S/plate-S-red-T0.5.txt,plate-S-red-T0.5.txt,s-red,0.5,2026-03-30T11:01:34Z,21.9,"528/20,528/20",A,4,A4,NA,selected,NA,selected,NA,NA,tweed,64,NA,NA,NA,98.535,NA,FALSE,FALSE,NA,parsed_table,FALSE,1776,1440,252,7.0476190476190474,336,18.024052367179177,0.05364301299755707,NA,NA
20260330-clam-40C-C-vs-S,/Users/sr320/Documents/GitHub/resazurin-assay-development/data/clam/20260330-clam-40C-C-vs-S/plate-S-red-T1.0.txt,plate-S-red-T1.0.txt,s-red,1,2026-03-30T11:36:04Z,23,"528/20,528/20",A,4,A4,NA,selected,NA,selected,NA,NA,tweed,64,NA,NA,NA,98.535,NA,FALSE,FALSE,NA,parsed_table,FALSE,3808,2032,332.5,11.452631578947368,336,38.646166336834625,0.11501835219296021,NA,NA
20260330-clam-40C-C-vs-S,/Users/sr320/Documents/GitHub/resazurin-assay-development/data/clam/20260330-clam-40C-C-vs-S/plate-S-red-T1.5.txt,plate-S-red-T1.5.txt,s-red,1.5,2026-03-30T12:09:38Z,23.7,"528/20,528/20",A,4,A4,NA,selected,NA,selected,NA,NA,tweed,64,NA,NA,NA,98.535,NA,FALSE,FALSE,NA,parsed_table,FALSE,5670,1862,382.25,14.833224329627207,336,57.543005023595676,0.17125894352260618,NA,NA
20260330-clam-40C-C-vs-S,/Users/sr320/Documents/GitHub/resazurin-assay-development/data/clam/20260330-clam-40C-C-vs-S/plate-S-red-T2.0.txt,plate-S-red-T2.0.txt,s-red,2,2026-03-30T12:41:03Z,24,"528/20,528/20",A,4,A4,NA,selected,NA,selected,NA,NA,tweed,64,NA,NA,NA,98.535,NA,FALSE,FALSE,NA,parsed_table,FALSE,6293,623,413.5,15.218863361547763,336,63.865631501496935,0.19007628423064565,NA,NA
20260330-clam-40C-C-vs-S,/Users/sr320/Documents/GitHub/resazurin-assay-development/data/clam/20260330-clam-40C-C-vs-S/plate-S-red-T0.0.txt,plate-S-red-T0.0.txt,s-red,0,2026-03-30T10:25:23Z,20.8,"528/20,528/20",A,5,A5,NA,selected,NA,selected,NA,NA,tweed,65,NA,NA,NA,110.001,NA,FALSE,FALSE,NA,parsed_table,FALSE,398,0,186.5,2.1340482573726542,398,3.618148925918855,0.0090908264470323,NA,NA
20260330-clam-40C-C-vs-S,/Users/sr320/Documents/GitHub/resazurin-assay-development/data/clam/20260330-clam-40C-C-vs-S/plate-S-red-T0.5.txt,plate-S-red-T0.5.txt,s-red,0.5,2026-03-30T11:01:34Z,21.9,"528/20,528/20",A,5,A5,NA,selected,NA,selected,NA,NA,tweed,65,NA,NA,NA,110.001,NA,FALSE,FALSE,NA,parsed_table,FALSE,3696,3298,252,14.666666666666666,398,33.599694548231376,0.08442134308600849,NA,NA
20260330-clam-40C-C-vs-S,/Users/sr320/Documents/GitHub/resazurin-assay-development/data/clam/20260330-clam-40C-C-vs-S/plate-S-red-T1.0.txt,plate-S-red-T1.0.txt,s-red,1,2026-03-30T11:36:04Z,23,"528/20,528/20",A,5,A5,NA,selected,NA,selected,NA,NA,tweed,65,NA,NA,NA,110.001,NA,FALSE,FALSE,NA,parsed_table,FALSE,7021,3325,332.5,21.11578947368421,398,63.82669248461377,0.16036857408194416,NA,NA
20260330-clam-40C-C-vs-S,/Users/sr320/Documents/GitHub/resazurin-assay-development/data/clam/20260330-clam-40C-C-vs-S/plate-S-red-T1.5.txt,plate-S-red-T1.5.txt,s-red,1.5,2026-03-30T12:09:38Z,23.7,"528/20,528/20",A,5,A5,NA,selected,NA,selected,NA,NA,tweed,65,NA,NA,NA,110.001,NA,FALSE,FALSE,NA,parsed_table,FALSE,9344,2323,382.25,24.444735120994114,398,84.9446823210698,0.21342885005293918,NA,NA
20260330-clam-40C-C-vs-S,/Users/sr320/Documents/GitHub/resazurin-assay-development/data/clam/20260330-clam-40C-C-vs-S/plate-S-red-T2.0.txt,plate-S-red-T2.0.txt,s-red,2,2026-03-30T12:41:03Z,24,"528/20,528/20",A,5,A5,NA,selected,NA,selected,NA,NA,tweed,65,NA,NA,NA,110.001,NA,FALSE,FALSE,NA,parsed_table,FALSE,9882,538,413.5,23.898428053204352,398,89.83554694957319,0.2257174546471688,NA,NA
20260330-clam-40C-C-vs-S,/Users/sr320/Documents/GitHub/resazurin-assay-development/data/clam/20260330-clam-40C-C-vs-S/plate-S-red-T0.0.txt,plate-S-red-T0.0.txt,s-red,0,2026-03-30T10:25:23Z,20.8,"528/20,528/20",A,6,A6,NA,NA,NA,NA,NA,NA,NA,NA,NA,NA,NA,NA,NA,TRUE,FALSE,NA,parsed_table,FALSE,182,0,186.5,0.9758713136729222,NA,NA,NA,NA,NA
20260330-clam-40C-C-vs-S,/Users/sr320/Documents/GitHub/resazurin-assay-development/data/clam/20260330-clam-40C-C-vs-S/plate-S-red-T0.5.txt,plate-S-red-T0.5.txt,s-red,0.5,2026-03-30T11:01:34Z,21.9,"528/20,528/20",A,6,A6,NA,NA,NA,NA,NA,NA,NA,NA,NA,NA,NA,NA,NA,TRUE,FALSE,NA,parsed_table,FALSE,181,-1,252,0.7182539682539683,NA,NA,NA,NA,NA
20260330-clam-40C-C-vs-S,/Users/sr320/Documents/GitHub/resazurin-assay-development/data/clam/20260330-clam-40C-C-vs-S/plate-S-red-T1.0.txt,plate-S-red-T1.0.txt,s-red,1,2026-03-30T11:36:04Z,23,"528/20,528/20",A,6,A6,NA,NA,NA,NA,NA,NA,NA,NA,NA,NA,NA,NA,NA,TRUE,FALSE,NA,parsed_table,FALSE,180,-1,332.5,0.5413533834586466,NA,NA,NA,NA,NA
20260330-clam-40C-C-vs-S,/Users/sr320/Documents/GitHub/resazurin-assay-development/data/clam/20260330-clam-40C-C-vs-S/plate-S-red-T1.5.txt,plate-S-red-T1.5.txt,s-red,1.5,2026-03-30T12:09:38Z,23.7,"528/20,528/20",A,6,A6,NA,NA,NA,NA,NA,NA,NA,NA,NA,NA,NA,NA,NA,TRUE,FALSE,NA,parsed_table,FALSE,176,-4,382.25,0.460431654676259,NA,NA,NA,NA,NA
20260330-clam-40C-C-vs-S,/Users/sr320/Documents/GitHub/resazurin-assay-development/data/clam/20260330-clam-40C-C-vs-S/plate-S-red-T2.0.txt,plate-S-red-T2.0.txt,s-red,2,2026-03-30T12:41:03Z,24,"528/20,528/20",A,6,A6,NA,NA,NA,NA,NA,NA,NA,NA,NA,NA,NA,NA,NA,TRUE,FALSE,NA,parsed_table,FALSE,175,-1,413.5,0.42321644498186217,NA,NA,NA,NA,NA
20260330-clam-40C-C-vs-S,/Users/sr320/Documents/GitHub/resazurin-assay-development/data/clam/20260330-clam-40C-C-vs-S/plate-S-red-T0.0.txt,plate-S-red-T0.0.txt,s-red,0,2026-03-30T10:25:23Z,20.8,"528/20,528/20",B,1,B1,NA,selected,NA,selected,NA,NA,tweed,66,NA,NA,NA,113.57,NA,FALSE,FALSE,NA,parsed_table,FALSE,389,0,186.5,2.0857908847184987,389,3.4252003169851197,0.00880514220304658,NA,NA
20260330-clam-40C-C-vs-S,/Users/sr320/Documents/GitHub/resazurin-assay-development/data/clam/20260330-clam-40C-C-vs-S/plate-S-red-T0.5.txt,plate-S-red-T0.5.txt,s-red,0.5,2026-03-30T11:01:34Z,21.9,"528/20,528/20",B,1,B1,NA,selected,NA,selected,NA,NA,tweed,66,NA,NA,NA,113.57,NA,FALSE,FALSE,NA,parsed_table,FALSE,3484,3095,252,13.825396825396826,389,30.677115435414283,0.07886147926841719,NA,NA
20260330-clam-40C-C-vs-S,/Users/sr320/Documents/GitHub/resazurin-assay-development/data/clam/20260330-clam-40C-C-vs-S/plate-S-red-T1.0.txt,plate-S-red-T1.0.txt,s-red,1,2026-03-30T11:36:04Z,23,"528/20,528/20",B,1,B1,NA,selected,NA,selected,NA,NA,tweed,66,NA,NA,NA,113.57,NA,FALSE,FALSE,NA,parsed_table,FALSE,6718,3234,332.5,20.20451127819549,389,59.15294532006692,0.15206412678680445,NA,NA
20260330-clam-40C-C-vs-S,/Users/sr320/Documents/GitHub/resazurin-assay-development/data/clam/20260330-clam-40C-C-vs-S/plate-S-red-T1.5.txt,plate-S-red-T1.5.txt,s-red,1.5,2026-03-30T12:09:38Z,23.7,"528/20,528/20",B,1,B1,NA,selected,NA,selected,NA,NA,tweed,66,NA,NA,NA,113.57,NA,FALSE,FALSE,NA,parsed_table,FALSE,8564,1846,382.25,22.40418574231524,389,75.4072378268909,0.19384894042902548,NA,NA
20260330-clam-40C-C-vs-S,/Users/sr320/Documents/GitHub/resazurin-assay-development/data/clam/20260330-clam-40C-C-vs-S/plate-S-red-T2.0.txt,plate-S-red-T2.0.txt,s-red,2,2026-03-30T12:41:03Z,24,"528/20,528/20",B,1,B1,NA,selected,NA,selected,NA,NA,tweed,66,NA,NA,NA,113.57,NA,FALSE,FALSE,NA,parsed_table,FALSE,9863,1299,413.5,23.85247883917775,389,86.84511754864842,0.22325223020218102,NA,NA
20260330-clam-40C-C-vs-S,/Users/sr320/Documents/GitHub/resazurin-assay-development/data/clam/20260330-clam-40C-C-vs-S/plate-S-red-T0.0.txt,plate-S-red-T0.0.txt,s-red,0,2026-03-30T10:25:23Z,20.8,"528/20,528/20",B,2,B2,NA,selected,NA,selected,NA,NA,tweed,67,NA,NA,NA,105.466,NA,FALSE,FALSE,NA,parsed_table,FALSE,348,0,186.5,1.8659517426273458,348,3.2996415906548084,0.009481728708778185,NA,NA
20260330-clam-40C-C-vs-S,/Users/sr320/Documents/GitHub/resazurin-assay-development/data/clam/20260330-clam-40C-C-vs-S/plate-S-red-T0.5.txt,plate-S-red-T0.5.txt,s-red,0.5,2026-03-30T11:01:34Z,21.9,"528/20,528/20",B,2,B2,NA,selected,NA,selected,NA,NA,tweed,67,NA,NA,NA,105.466,NA,FALSE,FALSE,NA,parsed_table,FALSE,2306,1958,252,9.15079365079365,348,21.864866402442495,0.06283007586908762,NA,NA
20260330-clam-40C-C-vs-S,/Users/sr320/Documents/GitHub/resazurin-assay-development/data/clam/20260330-clam-40C-C-vs-S/plate-S-red-T1.0.txt,plate-S-red-T1.0.txt,s-red,1,2026-03-30T11:36:04Z,23,"528/20,528/20",B,2,B2,NA,selected,NA,selected,NA,NA,tweed,67,NA,NA,NA,105.466,NA,FALSE,FALSE,NA,parsed_table,FALSE,5112,2806,332.5,15.374436090225563,348,48.47059715927408,0.13928332517032782,NA,NA
20260330-clam-40C-C-vs-S,/Users/sr320/Documents/GitHub/resazurin-assay-development/data/clam/20260330-clam-40C-C-vs-S/plate-S-red-T1.5.txt,plate-S-red-T1.5.txt,s-red,1.5,2026-03-30T12:09:38Z,23.7,"528/20,528/20",B,2,B2,NA,selected,NA,selected,NA,NA,tweed,67,NA,NA,NA,105.466,NA,FALSE,FALSE,NA,parsed_table,FALSE,6934,1822,382.25,18.139960758665794,348,65.74630686666794,0.18892616915709176,NA,NA
20260330-clam-40C-C-vs-S,/Users/sr320/Documents/GitHub/resazurin-assay-development/data/clam/20260330-clam-40C-C-vs-S/plate-S-red-T2.0.txt,plate-S-red-T2.0.txt,s-red,2,2026-03-30T12:41:03Z,24,"528/20,528/20",B,2,B2,NA,selected,NA,selected,NA,NA,tweed,67,NA,NA,NA,105.466,NA,FALSE,FALSE,NA,parsed_table,FALSE,8185,1251,413.5,19.794437726723096,348,77.60794948134945,0.22301134908433748,NA,NA
20260330-clam-40C-C-vs-S,/Users/sr320/Documents/GitHub/resazurin-assay-development/data/clam/20260330-clam-40C-C-vs-S/plate-S-red-T0.0.txt,plate-S-red-T0.0.txt,s-red,0,2026-03-30T10:25:23Z,20.8,"528/20,528/20",B,3,B3,NA,selected,NA,selected,NA,NA,tweed,68,NA,NA,NA,92.495,NA,FALSE,FALSE,NA,parsed_table,FALSE,325,0,186.5,1.742627345844504,325,3.5137034434293746,0.010811395210551921,NA,NA
20260330-clam-40C-C-vs-S,/Users/sr320/Documents/GitHub/resazurin-assay-development/data/clam/20260330-clam-40C-C-vs-S/plate-S-red-T0.5.txt,plate-S-red-T0.5.txt,s-red,0.5,2026-03-30T11:01:34Z,21.9,"528/20,528/20",B,3,B3,NA,selected,NA,selected,NA,NA,tweed,68,NA,NA,NA,92.495,NA,FALSE,FALSE,NA,parsed_table,FALSE,1513,1188,252,6.003968253968254,325,16.357640953565056,0.050331202934046325,NA,NA
20260330-clam-40C-C-vs-S,/Users/sr320/Documents/GitHub/resazurin-assay-development/data/clam/20260330-clam-40C-C-vs-S/plate-S-red-T1.0.txt,plate-S-red-T1.0.txt,s-red,1,2026-03-30T11:36:04Z,23,"528/20,528/20",B,3,B3,NA,selected,NA,selected,NA,NA,tweed,68,NA,NA,NA,92.495,NA,FALSE,FALSE,NA,parsed_table,FALSE,4175,2662,332.5,12.556390977443609,325,45.13757500405427,0.13888484616632085,NA,NA
20260330-clam-40C-C-vs-S,/Users/sr320/Documents/GitHub/resazurin-assay-development/data/clam/20260330-clam-40C-C-vs-S/plate-S-red-T1.5.txt,plate-S-red-T1.5.txt,s-red,1.5,2026-03-30T12:09:38Z,23.7,"528/20,528/20",B,3,B3,NA,selected,NA,selected,NA,NA,tweed,68,NA,NA,NA,92.495,NA,FALSE,FALSE,NA,parsed_table,FALSE,6472,2297,382.25,16.931327665140614,325,69.97134980269203,0.21529646093136012,NA,NA
20260330-clam-40C-C-vs-S,/Users/sr320/Documents/GitHub/resazurin-assay-development/data/clam/20260330-clam-40C-C-vs-S/plate-S-red-T2.0.txt,plate-S-red-T2.0.txt,s-red,2,2026-03-30T12:41:03Z,24,"528/20,528/20",B,3,B3,NA,selected,NA,selected,NA,NA,tweed,68,NA,NA,NA,92.495,NA,FALSE,FALSE,NA,parsed_table,FALSE,7593,1121,413.5,18.362756952841597,325,82.09092383372074,0.25258745794991,NA,NA
20260330-clam-40C-C-vs-S,/Users/sr320/Documents/GitHub/resazurin-assay-development/data/clam/20260330-clam-40C-C-vs-S/plate-S-red-T0.0.txt,plate-S-red-T0.0.txt,s-red,0,2026-03-30T10:25:23Z,20.8,"528/20,528/20",B,4,B4,NA,selected,NA,selected,NA,NA,tweed,69,NA,NA,NA,70.012,NA,FALSE,FALSE,NA,parsed_table,FALSE,257,0,186.5,1.3780160857908847,257,3.67079929155002,0.014283265725875564,NA,NA
20260330-clam-40C-C-vs-S,/Users/sr320/Documents/GitHub/resazurin-assay-development/data/clam/20260330-clam-40C-C-vs-S/plate-S-red-T0.5.txt,plate-S-red-T0.5.txt,s-red,0.5,2026-03-30T11:01:34Z,21.9,"528/20,528/20",B,4,B4,NA,selected,NA,selected,NA,NA,tweed,69,NA,NA,NA,70.012,NA,FALSE,FALSE,NA,parsed_table,FALSE,1013,756,252,4.01984126984127,257,14.468948180311946,0.05629940926191419,NA,NA
20260330-clam-40C-C-vs-S,/Users/sr320/Documents/GitHub/resazurin-assay-development/data/clam/20260330-clam-40C-C-vs-S/plate-S-red-T1.0.txt,plate-S-red-T1.0.txt,s-red,1,2026-03-30T11:36:04Z,23,"528/20,528/20",B,4,B4,NA,selected,NA,selected,NA,NA,tweed,69,NA,NA,NA,70.012,NA,FALSE,FALSE,NA,parsed_table,FALSE,1979,966,332.5,5.951879699248121,257,28.26658287150774,0.10998670378018577,NA,NA
20260330-clam-40C-C-vs-S,/Users/sr320/Documents/GitHub/resazurin-assay-development/data/clam/20260330-clam-40C-C-vs-S/plate-S-red-T1.5.txt,plate-S-red-T1.5.txt,s-red,1.5,2026-03-30T12:09:38Z,23.7,"528/20,528/20",B,4,B4,NA,selected,NA,selected,NA,NA,tweed,69,NA,NA,NA,70.012,NA,FALSE,FALSE,NA,parsed_table,FALSE,3285,1306,382.25,8.593852190974493,257,46.92052790950123,0.18257014750778688,NA,NA
20260330-clam-40C-C-vs-S,/Users/sr320/Documents/GitHub/resazurin-assay-development/data/clam/20260330-clam-40C-C-vs-S/plate-S-red-T2.0.txt,plate-S-red-T2.0.txt,s-red,2,2026-03-30T12:41:03Z,24,"528/20,528/20",B,4,B4,NA,selected,NA,selected,NA,NA,tweed,69,NA,NA,NA,70.012,NA,FALSE,FALSE,NA,parsed_table,FALSE,4533,1248,413.5,10.962515114873035,257,64.74604353539394,0.25193013048791413,NA,NA
20260330-clam-40C-C-vs-S,/Users/sr320/Documents/GitHub/resazurin-assay-development/data/clam/20260330-clam-40C-C-vs-S/plate-S-red-T0.0.txt,plate-S-red-T0.0.txt,s-red,0,2026-03-30T10:25:23Z,20.8,"528/20,528/20",B,5,B5,NA,selected,NA,selected,NA,NA,tweed,70,NA,NA,NA,90.826,NA,FALSE,FALSE,NA,parsed_table,FALSE,376,0,186.5,2.0160857908847185,376,4.139783762358796,0.011010063197762756,NA,NA
20260330-clam-40C-C-vs-S,/Users/sr320/Documents/GitHub/resazurin-assay-development/data/clam/20260330-clam-40C-C-vs-S/plate-S-red-T0.5.txt,plate-S-red-T0.5.txt,s-red,0.5,2026-03-30T11:01:34Z,21.9,"528/20,528/20",B,5,B5,NA,selected,NA,selected,NA,NA,tweed,70,NA,NA,NA,90.826,NA,FALSE,FALSE,NA,parsed_table,FALSE,2471,2095,252,9.805555555555555,376,27.20586616167177,0.07235602702572279,NA,NA
20260330-clam-40C-C-vs-S,/Users/sr320/Documents/GitHub/resazurin-assay-development/data/clam/20260330-clam-40C-C-vs-S/plate-S-red-T1.0.txt,plate-S-red-T1.0.txt,s-red,1,2026-03-30T11:36:04Z,23,"528/20,528/20",B,5,B5,NA,selected,NA,selected,NA,NA,tweed,70,NA,NA,NA,90.826,NA,FALSE,FALSE,NA,parsed_table,FALSE,4819,2348,332.5,14.493233082706768,376,53.057494550018724,0.14111035784579448,NA,NA
20260330-clam-40C-C-vs-S,/Users/sr320/Documents/GitHub/resazurin-assay-development/data/clam/20260330-clam-40C-C-vs-S/plate-S-red-T1.5.txt,plate-S-red-T1.5.txt,s-red,1.5,2026-03-30T12:09:38Z,23.7,"528/20,528/20",B,5,B5,NA,selected,NA,selected,NA,NA,tweed,70,NA,NA,NA,90.826,NA,FALSE,FALSE,NA,parsed_table,FALSE,7217,2398,382.25,18.880313930673644,376,79.4596260982538,0.2113287928145048,NA,NA
20260330-clam-40C-C-vs-S,/Users/sr320/Documents/GitHub/resazurin-assay-development/data/clam/20260330-clam-40C-C-vs-S/plate-S-red-T2.0.txt,plate-S-red-T2.0.txt,s-red,2,2026-03-30T12:41:03Z,24,"528/20,528/20",B,5,B5,NA,selected,NA,selected,NA,NA,tweed,70,NA,NA,NA,90.826,NA,FALSE,FALSE,NA,parsed_table,FALSE,8570,1353,413.5,20.725513905683194,376,94.35624160482682,0.25094745107666705,NA,NA
20260330-clam-40C-C-vs-S,/Users/sr320/Documents/GitHub/resazurin-assay-development/data/clam/20260330-clam-40C-C-vs-S/plate-S-red-T0.0.txt,plate-S-red-T0.0.txt,s-red,0,2026-03-30T10:25:23Z,20.8,"528/20,528/20",B,6,B6,NA,NA,NA,NA,NA,NA,NA,NA,NA,NA,NA,NA,NA,TRUE,FALSE,NA,parsed_table,FALSE,196,0,186.5,1.0509383378016086,NA,NA,NA,NA,NA
20260330-clam-40C-C-vs-S,/Users/sr320/Documents/GitHub/resazurin-assay-development/data/clam/20260330-clam-40C-C-vs-S/plate-S-red-T0.5.txt,plate-S-red-T0.5.txt,s-red,0.5,2026-03-30T11:01:34Z,21.9,"528/20,528/20",B,6,B6,NA,NA,NA,NA,NA,NA,NA,NA,NA,NA,NA,NA,NA,TRUE,FALSE,NA,parsed_table,FALSE,369,173,252,1.4642857142857142,NA,NA,NA,NA,NA
20260330-clam-40C-C-vs-S,/Users/sr320/Documents/GitHub/resazurin-assay-development/data/clam/20260330-clam-40C-C-vs-S/plate-S-red-T1.0.txt,plate-S-red-T1.0.txt,s-red,1,2026-03-30T11:36:04Z,23,"528/20,528/20",B,6,B6,NA,NA,NA,NA,NA,NA,NA,NA,NA,NA,NA,NA,NA,TRUE,FALSE,NA,parsed_table,FALSE,600,231,332.5,1.8045112781954886,NA,NA,NA,NA,NA
20260330-clam-40C-C-vs-S,/Users/sr320/Documents/GitHub/resazurin-assay-development/data/clam/20260330-clam-40C-C-vs-S/plate-S-red-T1.5.txt,plate-S-red-T1.5.txt,s-red,1.5,2026-03-30T12:09:38Z,23.7,"528/20,528/20",B,6,B6,NA,NA,NA,NA,NA,NA,NA,NA,NA,NA,NA,NA,NA,TRUE,FALSE,NA,parsed_table,FALSE,786,186,382.25,2.05624591236102,NA,NA,NA,NA,NA
20260330-clam-40C-C-vs-S,/Users/sr320/Documents/GitHub/resazurin-assay-development/data/clam/20260330-clam-40C-C-vs-S/plate-S-red-T2.0.txt,plate-S-red-T2.0.txt,s-red,2,2026-03-30T12:41:03Z,24,"528/20,528/20",B,6,B6,NA,NA,NA,NA,NA,NA,NA,NA,NA,NA,NA,NA,NA,TRUE,FALSE,NA,parsed_table,FALSE,872,86,413.5,2.1088270858524787,NA,NA,NA,NA,NA
20260330-clam-40C-C-vs-S,/Users/sr320/Documents/GitHub/resazurin-assay-development/data/clam/20260330-clam-40C-C-vs-S/plate-S-red-T0.0.txt,plate-S-red-T0.0.txt,s-red,0,2026-03-30T10:25:23Z,20.8,"528/20,528/20",C,1,C1,NA,selected,NA,selected,NA,NA,tweed,71,NA,NA,NA,109.528,NA,FALSE,FALSE,NA,parsed_table,FALSE,385,0,186.5,2.064343163538874,385,3.515082901175955,0.009130085457599883,NA,NA
20260330-clam-40C-C-vs-S,/Users/sr320/Documents/GitHub/resazurin-assay-development/data/clam/20260330-clam-40C-C-vs-S/plate-S-red-T0.5.txt,plate-S-red-T0.5.txt,s-red,0.5,2026-03-30T11:01:34Z,21.9,"528/20,528/20",C,1,C1,NA,selected,NA,selected,NA,NA,tweed,71,NA,NA,NA,109.528,NA,FALSE,FALSE,NA,parsed_table,FALSE,5953,5568,252,23.623015873015873,385,54.351398729092104,0.14117246423140806,NA,NA
20260330-clam-40C-C-vs-S,/Users/sr320/Documents/GitHub/resazurin-assay-development/data/clam/20260330-clam-40C-C-vs-S/plate-S-red-T1.0.txt,plate-S-red-T1.0.txt,s-red,1,2026-03-30T11:36:04Z,23,"528/20,528/20",C,1,C1,NA,selected,NA,selected,NA,NA,tweed,71,NA,NA,NA,109.528,NA,FALSE,FALSE,NA,parsed_table,FALSE,9814,3861,332.5,29.51578947368421,385,89.60265868088524,0.23273417839190974,NA,NA
20260330-clam-40C-C-vs-S,/Users/sr320/Documents/GitHub/resazurin-assay-development/data/clam/20260330-clam-40C-C-vs-S/plate-S-red-T1.5.txt,plate-S-red-T1.5.txt,s-red,1.5,2026-03-30T12:09:38Z,23.7,"528/20,528/20",C,1,C1,NA,selected,NA,selected,NA,NA,tweed,71,NA,NA,NA,109.528,NA,FALSE,FALSE,NA,parsed_table,FALSE,10028,214,382.25,26.234139960758665,385,91.55649696881163,0.23780908303587436,NA,NA
20260330-clam-40C-C-vs-S,/Users/sr320/Documents/GitHub/resazurin-assay-development/data/clam/20260330-clam-40C-C-vs-S/plate-S-red-T2.0.txt,plate-S-red-T2.0.txt,s-red,2,2026-03-30T12:41:03Z,24,"528/20,528/20",C,1,C1,NA,selected,NA,selected,NA,NA,tweed,71,NA,NA,NA,109.528,NA,FALSE,FALSE,NA,parsed_table,FALSE,10181,153,413.5,24.621523579201934,385,92.9534000438244,0.24143740271123224,NA,NA
20260330-clam-40C-C-vs-S,/Users/sr320/Documents/GitHub/resazurin-assay-development/data/clam/20260330-clam-40C-C-vs-S/plate-S-red-T0.0.txt,plate-S-red-T0.0.txt,s-red,0,2026-03-30T10:25:23Z,20.8,"528/20,528/20",C,2,C2,NA,selected,NA,selected,NA,NA,tweed,72,NA,NA,NA,105.665,NA,FALSE,FALSE,NA,parsed_table,FALSE,392,0,186.5,2.1018766756032172,392,3.709837694600861,0.009463871669900155,NA,NA
20260330-clam-40C-C-vs-S,/Users/sr320/Documents/GitHub/resazurin-assay-development/data/clam/20260330-clam-40C-C-vs-S/plate-S-red-T0.5.txt,plate-S-red-T0.5.txt,s-red,0.5,2026-03-30T11:01:34Z,21.9,"528/20,528/20",C,2,C2,NA,selected,NA,selected,NA,NA,tweed,72,NA,NA,NA,105.665,NA,FALSE,FALSE,NA,parsed_table,FALSE,1647,1255,252,6.535714285714286,392,15.586996640325557,0.039762746531442746,NA,NA
20260330-clam-40C-C-vs-S,/Users/sr320/Documents/GitHub/resazurin-assay-development/data/clam/20260330-clam-40C-C-vs-S/plate-S-red-T1.0.txt,plate-S-red-T1.0.txt,s-red,1,2026-03-30T11:36:04Z,23,"528/20,528/20",C,2,C2,NA,selected,NA,selected,NA,NA,tweed,72,NA,NA,NA,105.665,NA,FALSE,FALSE,NA,parsed_table,FALSE,4165,2518,332.5,12.526315789473685,392,39.41702550513415,0.10055363649268916,NA,NA
20260330-clam-40C-C-vs-S,/Users/sr320/Documents/GitHub/resazurin-assay-development/data/clam/20260330-clam-40C-C-vs-S/plate-S-red-T1.5.txt,plate-S-red-T1.5.txt,s-red,1.5,2026-03-30T12:09:38Z,23.7,"528/20,528/20",C,2,C2,NA,selected,NA,selected,NA,NA,tweed,72,NA,NA,NA,105.665,NA,FALSE,FALSE,NA,parsed_table,FALSE,6299,2134,382.25,16.478744277305427,392,59.61292764870108,0.15207379502219662,NA,NA
20260330-clam-40C-C-vs-S,/Users/sr320/Documents/GitHub/resazurin-assay-development/data/clam/20260330-clam-40C-C-vs-S/plate-S-red-T2.0.txt,plate-S-red-T2.0.txt,s-red,2,2026-03-30T12:41:03Z,24,"528/20,528/20",C,2,C2,NA,selected,NA,selected,NA,NA,tweed,72,NA,NA,NA,105.665,NA,FALSE,FALSE,NA,parsed_table,FALSE,8040,1741,413.5,19.443772672309553,392,76.08952822599726,0.19410593935203382,NA,NA
20260330-clam-40C-C-vs-S,/Users/sr320/Documents/GitHub/resazurin-assay-development/data/clam/20260330-clam-40C-C-vs-S/plate-S-red-T0.0.txt,plate-S-red-T0.0.txt,s-red,0,2026-03-30T10:25:23Z,20.8,"528/20,528/20",C,3,C3,NA,selected,NA,selected,NA,NA,tweed,73,NA,NA,NA,77.025,NA,FALSE,FALSE,NA,parsed_table,FALSE,273,0,186.5,1.4638069705093835,273,3.5443037974683542,0.012982797792924375,NA,NA
20260330-clam-40C-C-vs-S,/Users/sr320/Documents/GitHub/resazurin-assay-development/data/clam/20260330-clam-40C-C-vs-S/plate-S-red-T0.5.txt,plate-S-red-T0.5.txt,s-red,0.5,2026-03-30T11:01:34Z,21.9,"528/20,528/20",C,3,C3,NA,selected,NA,selected,NA,NA,tweed,73,NA,NA,NA,77.025,NA,FALSE,FALSE,NA,parsed_table,FALSE,1027,754,252,4.075396825396825,273,13.333333333333332,0.04884004884004883,NA,NA
20260330-clam-40C-C-vs-S,/Users/sr320/Documents/GitHub/resazurin-assay-development/data/clam/20260330-clam-40C-C-vs-S/plate-S-red-T1.0.txt,plate-S-red-T1.0.txt,s-red,1,2026-03-30T11:36:04Z,23,"528/20,528/20",C,3,C3,NA,selected,NA,selected,NA,NA,tweed,73,NA,NA,NA,77.025,NA,FALSE,FALSE,NA,parsed_table,FALSE,1838,811,332.5,5.527819548872181,273,23.862382343395,0.08740799393184982,NA,NA
20260330-clam-40C-C-vs-S,/Users/sr320/Documents/GitHub/resazurin-assay-development/data/clam/20260330-clam-40C-C-vs-S/plate-S-red-T1.5.txt,plate-S-red-T1.5.txt,s-red,1.5,2026-03-30T12:09:38Z,23.7,"528/20,528/20",C,3,C3,NA,selected,NA,selected,NA,NA,tweed,73,NA,NA,NA,77.025,NA,FALSE,FALSE,NA,parsed_table,FALSE,2730,892,382.25,7.141922825376063,273,35.44303797468354,0.12982797792924375,NA,NA
20260330-clam-40C-C-vs-S,/Users/sr320/Documents/GitHub/resazurin-assay-development/data/clam/20260330-clam-40C-C-vs-S/plate-S-red-T2.0.txt,plate-S-red-T2.0.txt,s-red,2,2026-03-30T12:41:03Z,24,"528/20,528/20",C,3,C3,NA,selected,NA,selected,NA,NA,tweed,73,NA,NA,NA,77.025,NA,FALSE,FALSE,NA,parsed_table,FALSE,3819,1089,413.5,9.235792019347038,273,49.58130477117818,0.18161650099332668,NA,NA
20260330-clam-40C-C-vs-S,/Users/sr320/Documents/GitHub/resazurin-assay-development/data/clam/20260330-clam-40C-C-vs-S/plate-S-red-T0.0.txt,plate-S-red-T0.0.txt,s-red,0,2026-03-30T10:25:23Z,20.8,"528/20,528/20",C,4,C4,NA,selected,NA,selected,NA,NA,tweed,74,NA,NA,NA,96.877,NA,FALSE,FALSE,NA,parsed_table,FALSE,271,0,186.5,1.4530831099195711,271,2.7973616028572317,0.010322367538218566,NA,NA
20260330-clam-40C-C-vs-S,/Users/sr320/Documents/GitHub/resazurin-assay-development/data/clam/20260330-clam-40C-C-vs-S/plate-S-red-T0.5.txt,plate-S-red-T0.5.txt,s-red,0.5,2026-03-30T11:01:34Z,21.9,"528/20,528/20",C,4,C4,NA,selected,NA,selected,NA,NA,tweed,74,NA,NA,NA,96.877,NA,FALSE,FALSE,NA,parsed_table,FALSE,2077,1806,252,8.242063492063492,271,21.43955737687996,0.07911275784826555,NA,NA
20260330-clam-40C-C-vs-S,/Users/sr320/Documents/GitHub/resazurin-assay-development/data/clam/20260330-clam-40C-C-vs-S/plate-S-red-T1.0.txt,plate-S-red-T1.0.txt,s-red,1,2026-03-30T11:36:04Z,23,"528/20,528/20",C,4,C4,NA,selected,NA,selected,NA,NA,tweed,74,NA,NA,NA,96.877,NA,FALSE,FALSE,NA,parsed_table,FALSE,3383,1306,332.5,10.174436090225564,271,34.92056938179341,0.12885818960071369,NA,NA
20260330-clam-40C-C-vs-S,/Users/sr320/Documents/GitHub/resazurin-assay-development/data/clam/20260330-clam-40C-C-vs-S/plate-S-red-T1.5.txt,plate-S-red-T1.5.txt,s-red,1.5,2026-03-30T12:09:38Z,23.7,"528/20,528/20",C,4,C4,NA,selected,NA,selected,NA,NA,tweed,74,NA,NA,NA,96.877,NA,FALSE,FALSE,NA,parsed_table,FALSE,4239,856,382.25,11.089601046435579,271,43.756515994508504,0.1614631586513229,NA,NA
20260330-clam-40C-C-vs-S,/Users/sr320/Documents/GitHub/resazurin-assay-development/data/clam/20260330-clam-40C-C-vs-S/plate-S-red-T2.0.txt,plate-S-red-T2.0.txt,s-red,2,2026-03-30T12:41:03Z,24,"528/20,528/20",C,4,C4,NA,selected,NA,selected,NA,NA,tweed,74,NA,NA,NA,96.877,NA,FALSE,FALSE,NA,parsed_table,FALSE,5117,878,413.5,12.374848851269649,271,52.819554693064404,0.19490610587846646,NA,NA
20260330-clam-40C-C-vs-S,/Users/sr320/Documents/GitHub/resazurin-assay-development/data/clam/20260330-clam-40C-C-vs-S/plate-S-red-T0.0.txt,plate-S-red-T0.0.txt,s-red,0,2026-03-30T10:25:23Z,20.8,"528/20,528/20",C,5,C5,NA,selected,NA,selected,NA,NA,tweed,75,NA,NA,NA,90.278,NA,FALSE,FALSE,NA,parsed_table,FALSE,385,0,186.5,2.064343163538874,385,4.264604887126431,0.011076895810718003,NA,NA
20260330-clam-40C-C-vs-S,/Users/sr320/Documents/GitHub/resazurin-assay-development/data/clam/20260330-clam-40C-C-vs-S/plate-S-red-T0.5.txt,plate-S-red-T0.5.txt,s-red,0.5,2026-03-30T11:01:34Z,21.9,"528/20,528/20",C,5,C5,NA,selected,NA,selected,NA,NA,tweed,75,NA,NA,NA,90.278,NA,FALSE,FALSE,NA,parsed_table,FALSE,2154,1769,252,8.547619047619047,385,23.85963357628658,0.06197307422412099,NA,NA
20260330-clam-40C-C-vs-S,/Users/sr320/Documents/GitHub/resazurin-assay-development/data/clam/20260330-clam-40C-C-vs-S/plate-S-red-T1.0.txt,plate-S-red-T1.0.txt,s-red,1,2026-03-30T11:36:04Z,23,"528/20,528/20",C,5,C5,NA,selected,NA,selected,NA,NA,tweed,75,NA,NA,NA,90.278,NA,FALSE,FALSE,NA,parsed_table,FALSE,4525,2371,332.5,13.609022556390977,385,50.122953543498966,0.13018948972337394,NA,NA
20260330-clam-40C-C-vs-S,/Users/sr320/Documents/GitHub/resazurin-assay-development/data/clam/20260330-clam-40C-C-vs-S/plate-S-red-T1.5.txt,plate-S-red-T1.5.txt,s-red,1.5,2026-03-30T12:09:38Z,23.7,"528/20,528/20",C,5,C5,NA,selected,NA,selected,NA,NA,tweed,75,NA,NA,NA,90.278,NA,FALSE,FALSE,NA,parsed_table,FALSE,5495,970,382.25,14.375408763897973,385,60.86754247989543,0.15809751293479332,NA,NA
20260330-clam-40C-C-vs-S,/Users/sr320/Documents/GitHub/resazurin-assay-development/data/clam/20260330-clam-40C-C-vs-S/plate-S-red-T2.0.txt,plate-S-red-T2.0.txt,s-red,2,2026-03-30T12:41:03Z,24,"528/20,528/20",C,5,C5,NA,selected,NA,selected,NA,NA,tweed,75,NA,NA,NA,90.278,NA,FALSE,FALSE,NA,parsed_table,FALSE,6627,1132,413.5,16.02660217654172,385,73.40658853762821,0.19066646373409926,NA,NA
20260330-clam-40C-C-vs-S,/Users/sr320/Documents/GitHub/resazurin-assay-development/data/clam/20260330-clam-40C-C-vs-S/plate-S-red-T0.0.txt,plate-S-red-T0.0.txt,s-red,0,2026-03-30T10:25:23Z,20.8,"528/20,528/20",C,6,C6,NA,NA,NA,NA,NA,NA,NA,NA,NA,NA,NA,NA,NA,TRUE,FALSE,NA,parsed_table,FALSE,189,0,186.5,1.0134048257372654,NA,NA,NA,NA,NA
20260330-clam-40C-C-vs-S,/Users/sr320/Documents/GitHub/resazurin-assay-development/data/clam/20260330-clam-40C-C-vs-S/plate-S-red-T0.5.txt,plate-S-red-T0.5.txt,s-red,0.5,2026-03-30T11:01:34Z,21.9,"528/20,528/20",C,6,C6,NA,NA,NA,NA,NA,NA,NA,NA,NA,NA,NA,NA,NA,TRUE,FALSE,NA,parsed_table,FALSE,280,91,252,1.1111111111111112,NA,NA,NA,NA,NA
20260330-clam-40C-C-vs-S,/Users/sr320/Documents/GitHub/resazurin-assay-development/data/clam/20260330-clam-40C-C-vs-S/plate-S-red-T1.0.txt,plate-S-red-T1.0.txt,s-red,1,2026-03-30T11:36:04Z,23,"528/20,528/20",C,6,C6,NA,NA,NA,NA,NA,NA,NA,NA,NA,NA,NA,NA,NA,TRUE,FALSE,NA,parsed_table,FALSE,385,105,332.5,1.1578947368421053,NA,NA,NA,NA,NA
20260330-clam-40C-C-vs-S,/Users/sr320/Documents/GitHub/resazurin-assay-development/data/clam/20260330-clam-40C-C-vs-S/plate-S-red-T1.5.txt,plate-S-red-T1.5.txt,s-red,1.5,2026-03-30T12:09:38Z,23.7,"528/20,528/20",C,6,C6,NA,NA,NA,NA,NA,NA,NA,NA,NA,NA,NA,NA,NA,TRUE,FALSE,NA,parsed_table,FALSE,425,40,382.25,1.1118378024852844,NA,NA,NA,NA,NA
20260330-clam-40C-C-vs-S,/Users/sr320/Documents/GitHub/resazurin-assay-development/data/clam/20260330-clam-40C-C-vs-S/plate-S-red-T2.0.txt,plate-S-red-T2.0.txt,s-red,2,2026-03-30T12:41:03Z,24,"528/20,528/20",C,6,C6,NA,NA,NA,NA,NA,NA,NA,NA,NA,NA,NA,NA,NA,TRUE,FALSE,NA,parsed_table,FALSE,467,42,413.5,1.1293833131801694,NA,NA,NA,NA,NA
20260330-clam-40C-C-vs-S,/Users/sr320/Documents/GitHub/resazurin-assay-development/data/clam/20260330-clam-40C-C-vs-S/plate-S-red-T0.0.txt,plate-S-red-T0.0.txt,s-red,0,2026-03-30T10:25:23Z,20.8,"528/20,528/20",D,1,D1,NA,selected,NA,selected,NA,NA,tweed,76,NA,NA,NA,84.028,NA,FALSE,FALSE,NA,parsed_table,FALSE,294,0,186.5,1.5764075067024128,294,3.4988337220926358,0.011900794973104202,NA,NA
20260330-clam-40C-C-vs-S,/Users/sr320/Documents/GitHub/resazurin-assay-development/data/clam/20260330-clam-40C-C-vs-S/plate-S-red-T0.5.txt,plate-S-red-T0.5.txt,s-red,0.5,2026-03-30T11:01:34Z,21.9,"528/20,528/20",D,1,D1,NA,selected,NA,selected,NA,NA,tweed,76,NA,NA,NA,84.028,NA,FALSE,FALSE,NA,parsed_table,FALSE,2306,2012,252,9.15079365079365,294,27.44323320797829,0.09334433063938194,NA,NA
20260330-clam-40C-C-vs-S,/Users/sr320/Documents/GitHub/resazurin-assay-development/data/clam/20260330-clam-40C-C-vs-S/plate-S-red-T1.0.txt,plate-S-red-T1.0.txt,s-red,1,2026-03-30T11:36:04Z,23,"528/20,528/20",D,1,D1,NA,selected,NA,selected,NA,NA,tweed,76,NA,NA,NA,84.028,NA,FALSE,FALSE,NA,parsed_table,FALSE,3716,1410,332.5,11.17593984962406,294,44.22335412005522,0.1504195718369225,NA,NA
20260330-clam-40C-C-vs-S,/Users/sr320/Documents/GitHub/resazurin-assay-development/data/clam/20260330-clam-40C-C-vs-S/plate-S-red-T1.5.txt,plate-S-red-T1.5.txt,s-red,1.5,2026-03-30T12:09:38Z,23.7,"528/20,528/20",D,1,D1,NA,selected,NA,selected,NA,NA,tweed,76,NA,NA,NA,84.028,NA,FALSE,FALSE,NA,parsed_table,FALSE,3980,264,382.25,10.412034009156311,294,47.36516399295473,0.1611059999760365,NA,NA
20260330-clam-40C-C-vs-S,/Users/sr320/Documents/GitHub/resazurin-assay-development/data/clam/20260330-clam-40C-C-vs-S/plate-S-red-T2.0.txt,plate-S-red-T2.0.txt,s-red,2,2026-03-30T12:41:03Z,24,"528/20,528/20",D,1,D1,NA,selected,NA,selected,NA,NA,tweed,76,NA,NA,NA,84.028,NA,FALSE,FALSE,NA,parsed_table,FALSE,4756,776,413.5,11.501813784764208,294,56.600180892083586,0.19251762208191694,NA,NA
20260330-clam-40C-C-vs-S,/Users/sr320/Documents/GitHub/resazurin-assay-development/data/clam/20260330-clam-40C-C-vs-S/plate-S-red-T0.0.txt,plate-S-red-T0.0.txt,s-red,0,2026-03-30T10:25:23Z,20.8,"528/20,528/20",D,2,D2,NA,selected,NA,selected,NA,NA,tweed,77,NA,NA,NA,104.456,NA,FALSE,FALSE,NA,parsed_table,FALSE,318,0,186.5,1.7050938337801609,318,3.04434403002221,0.009573408899440913,NA,NA
20260330-clam-40C-C-vs-S,/Users/sr320/Documents/GitHub/resazurin-assay-development/data/clam/20260330-clam-40C-C-vs-S/plate-S-red-T0.5.txt,plate-S-red-T0.5.txt,s-red,0.5,2026-03-30T11:01:34Z,21.9,"528/20,528/20",D,2,D2,NA,selected,NA,selected,NA,NA,tweed,77,NA,NA,NA,104.456,NA,FALSE,FALSE,NA,parsed_table,FALSE,2397,2079,252,9.511904761904763,318,22.94746113195987,0.0721618274589933,NA,NA
20260330-clam-40C-C-vs-S,/Users/sr320/Documents/GitHub/resazurin-assay-development/data/clam/20260330-clam-40C-C-vs-S/plate-S-red-T1.0.txt,plate-S-red-T1.0.txt,s-red,1,2026-03-30T11:36:04Z,23,"528/20,528/20",D,2,D2,NA,selected,NA,selected,NA,NA,tweed,77,NA,NA,NA,104.456,NA,FALSE,FALSE,NA,parsed_table,FALSE,4252,1855,332.5,12.78796992481203,318,40.70613464042276,0.12800671270573194,NA,NA
20260330-clam-40C-C-vs-S,/Users/sr320/Documents/GitHub/resazurin-assay-development/data/clam/20260330-clam-40C-C-vs-S/plate-S-red-T1.5.txt,plate-S-red-T1.5.txt,s-red,1.5,2026-03-30T12:09:38Z,23.7,"528/20,528/20",D,2,D2,NA,selected,NA,selected,NA,NA,tweed,77,NA,NA,NA,104.456,NA,FALSE,FALSE,NA,parsed_table,FALSE,5505,1253,382.25,14.401569653368215,318,52.70161599142222,0.16572835217428372,NA,NA
20260330-clam-40C-C-vs-S,/Users/sr320/Documents/GitHub/resazurin-assay-development/data/clam/20260330-clam-40C-C-vs-S/plate-S-red-T2.0.txt,plate-S-red-T2.0.txt,s-red,2,2026-03-30T12:41:03Z,24,"528/20,528/20",D,2,D2,NA,selected,NA,selected,NA,NA,tweed,77,NA,NA,NA,104.456,NA,FALSE,FALSE,NA,parsed_table,FALSE,6754,1249,413.5,16.333736396614267,318,64.65880370682392,0.20332957140510666,NA,NA
20260330-clam-40C-C-vs-S,/Users/sr320/Documents/GitHub/resazurin-assay-development/data/clam/20260330-clam-40C-C-vs-S/plate-S-red-T0.0.txt,plate-S-red-T0.0.txt,s-red,0,2026-03-30T10:25:23Z,20.8,"528/20,528/20",D,3,D3,NA,selected,NA,selected,NA,NA,tweed,78,NA,NA,NA,92.694,NA,FALSE,FALSE,NA,parsed_table,FALSE,254,0,186.5,1.3619302949061662,254,2.740198934127344,0.010788184780028912,NA,NA
20260330-clam-40C-C-vs-S,/Users/sr320/Documents/GitHub/resazurin-assay-development/data/clam/20260330-clam-40C-C-vs-S/plate-S-red-T0.5.txt,plate-S-red-T0.5.txt,s-red,0.5,2026-03-30T11:01:34Z,21.9,"528/20,528/20",D,3,D3,NA,selected,NA,selected,NA,NA,tweed,78,NA,NA,NA,92.694,NA,FALSE,FALSE,NA,parsed_table,FALSE,1142,888,252,4.531746031746032,254,12.320107018793017,0.048504358341704794,NA,NA
20260330-clam-40C-C-vs-S,/Users/sr320/Documents/GitHub/resazurin-assay-development/data/clam/20260330-clam-40C-C-vs-S/plate-S-red-T1.0.txt,plate-S-red-T1.0.txt,s-red,1,2026-03-30T11:36:04Z,23,"528/20,528/20",D,3,D3,NA,selected,NA,selected,NA,NA,tweed,78,NA,NA,NA,92.694,NA,FALSE,FALSE,NA,parsed_table,FALSE,2511,1369,332.5,7.55187969924812,254,27.0891319826526,0.1066501259159551,NA,NA
20260330-clam-40C-C-vs-S,/Users/sr320/Documents/GitHub/resazurin-assay-development/data/clam/20260330-clam-40C-C-vs-S/plate-S-red-T1.5.txt,plate-S-red-T1.5.txt,s-red,1.5,2026-03-30T12:09:38Z,23.7,"528/20,528/20",D,3,D3,NA,selected,NA,selected,NA,NA,tweed,78,NA,NA,NA,92.694,NA,FALSE,FALSE,NA,parsed_table,FALSE,3868,1357,382.25,10.1190320470896,254,41.72869872915183,0.1642862154691017,NA,NA
20260330-clam-40C-C-vs-S,/Users/sr320/Documents/GitHub/resazurin-assay-development/data/clam/20260330-clam-40C-C-vs-S/plate-S-red-T2.0.txt,plate-S-red-T2.0.txt,s-red,2,2026-03-30T12:41:03Z,24,"528/20,528/20",D,3,D3,NA,selected,NA,selected,NA,NA,tweed,78,NA,NA,NA,92.694,NA,FALSE,FALSE,NA,parsed_table,FALSE,4799,931,413.5,11.605804111245465,254,51.77249875935875,0.20382873527306594,NA,NA
20260330-clam-40C-C-vs-S,/Users/sr320/Documents/GitHub/resazurin-assay-development/data/clam/20260330-clam-40C-C-vs-S/plate-S-red-T0.0.txt,plate-S-red-T0.0.txt,s-red,0,2026-03-30T10:25:23Z,20.8,"528/20,528/20",D,4,D4,NA,selected,NA,selected,NA,NA,tweed,79,NA,NA,NA,99.693,NA,FALSE,FALSE,NA,parsed_table,FALSE,410,0,186.5,2.1983914209115283,410,4.1126257610865355,0.010030794539235452,NA,NA
20260330-clam-40C-C-vs-S,/Users/sr320/Documents/GitHub/resazurin-assay-development/data/clam/20260330-clam-40C-C-vs-S/plate-S-red-T0.5.txt,plate-S-red-T0.5.txt,s-red,0.5,2026-03-30T11:01:34Z,21.9,"528/20,528/20",D,4,D4,NA,selected,NA,selected,NA,NA,tweed,79,NA,NA,NA,99.693,NA,FALSE,FALSE,NA,parsed_table,FALSE,4263,3853,252,16.916666666666668,410,42.76127712076074,0.104295797855514,NA,NA
20260330-clam-40C-C-vs-S,/Users/sr320/Documents/GitHub/resazurin-assay-development/data/clam/20260330-clam-40C-C-vs-S/plate-S-red-T1.0.txt,plate-S-red-T1.0.txt,s-red,1,2026-03-30T11:36:04Z,23,"528/20,528/20",D,4,D4,NA,selected,NA,selected,NA,NA,tweed,79,NA,NA,NA,99.693,NA,FALSE,FALSE,NA,parsed_table,FALSE,6841,2578,332.5,20.574436090225564,410,68.62066544290974,0.16736747669002372,NA,NA
20260330-clam-40C-C-vs-S,/Users/sr320/Documents/GitHub/resazurin-assay-development/data/clam/20260330-clam-40C-C-vs-S/plate-S-red-T1.5.txt,plate-S-red-T1.5.txt,s-red,1.5,2026-03-30T12:09:38Z,23.7,"528/20,528/20",D,4,D4,NA,selected,NA,selected,NA,NA,tweed,79,NA,NA,NA,99.693,NA,FALSE,FALSE,NA,parsed_table,FALSE,8188,1347,382.25,21.42053629823414,410,82.1321456872599,0.20032230655429242,NA,NA
20260330-clam-40C-C-vs-S,/Users/sr320/Documents/GitHub/resazurin-assay-development/data/clam/20260330-clam-40C-C-vs-S/plate-S-red-T2.0.txt,plate-S-red-T2.0.txt,s-red,2,2026-03-30T12:41:03Z,24,"528/20,528/20",D,4,D4,NA,selected,NA,selected,NA,NA,tweed,79,NA,NA,NA,99.693,NA,FALSE,FALSE,NA,parsed_table,FALSE,8065,-123,413.5,19.504232164449817,410,80.89835795893393,0.19731306819252178,NA,NA
20260330-clam-40C-C-vs-S,/Users/sr320/Documents/GitHub/resazurin-assay-development/data/clam/20260330-clam-40C-C-vs-S/plate-S-red-T0.0.txt,plate-S-red-T0.0.txt,s-red,0,2026-03-30T10:25:23Z,20.8,"528/20,528/20",D,5,D5,NA,selected,NA,selected,NA,NA,tweed,80,NA,NA,NA,44.178,NA,FALSE,FALSE,NA,parsed_table,FALSE,297,0,186.5,1.5924932975871313,297,6.722803205215266,0.02263570102766083,NA,NA
20260330-clam-40C-C-vs-S,/Users/sr320/Documents/GitHub/resazurin-assay-development/data/clam/20260330-clam-40C-C-vs-S/plate-S-red-T0.5.txt,plate-S-red-T0.5.txt,s-red,0.5,2026-03-30T11:01:34Z,21.9,"528/20,528/20",D,5,D5,NA,selected,NA,selected,NA,NA,tweed,80,NA,NA,NA,44.178,NA,FALSE,FALSE,NA,parsed_table,FALSE,4351,4054,252,17.265873015873016,297,98.48793517135226,0.3316092093311524,NA,NA
20260330-clam-40C-C-vs-S,/Users/sr320/Documents/GitHub/resazurin-assay-development/data/clam/20260330-clam-40C-C-vs-S/plate-S-red-T1.0.txt,plate-S-red-T1.0.txt,s-red,1,2026-03-30T11:36:04Z,23,"528/20,528/20",D,5,D5,NA,selected,NA,selected,NA,NA,tweed,80,NA,NA,NA,44.178,NA,FALSE,FALSE,NA,parsed_table,FALSE,7145,2794,332.5,21.48872180451128,297,161.73208384263663,0.5445524708506284,NA,NA
20260330-clam-40C-C-vs-S,/Users/sr320/Documents/GitHub/resazurin-assay-development/data/clam/20260330-clam-40C-C-vs-S/plate-S-red-T1.5.txt,plate-S-red-T1.5.txt,s-red,1.5,2026-03-30T12:09:38Z,23.7,"528/20,528/20",D,5,D5,NA,selected,NA,selected,NA,NA,tweed,80,NA,NA,NA,44.178,NA,FALSE,FALSE,NA,parsed_table,FALSE,7945,800,382.25,20.78482668410726,297,179.84064466476528,0.6055240561103208,NA,NA
20260330-clam-40C-C-vs-S,/Users/sr320/Documents/GitHub/resazurin-assay-development/data/clam/20260330-clam-40C-C-vs-S/plate-S-red-T2.0.txt,plate-S-red-T2.0.txt,s-red,2,2026-03-30T12:41:03Z,24,"528/20,528/20",D,5,D5,NA,selected,NA,selected,NA,NA,tweed,80,NA,NA,NA,44.178,NA,FALSE,FALSE,NA,parsed_table,FALSE,8251,306,413.5,19.954050785973397,297,186.76716917922948,0.6288456874721532,NA,NA
20260330-clam-40C-C-vs-S,/Users/sr320/Documents/GitHub/resazurin-assay-development/data/clam/20260330-clam-40C-C-vs-S/plate-S-red-T0.0.txt,plate-S-red-T0.0.txt,s-red,0,2026-03-30T10:25:23Z,20.8,"528/20,528/20",D,6,D6,NA,NA,NA,NA,NA,NA,NA,NA,NA,NA,NA,NA,NA,TRUE,FALSE,NA,parsed_table,FALSE,179,0,186.5,0.9597855227882037,NA,NA,NA,NA,NA
20260330-clam-40C-C-vs-S,/Users/sr320/Documents/GitHub/resazurin-assay-development/data/clam/20260330-clam-40C-C-vs-S/plate-S-red-T0.5.txt,plate-S-red-T0.5.txt,s-red,0.5,2026-03-30T11:01:34Z,21.9,"528/20,528/20",D,6,D6,NA,NA,NA,NA,NA,NA,NA,NA,NA,NA,NA,NA,NA,TRUE,FALSE,NA,parsed_table,FALSE,178,-1,252,0.7063492063492064,NA,NA,NA,NA,NA
20260330-clam-40C-C-vs-S,/Users/sr320/Documents/GitHub/resazurin-assay-development/data/clam/20260330-clam-40C-C-vs-S/plate-S-red-T1.0.txt,plate-S-red-T1.0.txt,s-red,1,2026-03-30T11:36:04Z,23,"528/20,528/20",D,6,D6,NA,NA,NA,NA,NA,NA,NA,NA,NA,NA,NA,NA,NA,TRUE,FALSE,NA,parsed_table,FALSE,165,-13,332.5,0.49624060150375937,NA,NA,NA,NA,NA
20260330-clam-40C-C-vs-S,/Users/sr320/Documents/GitHub/resazurin-assay-development/data/clam/20260330-clam-40C-C-vs-S/plate-S-red-T1.5.txt,plate-S-red-T1.5.txt,s-red,1.5,2026-03-30T12:09:38Z,23.7,"528/20,528/20",D,6,D6,NA,NA,NA,NA,NA,NA,NA,NA,NA,NA,NA,NA,NA,TRUE,FALSE,NA,parsed_table,FALSE,142,-23,382.25,0.37148463047743624,NA,NA,NA,NA,NA
20260330-clam-40C-C-vs-S,/Users/sr320/Documents/GitHub/resazurin-assay-development/data/clam/20260330-clam-40C-C-vs-S/plate-S-red-T2.0.txt,plate-S-red-T2.0.txt,s-red,2,2026-03-30T12:41:03Z,24,"528/20,528/20",D,6,D6,NA,NA,NA,NA,NA,NA,NA,NA,NA,NA,NA,NA,NA,TRUE,FALSE,NA,parsed_table,FALSE,140,-2,413.5,0.3385731559854897,NA,NA,NA,NA,NA
20260331-clam-36C-C-vs-S,/Users/sr320/Documents/GitHub/resazurin-assay-development/data/clam/20260331-clam-36C-C-vs-S/plate-A-T0.0.txt,plate-A-T0.0.txt,a,0,2026-03-31T08:46:59Z,23.7,"528/20,528/20",A,1,A1,NA,SELECTED,NA,SELECTED,NA,NA,TWEED,NA,NA,NA,NA,NA,1.47,FALSE,FALSE,NA,parsed_table,FALSE,280,0,206,1.3592233009708738,280,NA,NA,190.47619047619048,0.6802721088435374
20260331-clam-36C-C-vs-S,/Users/sr320/Documents/GitHub/resazurin-assay-development/data/clam/20260331-clam-36C-C-vs-S/plate-A-T0.5.txt,plate-A-T0.5.txt,a,0.5,2026-03-31T09:24:15Z,24.2,"528/20,528/20",A,1,A1,NA,SELECTED,NA,SELECTED,NA,NA,TWEED,NA,NA,NA,NA,NA,1.47,FALSE,FALSE,NA,parsed_table,FALSE,1344,1064,205,6.556097560975609,280,NA,NA,914.2857142857143,3.2653061224489797
20260331-clam-36C-C-vs-S,/Users/sr320/Documents/GitHub/resazurin-assay-development/data/clam/20260331-clam-36C-C-vs-S/plate-A-T1.0.txt,plate-A-T1.0.txt,a,1,2026-03-31T09:55:45Z,24.6,"528/20,528/20",A,1,A1,NA,SELECTED,NA,SELECTED,NA,NA,TWEED,NA,NA,NA,NA,NA,1.47,FALSE,FALSE,NA,parsed_table,FALSE,2492,1148,202,12.336633663366337,280,NA,NA,1695.2380952380952,6.054421768707483
20260331-clam-36C-C-vs-S,/Users/sr320/Documents/GitHub/resazurin-assay-development/data/clam/20260331-clam-36C-C-vs-S/plate-A-T1.5.txt,plate-A-T1.5.txt,a,1.5,2026-03-31T10:26:25Z,24.9,"528/20,528/20",A,1,A1,NA,SELECTED,NA,SELECTED,NA,NA,TWEED,NA,NA,NA,NA,NA,1.47,FALSE,FALSE,NA,parsed_table,FALSE,4126,1634,204,20.225490196078432,280,NA,NA,2806.8027210884356,10.024295432458699
20260331-clam-36C-C-vs-S,/Users/sr320/Documents/GitHub/resazurin-assay-development/data/clam/20260331-clam-36C-C-vs-S/plate-A-T2.5.txt,plate-A-T2.5.txt,a,2.5,2026-03-31T11:29:49Z,25.3,"528/20,528/20",A,1,A1,NA,SELECTED,NA,SELECTED,NA,NA,TWEED,NA,NA,NA,NA,NA,1.47,FALSE,FALSE,NA,parsed_table,FALSE,6346,2220,207,30.657004830917874,280,NA,NA,4317.006802721088,15.417881438289601
20260331-clam-36C-C-vs-S,/Users/sr320/Documents/GitHub/resazurin-assay-development/data/clam/20260331-clam-36C-C-vs-S/plate-A-T3.0.txt,plate-A-T3.0.txt,a,3,2026-03-31T12:02:50Z,25.4,"528/20,528/20",A,1,A1,NA,SELECTED,NA,SELECTED,NA,NA,TWEED,NA,NA,NA,NA,NA,1.47,FALSE,FALSE,NA,parsed_table,FALSE,7167,821,207,34.6231884057971,280,NA,NA,4875.510204081633,17.41253644314869
20260331-clam-36C-C-vs-S,/Users/sr320/Documents/GitHub/resazurin-assay-development/data/clam/20260331-clam-36C-C-vs-S/plate-A-T3.5.txt,plate-A-T3.5.txt,a,3.5,2026-03-31T12:34:56Z,25.5,"528/20,528/20",A,1,A1,NA,SELECTED,NA,SELECTED,NA,NA,TWEED,NA,NA,NA,NA,NA,1.47,FALSE,FALSE,NA,parsed_table,FALSE,7677,510,210,36.55714285714286,280,NA,NA,5222.448979591837,18.651603498542276
20260331-clam-36C-C-vs-S,/Users/sr320/Documents/GitHub/resazurin-assay-development/data/clam/20260331-clam-36C-C-vs-S/plate-A-T0.0.txt,plate-A-T0.0.txt,a,0,2026-03-31T08:46:59Z,23.7,"528/20,528/20",A,2,A2,NA,SELECTED,NA,SELECTED,NA,NA,BLUE,NA,NA,NA,NA,NA,0.847,FALSE,FALSE,NA,parsed_table,FALSE,224,0,206,1.087378640776699,224,NA,NA,264.4628099173554,1.1806375442739079
20260331-clam-36C-C-vs-S,/Users/sr320/Documents/GitHub/resazurin-assay-development/data/clam/20260331-clam-36C-C-vs-S/plate-A-T0.5.txt,plate-A-T0.5.txt,a,0.5,2026-03-31T09:24:15Z,24.2,"528/20,528/20",A,2,A2,NA,SELECTED,NA,SELECTED,NA,NA,BLUE,NA,NA,NA,NA,NA,0.847,FALSE,FALSE,NA,parsed_table,FALSE,1217,993,205,5.9365853658536585,224,NA,NA,1436.835891381346,6.414445943666723
20260331-clam-36C-C-vs-S,/Users/sr320/Documents/GitHub/resazurin-assay-development/data/clam/20260331-clam-36C-C-vs-S/plate-A-T1.0.txt,plate-A-T1.0.txt,a,1,2026-03-31T09:55:45Z,24.6,"528/20,528/20",A,2,A2,NA,SELECTED,NA,SELECTED,NA,NA,BLUE,NA,NA,NA,NA,NA,0.847,FALSE,FALSE,NA,parsed_table,FALSE,1969,752,202,9.747524752475247,224,NA,NA,2324.6753246753246,10.378014842300557
20260331-clam-36C-C-vs-S,/Users/sr320/Documents/GitHub/resazurin-assay-development/data/clam/20260331-clam-36C-C-vs-S/plate-A-T1.5.txt,plate-A-T1.5.txt,a,1.5,2026-03-31T10:26:25Z,24.9,"528/20,528/20",A,2,A2,NA,SELECTED,NA,SELECTED,NA,NA,BLUE,NA,NA,NA,NA,NA,0.847,FALSE,FALSE,NA,parsed_table,FALSE,3696,1727,204,18.11764705882353,224,NA,NA,4363.636363636364,19.48051948051948
20260331-clam-36C-C-vs-S,/Users/sr320/Documents/GitHub/resazurin-assay-development/data/clam/20260331-clam-36C-C-vs-S/plate-A-T2.5.txt,plate-A-T2.5.txt,a,2.5,2026-03-31T11:29:49Z,25.3,"528/20,528/20",A,2,A2,NA,SELECTED,NA,SELECTED,NA,NA,BLUE,NA,NA,NA,NA,NA,0.847,FALSE,FALSE,NA,parsed_table,FALSE,6399,2703,207,30.91304347826087,224,NA,NA,7554.899645808737,33.727230561646145
20260331-clam-36C-C-vs-S,/Users/sr320/Documents/GitHub/resazurin-assay-development/data/clam/20260331-clam-36C-C-vs-S/plate-A-T3.0.txt,plate-A-T3.0.txt,a,3,2026-03-31T12:02:50Z,25.4,"528/20,528/20",A,2,A2,NA,SELECTED,NA,SELECTED,NA,NA,BLUE,NA,NA,NA,NA,NA,0.847,FALSE,FALSE,NA,parsed_table,FALSE,7188,789,207,34.72463768115942,224,NA,NA,8486.42266824085,37.88581548321808
20260331-clam-36C-C-vs-S,/Users/sr320/Documents/GitHub/resazurin-assay-development/data/clam/20260331-clam-36C-C-vs-S/plate-A-T3.5.txt,plate-A-T3.5.txt,a,3.5,2026-03-31T12:34:56Z,25.5,"528/20,528/20",A,2,A2,NA,SELECTED,NA,SELECTED,NA,NA,BLUE,NA,NA,NA,NA,NA,0.847,FALSE,FALSE,NA,parsed_table,FALSE,7466,278,210,35.55238095238095,224,NA,NA,8814.639905548996,39.35107100691517
20260331-clam-36C-C-vs-S,/Users/sr320/Documents/GitHub/resazurin-assay-development/data/clam/20260331-clam-36C-C-vs-S/plate-A-T0.0.txt,plate-A-T0.0.txt,a,0,2026-03-31T08:46:59Z,23.7,"528/20,528/20",A,3,A3,NA,CONTROL,NA,CONTROL,NA,NA,TWEED,NA,NA,NA,NA,NA,1.01,FALSE,FALSE,NA,parsed_table,FALSE,241,0,206,1.1699029126213591,241,NA,NA,238.6138613861386,0.9900990099009901
20260331-clam-36C-C-vs-S,/Users/sr320/Documents/GitHub/resazurin-assay-development/data/clam/20260331-clam-36C-C-vs-S/plate-A-T0.5.txt,plate-A-T0.5.txt,a,0.5,2026-03-31T09:24:15Z,24.2,"528/20,528/20",A,3,A3,NA,CONTROL,NA,CONTROL,NA,NA,TWEED,NA,NA,NA,NA,NA,1.01,FALSE,FALSE,NA,parsed_table,FALSE,1332,1091,205,6.4975609756097565,241,NA,NA,1318.8118811881188,5.472248469660244
20260331-clam-36C-C-vs-S,/Users/sr320/Documents/GitHub/resazurin-assay-development/data/clam/20260331-clam-36C-C-vs-S/plate-A-T1.0.txt,plate-A-T1.0.txt,a,1,2026-03-31T09:55:45Z,24.6,"528/20,528/20",A,3,A3,NA,CONTROL,NA,CONTROL,NA,NA,TWEED,NA,NA,NA,NA,NA,1.01,FALSE,FALSE,NA,parsed_table,FALSE,2638,1306,202,13.05940594059406,241,NA,NA,2611.8811881188117,10.837681278501295
20260331-clam-36C-C-vs-S,/Users/sr320/Documents/GitHub/resazurin-assay-development/data/clam/20260331-clam-36C-C-vs-S/plate-A-T1.5.txt,plate-A-T1.5.txt,a,1.5,2026-03-31T10:26:25Z,24.9,"528/20,528/20",A,3,A3,NA,CONTROL,NA,CONTROL,NA,NA,TWEED,NA,NA,NA,NA,NA,1.01,FALSE,FALSE,NA,parsed_table,FALSE,3207,569,204,15.720588235294118,241,NA,NA,3175.2475247524753,13.175300932582886
20260331-clam-36C-C-vs-S,/Users/sr320/Documents/GitHub/resazurin-assay-development/data/clam/20260331-clam-36C-C-vs-S/plate-A-T2.5.txt,plate-A-T2.5.txt,a,2.5,2026-03-31T11:29:49Z,25.3,"528/20,528/20",A,3,A3,NA,CONTROL,NA,CONTROL,NA,NA,TWEED,NA,NA,NA,NA,NA,1.01,FALSE,FALSE,NA,parsed_table,FALSE,5385,2178,207,26.014492753623188,241,NA,NA,5331.683168316832,22.123166673513822
20260331-clam-36C-C-vs-S,/Users/sr320/Documents/GitHub/resazurin-assay-development/data/clam/20260331-clam-36C-C-vs-S/plate-A-T3.0.txt,plate-A-T3.0.txt,a,3,2026-03-31T12:02:50Z,25.4,"528/20,528/20",A,3,A3,NA,CONTROL,NA,CONTROL,NA,NA,TWEED,NA,NA,NA,NA,NA,1.01,FALSE,FALSE,NA,parsed_table,FALSE,6998,1613,207,33.806763285024154,241,NA,NA,6928.712871287129,28.74984593895074
20260331-clam-36C-C-vs-S,/Users/sr320/Documents/GitHub/resazurin-assay-development/data/clam/20260331-clam-36C-C-vs-S/plate-A-T3.5.txt,plate-A-T3.5.txt,a,3.5,2026-03-31T12:34:56Z,25.5,"528/20,528/20",A,3,A3,NA,CONTROL,NA,CONTROL,NA,NA,TWEED,NA,NA,NA,NA,NA,1.01,FALSE,FALSE,NA,parsed_table,FALSE,8785,1787,210,41.833333333333336,241,NA,NA,8698.019801980197,36.09136847294688
20260331-clam-36C-C-vs-S,/Users/sr320/Documents/GitHub/resazurin-assay-development/data/clam/20260331-clam-36C-C-vs-S/plate-A-T0.0.txt,plate-A-T0.0.txt,a,0,2026-03-31T08:46:59Z,23.7,"528/20,528/20",A,4,A4,NA,CONTROL,NA,CONTROL,NA,NA,BLUE,NA,NA,NA,NA,NA,0.789,FALSE,FALSE,NA,parsed_table,FALSE,219,0,206,1.0631067961165048,219,NA,NA,277.56653992395434,1.2674271229404308
20260331-clam-36C-C-vs-S,/Users/sr320/Documents/GitHub/resazurin-assay-development/data/clam/20260331-clam-36C-C-vs-S/plate-A-T0.5.txt,plate-A-T0.5.txt,a,0.5,2026-03-31T09:24:15Z,24.2,"528/20,528/20",A,4,A4,NA,CONTROL,NA,CONTROL,NA,NA,BLUE,NA,NA,NA,NA,NA,0.789,FALSE,FALSE,NA,parsed_table,FALSE,1047,828,205,5.107317073170732,219,NA,NA,1326.996197718631,6.059343368578224
20260331-clam-36C-C-vs-S,/Users/sr320/Documents/GitHub/resazurin-assay-development/data/clam/20260331-clam-36C-C-vs-S/plate-A-T1.0.txt,plate-A-T1.0.txt,a,1,2026-03-31T09:55:45Z,24.6,"528/20,528/20",A,4,A4,NA,CONTROL,NA,CONTROL,NA,NA,BLUE,NA,NA,NA,NA,NA,0.789,FALSE,FALSE,NA,parsed_table,FALSE,2501,1454,202,12.381188118811881,219,NA,NA,3169.8352344740174,14.474133490748939
20260331-clam-36C-C-vs-S,/Users/sr320/Documents/GitHub/resazurin-assay-development/data/clam/20260331-clam-36C-C-vs-S/plate-A-T1.5.txt,plate-A-T1.5.txt,a,1.5,2026-03-31T10:26:25Z,24.9,"528/20,528/20",A,4,A4,NA,CONTROL,NA,CONTROL,NA,NA,BLUE,NA,NA,NA,NA,NA,0.789,FALSE,FALSE,NA,parsed_table,FALSE,2994,493,204,14.676470588235293,219,NA,NA,3794.67680608365,17.327291351980136
20260331-clam-36C-C-vs-S,/Users/sr320/Documents/GitHub/resazurin-assay-development/data/clam/20260331-clam-36C-C-vs-S/plate-A-T2.5.txt,plate-A-T2.5.txt,a,2.5,2026-03-31T11:29:49Z,25.3,"528/20,528/20",A,4,A4,NA,CONTROL,NA,CONTROL,NA,NA,BLUE,NA,NA,NA,NA,NA,0.789,FALSE,FALSE,NA,parsed_table,FALSE,5877,2883,207,28.391304347826086,219,NA,NA,7448.669201520912,34.012188134798684
20260331-clam-36C-C-vs-S,/Users/sr320/Documents/GitHub/resazurin-assay-development/data/clam/20260331-clam-36C-C-vs-S/plate-A-T3.0.txt,plate-A-T3.0.txt,a,3,2026-03-31T12:02:50Z,25.4,"528/20,528/20",A,4,A4,NA,CONTROL,NA,CONTROL,NA,NA,BLUE,NA,NA,NA,NA,NA,0.789,FALSE,FALSE,NA,parsed_table,FALSE,7499,1622,207,36.227053140096615,219,NA,NA,9504.43599493029,43.39925111840316
20260331-clam-36C-C-vs-S,/Users/sr320/Documents/GitHub/resazurin-assay-development/data/clam/20260331-clam-36C-C-vs-S/plate-A-T3.5.txt,plate-A-T3.5.txt,a,3.5,2026-03-31T12:34:56Z,25.5,"528/20,528/20",A,4,A4,NA,CONTROL,NA,CONTROL,NA,NA,BLUE,NA,NA,NA,NA,NA,0.789,FALSE,FALSE,NA,parsed_table,FALSE,8597,1098,210,40.93809523809524,219,NA,NA,10896.070975918885,49.75374874848806
20260331-clam-36C-C-vs-S,/Users/sr320/Documents/GitHub/resazurin-assay-development/data/clam/20260331-clam-36C-C-vs-S/plate-A-T0.0.txt,plate-A-T0.0.txt,a,0,2026-03-31T08:46:59Z,23.7,"528/20,528/20",B,1,B1,NA,SELECTED,NA,SELECTED,NA,NA,TWEED,NA,NA,NA,NA,NA,1.062,FALSE,FALSE,NA,parsed_table,FALSE,241,0,206,1.1699029126213591,241,NA,NA,226.93032015065913,0.9416195856873822
20260331-clam-36C-C-vs-S,/Users/sr320/Documents/GitHub/resazurin-assay-development/data/clam/20260331-clam-36C-C-vs-S/plate-A-T0.5.txt,plate-A-T0.5.txt,a,0.5,2026-03-31T09:24:15Z,24.2,"528/20,528/20",B,1,B1,NA,SELECTED,NA,SELECTED,NA,NA,TWEED,NA,NA,NA,NA,NA,1.062,FALSE,FALSE,NA,parsed_table,FALSE,1164,923,205,5.678048780487805,241,NA,NA,1096.0451977401128,4.547905384813746
20260331-clam-36C-C-vs-S,/Users/sr320/Documents/GitHub/resazurin-assay-development/data/clam/20260331-clam-36C-C-vs-S/plate-A-T1.0.txt,plate-A-T1.0.txt,a,1,2026-03-31T09:55:45Z,24.6,"528/20,528/20",B,1,B1,NA,SELECTED,NA,SELECTED,NA,NA,TWEED,NA,NA,NA,NA,NA,1.062,FALSE,FALSE,NA,parsed_table,FALSE,1893,729,202,9.371287128712872,241,NA,NA,1782.4858757062145,7.39620695313782
20260331-clam-36C-C-vs-S,/Users/sr320/Documents/GitHub/resazurin-assay-development/data/clam/20260331-clam-36C-C-vs-S/plate-A-T1.5.txt,plate-A-T1.5.txt,a,1.5,2026-03-31T10:26:25Z,24.9,"528/20,528/20",B,1,B1,NA,SELECTED,NA,SELECTED,NA,NA,TWEED,NA,NA,NA,NA,NA,1.062,FALSE,FALSE,NA,parsed_table,FALSE,2868,975,204,14.058823529411764,241,NA,NA,2700.5649717514125,11.205663783200881
20260331-clam-36C-C-vs-S,/Users/sr320/Documents/GitHub/resazurin-assay-development/data/clam/20260331-clam-36C-C-vs-S/plate-A-T2.5.txt,plate-A-T2.5.txt,a,2.5,2026-03-31T11:29:49Z,25.3,"528/20,528/20",B,1,B1,NA,SELECTED,NA,SELECTED,NA,NA,TWEED,NA,NA,NA,NA,NA,1.062,FALSE,FALSE,NA,parsed_table,FALSE,4260,1392,207,20.579710144927535,241,NA,NA,4011.2994350282484,16.644395995967837
20260331-clam-36C-C-vs-S,/Users/sr320/Documents/GitHub/resazurin-assay-development/data/clam/20260331-clam-36C-C-vs-S/plate-A-T3.0.txt,plate-A-T3.0.txt,a,3,2026-03-31T12:02:50Z,25.4,"528/20,528/20",B,1,B1,NA,SELECTED,NA,SELECTED,NA,NA,TWEED,NA,NA,NA,NA,NA,1.062,FALSE,FALSE,NA,parsed_table,FALSE,4848,588,207,23.420289855072465,241,NA,NA,4564.9717514124295,18.941791499636636
20260331-clam-36C-C-vs-S,/Users/sr320/Documents/GitHub/resazurin-assay-development/data/clam/20260331-clam-36C-C-vs-S/plate-A-T3.5.txt,plate-A-T3.5.txt,a,3.5,2026-03-31T12:34:56Z,25.5,"528/20,528/20",B,1,B1,NA,SELECTED,NA,SELECTED,NA,NA,TWEED,NA,NA,NA,NA,NA,1.062,FALSE,FALSE,NA,parsed_table,FALSE,5251,403,210,25.004761904761907,241,NA,NA,4944.444444444444,20.516366989396033
20260331-clam-36C-C-vs-S,/Users/sr320/Documents/GitHub/resazurin-assay-development/data/clam/20260331-clam-36C-C-vs-S/plate-A-T0.0.txt,plate-A-T0.0.txt,a,0,2026-03-31T08:46:59Z,23.7,"528/20,528/20",B,2,B2,NA,SELECTED,NA,SELECTED,NA,NA,BLUE,NA,NA,NA,NA,NA,1.481,FALSE,FALSE,NA,parsed_table,FALSE,295,0,206,1.4320388349514563,295,NA,NA,199.18973666441593,0.6752194463200539
20260331-clam-36C-C-vs-S,/Users/sr320/Documents/GitHub/resazurin-assay-development/data/clam/20260331-clam-36C-C-vs-S/plate-A-T0.5.txt,plate-A-T0.5.txt,a,0.5,2026-03-31T09:24:15Z,24.2,"528/20,528/20",B,2,B2,NA,SELECTED,NA,SELECTED,NA,NA,BLUE,NA,NA,NA,NA,NA,1.481,FALSE,FALSE,NA,parsed_table,FALSE,2118,1823,205,10.331707317073171,295,NA,NA,1430.1147873058744,4.847846736630083
20260331-clam-36C-C-vs-S,/Users/sr320/Documents/GitHub/resazurin-assay-development/data/clam/20260331-clam-36C-C-vs-S/plate-A-T1.0.txt,plate-A-T1.0.txt,a,1,2026-03-31T09:55:45Z,24.6,"528/20,528/20",B,2,B2,NA,SELECTED,NA,SELECTED,NA,NA,BLUE,NA,NA,NA,NA,NA,1.481,FALSE,FALSE,NA,parsed_table,FALSE,4382,2264,202,21.693069306930692,295,NA,NA,2958.8116137744764,10.029869877201616
20260331-clam-36C-C-vs-S,/Users/sr320/Documents/GitHub/resazurin-assay-development/data/clam/20260331-clam-36C-C-vs-S/plate-A-T1.5.txt,plate-A-T1.5.txt,a,1.5,2026-03-31T10:26:25Z,24.9,"528/20,528/20",B,2,B2,NA,SELECTED,NA,SELECTED,NA,NA,BLUE,NA,NA,NA,NA,NA,1.481,FALSE,FALSE,NA,parsed_table,FALSE,6912,2530,204,33.88235294117647,295,NA,NA,4667.116812964213,15.820734959200722
20260331-clam-36C-C-vs-S,/Users/sr320/Documents/GitHub/resazurin-assay-development/data/clam/20260331-clam-36C-C-vs-S/plate-A-T2.5.txt,plate-A-T2.5.txt,a,2.5,2026-03-31T11:29:49Z,25.3,"528/20,528/20",B,2,B2,NA,SELECTED,NA,SELECTED,NA,NA,BLUE,NA,NA,NA,NA,NA,1.481,FALSE,FALSE,NA,parsed_table,FALSE,8886,1974,207,42.927536231884055,295,NA,NA,6000,20.338983050847457
20260331-clam-36C-C-vs-S,/Users/sr320/Documents/GitHub/resazurin-assay-development/data/clam/20260331-clam-36C-C-vs-S/plate-A-T3.0.txt,plate-A-T3.0.txt,a,3,2026-03-31T12:02:50Z,25.4,"528/20,528/20",B,2,B2,NA,SELECTED,NA,SELECTED,NA,NA,BLUE,NA,NA,NA,NA,NA,1.481,FALSE,FALSE,NA,parsed_table,FALSE,9102,216,207,43.971014492753625,295,NA,NA,6145.847400405131,20.83338101832248
20260331-clam-36C-C-vs-S,/Users/sr320/Documents/GitHub/resazurin-assay-development/data/clam/20260331-clam-36C-C-vs-S/plate-A-T3.5.txt,plate-A-T3.5.txt,a,3.5,2026-03-31T12:34:56Z,25.5,"528/20,528/20",B,2,B2,NA,SELECTED,NA,SELECTED,NA,NA,BLUE,NA,NA,NA,NA,NA,1.481,FALSE,FALSE,NA,parsed_table,FALSE,9205,103,210,43.833333333333336,295,NA,NA,6215.395003376097,21.069135604664734
20260331-clam-36C-C-vs-S,/Users/sr320/Documents/GitHub/resazurin-assay-development/data/clam/20260331-clam-36C-C-vs-S/plate-A-T0.0.txt,plate-A-T0.0.txt,a,0,2026-03-31T08:46:59Z,23.7,"528/20,528/20",B,3,B3,NA,CONTROL,NA,CONTROL,NA,NA,TWEED,NA,NA,NA,NA,NA,1.228,FALSE,FALSE,NA,parsed_table,FALSE,255,0,206,1.2378640776699028,255,NA,NA,207.65472312703582,0.8143322475570033
20260331-clam-36C-C-vs-S,/Users/sr320/Documents/GitHub/resazurin-assay-development/data/clam/20260331-clam-36C-C-vs-S/plate-A-T0.5.txt,plate-A-T0.5.txt,a,0.5,2026-03-31T09:24:15Z,24.2,"528/20,528/20",B,3,B3,NA,CONTROL,NA,CONTROL,NA,NA,TWEED,NA,NA,NA,NA,NA,1.228,FALSE,FALSE,NA,parsed_table,FALSE,1752,1497,205,8.546341463414635,255,NA,NA,1426.7100977198697,5.594941559685763
20260331-clam-36C-C-vs-S,/Users/sr320/Documents/GitHub/resazurin-assay-development/data/clam/20260331-clam-36C-C-vs-S/plate-A-T1.0.txt,plate-A-T1.0.txt,a,1,2026-03-31T09:55:45Z,24.6,"528/20,528/20",B,3,B3,NA,CONTROL,NA,CONTROL,NA,NA,TWEED,NA,NA,NA,NA,NA,1.228,FALSE,FALSE,NA,parsed_table,FALSE,3323,1571,202,16.45049504950495,255,NA,NA,2706.026058631922,10.611866896595773
20260331-clam-36C-C-vs-S,/Users/sr320/Documents/GitHub/resazurin-assay-development/data/clam/20260331-clam-36C-C-vs-S/plate-A-T1.5.txt,plate-A-T1.5.txt,a,1.5,2026-03-31T10:26:25Z,24.9,"528/20,528/20",B,3,B3,NA,CONTROL,NA,CONTROL,NA,NA,TWEED,NA,NA,NA,NA,NA,1.228,FALSE,FALSE,NA,parsed_table,FALSE,4929,1606,204,24.16176470588235,255,NA,NA,4013.843648208469,15.74056332630772
20260331-clam-36C-C-vs-S,/Users/sr320/Documents/GitHub/resazurin-assay-development/data/clam/20260331-clam-36C-C-vs-S/plate-A-T2.5.txt,plate-A-T2.5.txt,a,2.5,2026-03-31T11:29:49Z,25.3,"528/20,528/20",B,3,B3,NA,CONTROL,NA,CONTROL,NA,NA,TWEED,NA,NA,NA,NA,NA,1.228,FALSE,FALSE,NA,parsed_table,FALSE,8715,3786,207,42.10144927536232,255,NA,NA,7096.905537459284,27.831002107683467
20260331-clam-36C-C-vs-S,/Users/sr320/Documents/GitHub/resazurin-assay-development/data/clam/20260331-clam-36C-C-vs-S/plate-A-T3.0.txt,plate-A-T3.0.txt,a,3,2026-03-31T12:02:50Z,25.4,"528/20,528/20",B,3,B3,NA,CONTROL,NA,CONTROL,NA,NA,TWEED,NA,NA,NA,NA,NA,1.228,FALSE,FALSE,NA,parsed_table,FALSE,9939,1224,207,48.01449275362319,255,NA,NA,8093.648208469055,31.73979689595708
20260331-clam-36C-C-vs-S,/Users/sr320/Documents/GitHub/resazurin-assay-development/data/clam/20260331-clam-36C-C-vs-S/plate-A-T3.5.txt,plate-A-T3.5.txt,a,3.5,2026-03-31T12:34:56Z,25.5,"528/20,528/20",B,3,B3,NA,CONTROL,NA,CONTROL,NA,NA,TWEED,NA,NA,NA,NA,NA,1.228,FALSE,FALSE,NA,parsed_table,FALSE,10595,656,210,50.45238095238095,255,NA,NA,8627.850162866449,33.8347065210449
20260331-clam-36C-C-vs-S,/Users/sr320/Documents/GitHub/resazurin-assay-development/data/clam/20260331-clam-36C-C-vs-S/plate-A-T0.0.txt,plate-A-T0.0.txt,a,0,2026-03-31T08:46:59Z,23.7,"528/20,528/20",B,4,B4,NA,CONTROL,NA,CONTROL,NA,NA,BLUE,NA,NA,NA,NA,NA,1.07,FALSE,FALSE,NA,parsed_table,FALSE,237,0,206,1.1504854368932038,237,NA,NA,221.4953271028037,0.9345794392523364
20260331-clam-36C-C-vs-S,/Users/sr320/Documents/GitHub/resazurin-assay-development/data/clam/20260331-clam-36C-C-vs-S/plate-A-T0.5.txt,plate-A-T0.5.txt,a,0.5,2026-03-31T09:24:15Z,24.2,"528/20,528/20",B,4,B4,NA,CONTROL,NA,CONTROL,NA,NA,BLUE,NA,NA,NA,NA,NA,1.07,FALSE,FALSE,NA,parsed_table,FALSE,1434,1197,205,6.995121951219512,237,NA,NA,1340.1869158878503,5.6547971134508455
20260331-clam-36C-C-vs-S,/Users/sr320/Documents/GitHub/resazurin-assay-development/data/clam/20260331-clam-36C-C-vs-S/plate-A-T1.0.txt,plate-A-T1.0.txt,a,1,2026-03-31T09:55:45Z,24.6,"528/20,528/20",B,4,B4,NA,CONTROL,NA,CONTROL,NA,NA,BLUE,NA,NA,NA,NA,NA,1.07,FALSE,FALSE,NA,parsed_table,FALSE,2788,1354,202,13.801980198019802,237,NA,NA,2605.6074766355136,10.994124373989509
20260331-clam-36C-C-vs-S,/Users/sr320/Documents/GitHub/resazurin-assay-development/data/clam/20260331-clam-36C-C-vs-S/plate-A-T1.5.txt,plate-A-T1.5.txt,a,1.5,2026-03-31T10:26:25Z,24.9,"528/20,528/20",B,4,B4,NA,CONTROL,NA,CONTROL,NA,NA,BLUE,NA,NA,NA,NA,NA,1.07,FALSE,FALSE,NA,parsed_table,FALSE,3984,1196,204,19.529411764705884,237,NA,NA,3723.364485981308,15.710398675026617
20260331-clam-36C-C-vs-S,/Users/sr320/Documents/GitHub/resazurin-assay-development/data/clam/20260331-clam-36C-C-vs-S/plate-A-T2.5.txt,plate-A-T2.5.txt,a,2.5,2026-03-31T11:29:49Z,25.3,"528/20,528/20",B,4,B4,NA,CONTROL,NA,CONTROL,NA,NA,BLUE,NA,NA,NA,NA,NA,1.07,FALSE,FALSE,NA,parsed_table,FALSE,6732,2748,207,32.52173913043478,237,NA,NA,6291.588785046729,26.546788122560034
20260331-clam-36C-C-vs-S,/Users/sr320/Documents/GitHub/resazurin-assay-development/data/clam/20260331-clam-36C-C-vs-S/plate-A-T3.0.txt,plate-A-T3.0.txt,a,3,2026-03-31T12:02:50Z,25.4,"528/20,528/20",B,4,B4,NA,CONTROL,NA,CONTROL,NA,NA,BLUE,NA,NA,NA,NA,NA,1.07,FALSE,FALSE,NA,parsed_table,FALSE,8009,1277,207,38.690821256038646,237,NA,NA,7485.046728971962,31.582475649670727
20260331-clam-36C-C-vs-S,/Users/sr320/Documents/GitHub/resazurin-assay-development/data/clam/20260331-clam-36C-C-vs-S/plate-A-T3.5.txt,plate-A-T3.5.txt,a,3.5,2026-03-31T12:34:56Z,25.5,"528/20,528/20",B,4,B4,NA,CONTROL,NA,CONTROL,NA,NA,BLUE,NA,NA,NA,NA,NA,1.07,FALSE,FALSE,NA,parsed_table,FALSE,8516,507,210,40.55238095238095,237,NA,NA,7958.878504672897,33.581765842501675
20260331-clam-36C-C-vs-S,/Users/sr320/Documents/GitHub/resazurin-assay-development/data/clam/20260331-clam-36C-C-vs-S/plate-A-T0.0.txt,plate-A-T0.0.txt,a,0,2026-03-31T08:46:59Z,23.7,"528/20,528/20",C,1,C1,NA,SELECTED,NA,SELECTED,NA,NA,TWEED,NA,NA,NA,NA,NA,1.678,FALSE,FALSE,NA,parsed_table,FALSE,285,0,206,1.383495145631068,285,NA,NA,169.8450536352801,0.5959475566150179
20260331-clam-36C-C-vs-S,/Users/sr320/Documents/GitHub/resazurin-assay-development/data/clam/20260331-clam-36C-C-vs-S/plate-A-T0.5.txt,plate-A-T0.5.txt,a,0.5,2026-03-31T09:24:15Z,24.2,"528/20,528/20",C,1,C1,NA,SELECTED,NA,SELECTED,NA,NA,TWEED,NA,NA,NA,NA,NA,1.678,FALSE,FALSE,NA,parsed_table,FALSE,2207,1922,205,10.765853658536585,285,NA,NA,1315.2562574493445,4.614934236664366
20260331-clam-36C-C-vs-S,/Users/sr320/Documents/GitHub/resazurin-assay-development/data/clam/20260331-clam-36C-C-vs-S/plate-A-T1.0.txt,plate-A-T1.0.txt,a,1,2026-03-31T09:55:45Z,24.6,"528/20,528/20",C,1,C1,NA,SELECTED,NA,SELECTED,NA,NA,TWEED,NA,NA,NA,NA,NA,1.678,FALSE,FALSE,NA,parsed_table,FALSE,4371,2164,202,21.638613861386137,285,NA,NA,2604.8867699642433,9.139953578821906
20260331-clam-36C-C-vs-S,/Users/sr320/Documents/GitHub/resazurin-assay-development/data/clam/20260331-clam-36C-C-vs-S/plate-A-T1.5.txt,plate-A-T1.5.txt,a,1.5,2026-03-31T10:26:25Z,24.9,"528/20,528/20",C,1,C1,NA,SELECTED,NA,SELECTED,NA,NA,TWEED,NA,NA,NA,NA,NA,1.678,FALSE,FALSE,NA,parsed_table,FALSE,5743,1372,204,28.151960784313726,285,NA,NA,3422.5268176400477,12.008866026807185
20260331-clam-36C-C-vs-S,/Users/sr320/Documents/GitHub/resazurin-assay-development/data/clam/20260331-clam-36C-C-vs-S/plate-A-T2.5.txt,plate-A-T2.5.txt,a,2.5,2026-03-31T11:29:49Z,25.3,"528/20,528/20",C,1,C1,NA,SELECTED,NA,SELECTED,NA,NA,TWEED,NA,NA,NA,NA,NA,1.678,FALSE,FALSE,NA,parsed_table,FALSE,7884,2141,207,38.08695652173913,285,NA,NA,4698.4505363528015,16.485791355623864
20260331-clam-36C-C-vs-S,/Users/sr320/Documents/GitHub/resazurin-assay-development/data/clam/20260331-clam-36C-C-vs-S/plate-A-T3.0.txt,plate-A-T3.0.txt,a,3,2026-03-31T12:02:50Z,25.4,"528/20,528/20",C,1,C1,NA,SELECTED,NA,SELECTED,NA,NA,TWEED,NA,NA,NA,NA,NA,1.678,FALSE,FALSE,NA,parsed_table,FALSE,8563,679,207,41.367149758454104,285,NA,NA,5103.098927294398,17.905610271208417
20260331-clam-36C-C-vs-S,/Users/sr320/Documents/GitHub/resazurin-assay-development/data/clam/20260331-clam-36C-C-vs-S/plate-A-T3.5.txt,plate-A-T3.5.txt,a,3.5,2026-03-31T12:34:56Z,25.5,"528/20,528/20",C,1,C1,NA,SELECTED,NA,SELECTED,NA,NA,TWEED,NA,NA,NA,NA,NA,1.678,FALSE,FALSE,NA,parsed_table,FALSE,9033,470,210,43.01428571428571,285,NA,NA,5383.1942789034565,18.888400978608622
20260331-clam-36C-C-vs-S,/Users/sr320/Documents/GitHub/resazurin-assay-development/data/clam/20260331-clam-36C-C-vs-S/plate-A-T0.0.txt,plate-A-T0.0.txt,a,0,2026-03-31T08:46:59Z,23.7,"528/20,528/20",C,2,C2,NA,SELECTED,NA,SELECTED,NA,NA,BLUE,NA,NA,NA,NA,NA,1.476,FALSE,FALSE,NA,parsed_table,FALSE,270,0,206,1.3106796116504855,270,NA,NA,182.9268292682927,0.6775067750677507
20260331-clam-36C-C-vs-S,/Users/sr320/Documents/GitHub/resazurin-assay-development/data/clam/20260331-clam-36C-C-vs-S/plate-A-T0.5.txt,plate-A-T0.5.txt,a,0.5,2026-03-31T09:24:15Z,24.2,"528/20,528/20",C,2,C2,NA,SELECTED,NA,SELECTED,NA,NA,BLUE,NA,NA,NA,NA,NA,1.476,FALSE,FALSE,NA,parsed_table,FALSE,1241,971,205,6.053658536585366,270,NA,NA,840.7859078590786,3.1140218809595503
20260331-clam-36C-C-vs-S,/Users/sr320/Documents/GitHub/resazurin-assay-development/data/clam/20260331-clam-36C-C-vs-S/plate-A-T1.0.txt,plate-A-T1.0.txt,a,1,2026-03-31T09:55:45Z,24.6,"528/20,528/20",C,2,C2,NA,SELECTED,NA,SELECTED,NA,NA,BLUE,NA,NA,NA,NA,NA,1.476,FALSE,FALSE,NA,parsed_table,FALSE,3010,1769,202,14.900990099009901,270,NA,NA,2039.2953929539296,7.5529458998293695
20260331-clam-36C-C-vs-S,/Users/sr320/Documents/GitHub/resazurin-assay-development/data/clam/20260331-clam-36C-C-vs-S/plate-A-T1.5.txt,plate-A-T1.5.txt,a,1.5,2026-03-31T10:26:25Z,24.9,"528/20,528/20",C,2,C2,NA,SELECTED,NA,SELECTED,NA,NA,BLUE,NA,NA,NA,NA,NA,1.476,FALSE,FALSE,NA,parsed_table,FALSE,4504,1494,204,22.07843137254902,270,NA,NA,3051.490514905149,11.301816721870921
20260331-clam-36C-C-vs-S,/Users/sr320/Documents/GitHub/resazurin-assay-development/data/clam/20260331-clam-36C-C-vs-S/plate-A-T2.5.txt,plate-A-T2.5.txt,a,2.5,2026-03-31T11:29:49Z,25.3,"528/20,528/20",C,2,C2,NA,SELECTED,NA,SELECTED,NA,NA,BLUE,NA,NA,NA,NA,NA,1.476,FALSE,FALSE,NA,parsed_table,FALSE,6788,2284,207,32.792270531400966,270,NA,NA,4598.915989159892,17.033022182073672
20260331-clam-36C-C-vs-S,/Users/sr320/Documents/GitHub/resazurin-assay-development/data/clam/20260331-clam-36C-C-vs-S/plate-A-T3.0.txt,plate-A-T3.0.txt,a,3,2026-03-31T12:02:50Z,25.4,"528/20,528/20",C,2,C2,NA,SELECTED,NA,SELECTED,NA,NA,BLUE,NA,NA,NA,NA,NA,1.476,FALSE,FALSE,NA,parsed_table,FALSE,7947,1159,207,38.391304347826086,270,NA,NA,5384.1463414634145,19.941282746160795
20260331-clam-36C-C-vs-S,/Users/sr320/Documents/GitHub/resazurin-assay-development/data/clam/20260331-clam-36C-C-vs-S/plate-A-T3.5.txt,plate-A-T3.5.txt,a,3.5,2026-03-31T12:34:56Z,25.5,"528/20,528/20",C,2,C2,NA,SELECTED,NA,SELECTED,NA,NA,BLUE,NA,NA,NA,NA,NA,1.476,FALSE,FALSE,NA,parsed_table,FALSE,8707,760,210,41.46190476190476,270,NA,NA,5899.051490514905,21.848338853758907
20260331-clam-36C-C-vs-S,/Users/sr320/Documents/GitHub/resazurin-assay-development/data/clam/20260331-clam-36C-C-vs-S/plate-A-T0.0.txt,plate-A-T0.0.txt,a,0,2026-03-31T08:46:59Z,23.7,"528/20,528/20",C,3,C3,NA,CONTROL,NA,CONTROL,NA,NA,TWEED,NA,NA,NA,NA,NA,2.028,FALSE,FALSE,NA,parsed_table,FALSE,371,0,206,1.8009708737864079,371,NA,NA,182.9388560157791,0.4930966469428008
20260331-clam-36C-C-vs-S,/Users/sr320/Documents/GitHub/resazurin-assay-development/data/clam/20260331-clam-36C-C-vs-S/plate-A-T0.5.txt,plate-A-T0.5.txt,a,0.5,2026-03-31T09:24:15Z,24.2,"528/20,528/20",C,3,C3,NA,CONTROL,NA,CONTROL,NA,NA,TWEED,NA,NA,NA,NA,NA,2.028,FALSE,FALSE,NA,parsed_table,FALSE,2591,2220,205,12.639024390243902,371,NA,NA,1277.6134122287967,3.443701919754169
20260331-clam-36C-C-vs-S,/Users/sr320/Documents/GitHub/resazurin-assay-development/data/clam/20260331-clam-36C-C-vs-S/plate-A-T1.0.txt,plate-A-T1.0.txt,a,1,2026-03-31T09:55:45Z,24.6,"528/20,528/20",C,3,C3,NA,CONTROL,NA,CONTROL,NA,NA,TWEED,NA,NA,NA,NA,NA,2.028,FALSE,FALSE,NA,parsed_table,FALSE,4413,1822,202,21.846534653465348,371,NA,NA,2176.03550295858,5.8653248058182745
20260331-clam-36C-C-vs-S,/Users/sr320/Documents/GitHub/resazurin-assay-development/data/clam/20260331-clam-36C-C-vs-S/plate-A-T1.5.txt,plate-A-T1.5.txt,a,1.5,2026-03-31T10:26:25Z,24.9,"528/20,528/20",C,3,C3,NA,CONTROL,NA,CONTROL,NA,NA,TWEED,NA,NA,NA,NA,NA,2.028,FALSE,FALSE,NA,parsed_table,FALSE,5808,1395,204,28.470588235294116,371,NA,NA,2863.9053254437868,7.719421362382175
20260331-clam-36C-C-vs-S,/Users/sr320/Documents/GitHub/resazurin-assay-development/data/clam/20260331-clam-36C-C-vs-S/plate-A-T2.5.txt,plate-A-T2.5.txt,a,2.5,2026-03-31T11:29:49Z,25.3,"528/20,528/20",C,3,C3,NA,CONTROL,NA,CONTROL,NA,NA,TWEED,NA,NA,NA,NA,NA,2.028,FALSE,FALSE,NA,parsed_table,FALSE,5170,-638,207,24.97584541062802,371,NA,NA,2549.30966469428,6.871454621817466
20260331-clam-36C-C-vs-S,/Users/sr320/Documents/GitHub/resazurin-assay-development/data/clam/20260331-clam-36C-C-vs-S/plate-A-T3.0.txt,plate-A-T3.0.txt,a,3,2026-03-31T12:02:50Z,25.4,"528/20,528/20",C,3,C3,NA,CONTROL,NA,CONTROL,NA,NA,TWEED,NA,NA,NA,NA,NA,2.028,FALSE,FALSE,NA,parsed_table,FALSE,1408,-3762,207,6.8019323671497585,371,NA,NA,694.2800788954635,1.871374875729012
20260331-clam-36C-C-vs-S,/Users/sr320/Documents/GitHub/resazurin-assay-development/data/clam/20260331-clam-36C-C-vs-S/plate-A-T3.5.txt,plate-A-T3.5.txt,a,3.5,2026-03-31T12:34:56Z,25.5,"528/20,528/20",C,3,C3,NA,CONTROL,NA,CONTROL,NA,NA,TWEED,NA,NA,NA,NA,NA,2.028,FALSE,FALSE,NA,parsed_table,FALSE,410,-998,210,1.9523809523809523,371,NA,NA,202.16962524654832,0.5449316044381356
20260331-clam-36C-C-vs-S,/Users/sr320/Documents/GitHub/resazurin-assay-development/data/clam/20260331-clam-36C-C-vs-S/plate-A-T0.0.txt,plate-A-T0.0.txt,a,0,2026-03-31T08:46:59Z,23.7,"528/20,528/20",C,4,C4,NA,NA,NA,NA,NA,NA,NA,NA,NA,NA,NA,NA,NA,TRUE,FALSE,NA,parsed_table,FALSE,206,0,206,1,NA,NA,NA,NA,NA
20260331-clam-36C-C-vs-S,/Users/sr320/Documents/GitHub/resazurin-assay-development/data/clam/20260331-clam-36C-C-vs-S/plate-A-T0.5.txt,plate-A-T0.5.txt,a,0.5,2026-03-31T09:24:15Z,24.2,"528/20,528/20",C,4,C4,NA,NA,NA,NA,NA,NA,NA,NA,NA,NA,NA,NA,NA,TRUE,FALSE,NA,parsed_table,FALSE,205,-1,205,1,NA,NA,NA,NA,NA
20260331-clam-36C-C-vs-S,/Users/sr320/Documents/GitHub/resazurin-assay-development/data/clam/20260331-clam-36C-C-vs-S/plate-A-T1.0.txt,plate-A-T1.0.txt,a,1,2026-03-31T09:55:45Z,24.6,"528/20,528/20",C,4,C4,NA,NA,NA,NA,NA,NA,NA,NA,NA,NA,NA,NA,NA,TRUE,FALSE,NA,parsed_table,FALSE,202,-3,202,1,NA,NA,NA,NA,NA
20260331-clam-36C-C-vs-S,/Users/sr320/Documents/GitHub/resazurin-assay-development/data/clam/20260331-clam-36C-C-vs-S/plate-A-T1.5.txt,plate-A-T1.5.txt,a,1.5,2026-03-31T10:26:25Z,24.9,"528/20,528/20",C,4,C4,NA,NA,NA,NA,NA,NA,NA,NA,NA,NA,NA,NA,NA,TRUE,FALSE,NA,parsed_table,FALSE,204,2,204,1,NA,NA,NA,NA,NA
20260331-clam-36C-C-vs-S,/Users/sr320/Documents/GitHub/resazurin-assay-development/data/clam/20260331-clam-36C-C-vs-S/plate-A-T2.5.txt,plate-A-T2.5.txt,a,2.5,2026-03-31T11:29:49Z,25.3,"528/20,528/20",C,4,C4,NA,NA,NA,NA,NA,NA,NA,NA,NA,NA,NA,NA,NA,TRUE,FALSE,NA,parsed_table,FALSE,207,3,207,1,NA,NA,NA,NA,NA
20260331-clam-36C-C-vs-S,/Users/sr320/Documents/GitHub/resazurin-assay-development/data/clam/20260331-clam-36C-C-vs-S/plate-A-T3.0.txt,plate-A-T3.0.txt,a,3,2026-03-31T12:02:50Z,25.4,"528/20,528/20",C,4,C4,NA,NA,NA,NA,NA,NA,NA,NA,NA,NA,NA,NA,NA,TRUE,FALSE,NA,parsed_table,FALSE,207,0,207,1,NA,NA,NA,NA,NA
20260331-clam-36C-C-vs-S,/Users/sr320/Documents/GitHub/resazurin-assay-development/data/clam/20260331-clam-36C-C-vs-S/plate-A-T3.5.txt,plate-A-T3.5.txt,a,3.5,2026-03-31T12:34:56Z,25.5,"528/20,528/20",C,4,C4,NA,NA,NA,NA,NA,NA,NA,NA,NA,NA,NA,NA,NA,TRUE,FALSE,NA,parsed_table,FALSE,210,3,210,1,NA,NA,NA,NA,NA
20260331-clam-36C-C-vs-S,/Users/sr320/Documents/GitHub/resazurin-assay-development/data/clam/20260331-clam-36C-C-vs-S/plate-B-T0.0.txt,plate-B-T0.0.txt,b,0,2026-03-31T08:49:16Z,23.7,"528/20,528/20",A,1,A1,NA,SELECTED,NA,SELECTED,NA,NA,TWEED,NA,NA,NA,NA,NA,0.67,FALSE,FALSE,NA,parsed_table,FALSE,228,0,207,1.1014492753623188,228,NA,NA,340.29850746268653,1.4925373134328357
20260331-clam-36C-C-vs-S,/Users/sr320/Documents/GitHub/resazurin-assay-development/data/clam/20260331-clam-36C-C-vs-S/plate-B-T0.5.txt,plate-B-T0.5.txt,b,0.5,2026-03-31T09:25:56Z,24.2,"528/20,528/20",A,1,A1,NA,SELECTED,NA,SELECTED,NA,NA,TWEED,NA,NA,NA,NA,NA,0.67,FALSE,FALSE,NA,parsed_table,FALSE,1058,830,207,5.111111111111111,228,NA,NA,1579.1044776119402,6.925896831631317
20260331-clam-36C-C-vs-S,/Users/sr320/Documents/GitHub/resazurin-assay-development/data/clam/20260331-clam-36C-C-vs-S/plate-B-T1.0.txt,plate-B-T1.0.txt,b,1,2026-03-31T09:57:09Z,24.6,"528/20,528/20",A,1,A1,NA,SELECTED,NA,SELECTED,NA,NA,TWEED,NA,NA,NA,NA,NA,0.67,FALSE,FALSE,NA,parsed_table,FALSE,2468,1410,208,11.865384615384615,228,NA,NA,3683.582089552239,16.156061796281747
20260331-clam-36C-C-vs-S,/Users/sr320/Documents/GitHub/resazurin-assay-development/data/clam/20260331-clam-36C-C-vs-S/plate-B-T1.5.txt,plate-B-T1.5.txt,b,1.5,2026-03-31T10:27:36Z,25,"528/20,528/20",A,1,A1,NA,SELECTED,NA,SELECTED,NA,NA,TWEED,NA,NA,NA,NA,NA,0.67,FALSE,FALSE,NA,parsed_table,FALSE,4029,1561,208,19.370192307692307,228,NA,NA,6013.432835820895,26.374705420267087
20260331-clam-36C-C-vs-S,/Users/sr320/Documents/GitHub/resazurin-assay-development/data/clam/20260331-clam-36C-C-vs-S/plate-B-T2.5.txt,plate-B-T2.5.txt,b,2.5,2026-03-31T11:31:08Z,25.3,"528/20,528/20",A,1,A1,NA,SELECTED,NA,SELECTED,NA,NA,TWEED,NA,NA,NA,NA,NA,0.67,FALSE,FALSE,NA,parsed_table,FALSE,6593,2564,207,31.85024154589372,228,NA,NA,9840.298507462687,43.1592039800995
20260331-clam-36C-C-vs-S,/Users/sr320/Documents/GitHub/resazurin-assay-development/data/clam/20260331-clam-36C-C-vs-S/plate-B-T3.0.txt,plate-B-T3.0.txt,b,3,2026-03-31T12:04:10Z,25.4,"528/20,528/20",A,1,A1,NA,SELECTED,NA,SELECTED,NA,NA,TWEED,NA,NA,NA,NA,NA,0.67,FALSE,FALSE,NA,parsed_table,FALSE,7044,451,209,33.70334928229665,228,NA,NA,10513.432835820895,46.11154752553024
20260331-clam-36C-C-vs-S,/Users/sr320/Documents/GitHub/resazurin-assay-development/data/clam/20260331-clam-36C-C-vs-S/plate-B-T3.5.txt,plate-B-T3.5.txt,b,3.5,2026-03-31T12:36:42Z,25.5,"528/20,528/20",A,1,A1,NA,SELECTED,NA,SELECTED,NA,NA,TWEED,NA,NA,NA,NA,NA,0.67,FALSE,FALSE,NA,parsed_table,FALSE,7698,654,211,36.48341232227488,228,NA,NA,11489.552238805969,50.39277297721917
20260331-clam-36C-C-vs-S,/Users/sr320/Documents/GitHub/resazurin-assay-development/data/clam/20260331-clam-36C-C-vs-S/plate-B-T0.0.txt,plate-B-T0.0.txt,b,0,2026-03-31T08:49:16Z,23.7,"528/20,528/20",A,2,A2,NA,SELECTED,NA,SELECTED,NA,NA,BLUE,NA,NA,NA,NA,NA,1.083,FALSE,FALSE,NA,parsed_table,FALSE,314,0,207,1.5169082125603865,314,NA,NA,289.9353647276085,0.9233610341643583
20260331-clam-36C-C-vs-S,/Users/sr320/Documents/GitHub/resazurin-assay-development/data/clam/20260331-clam-36C-C-vs-S/plate-B-T0.5.txt,plate-B-T0.5.txt,b,0.5,2026-03-31T09:25:56Z,24.2,"528/20,528/20",A,2,A2,NA,SELECTED,NA,SELECTED,NA,NA,BLUE,NA,NA,NA,NA,NA,1.083,FALSE,FALSE,NA,parsed_table,FALSE,744,430,207,3.5942028985507246,314,NA,NA,686.9806094182826,2.1878363357270145
20260331-clam-36C-C-vs-S,/Users/sr320/Documents/GitHub/resazurin-assay-development/data/clam/20260331-clam-36C-C-vs-S/plate-B-T1.0.txt,plate-B-T1.0.txt,b,1,2026-03-31T09:57:09Z,24.6,"528/20,528/20",A,2,A2,NA,SELECTED,NA,SELECTED,NA,NA,BLUE,NA,NA,NA,NA,NA,1.083,FALSE,FALSE,NA,parsed_table,FALSE,1828,1084,208,8.788461538461538,314,NA,NA,1687.9039704524469,5.375490351759385
20260331-clam-36C-C-vs-S,/Users/sr320/Documents/GitHub/resazurin-assay-development/data/clam/20260331-clam-36C-C-vs-S/plate-B-T1.5.txt,plate-B-T1.5.txt,b,1.5,2026-03-31T10:27:36Z,25,"528/20,528/20",A,2,A2,NA,SELECTED,NA,SELECTED,NA,NA,BLUE,NA,NA,NA,NA,NA,1.083,FALSE,FALSE,NA,parsed_table,FALSE,2937,1109,208,14.120192307692308,314,NA,NA,2711.9113573407203,8.63666037369656
20260331-clam-36C-C-vs-S,/Users/sr320/Documents/GitHub/resazurin-assay-development/data/clam/20260331-clam-36C-C-vs-S/plate-B-T2.5.txt,plate-B-T2.5.txt,b,2.5,2026-03-31T11:31:08Z,25.3,"528/20,528/20",A,2,A2,NA,SELECTED,NA,SELECTED,NA,NA,BLUE,NA,NA,NA,NA,NA,1.083,FALSE,FALSE,NA,parsed_table,FALSE,5467,2530,207,26.41062801932367,314,NA,NA,5048.0147737765465,16.076480171262887
20260331-clam-36C-C-vs-S,/Users/sr320/Documents/GitHub/resazurin-assay-development/data/clam/20260331-clam-36C-C-vs-S/plate-B-T3.0.txt,plate-B-T3.0.txt,b,3,2026-03-31T12:04:10Z,25.4,"528/20,528/20",A,2,A2,NA,SELECTED,NA,SELECTED,NA,NA,BLUE,NA,NA,NA,NA,NA,1.083,FALSE,FALSE,NA,parsed_table,FALSE,6474,1007,209,30.976076555023923,314,NA,NA,5977.839335180056,19.037704889108458
20260331-clam-36C-C-vs-S,/Users/sr320/Documents/GitHub/resazurin-assay-development/data/clam/20260331-clam-36C-C-vs-S/plate-B-T3.5.txt,plate-B-T3.5.txt,b,3.5,2026-03-31T12:36:42Z,25.5,"528/20,528/20",A,2,A2,NA,SELECTED,NA,SELECTED,NA,NA,BLUE,NA,NA,NA,NA,NA,1.083,FALSE,FALSE,NA,parsed_table,FALSE,7279,805,211,34.497630331753555,314,NA,NA,6721.144967682364,21.4049202792432
20260331-clam-36C-C-vs-S,/Users/sr320/Documents/GitHub/resazurin-assay-development/data/clam/20260331-clam-36C-C-vs-S/plate-B-T0.0.txt,plate-B-T0.0.txt,b,0,2026-03-31T08:49:16Z,23.7,"528/20,528/20",A,3,A3,NA,CONTROL,NA,CONTROL,NA,NA,TWEED,NA,NA,NA,NA,NA,1.396,FALSE,FALSE,NA,parsed_table,FALSE,355,0,207,1.714975845410628,355,NA,NA,254.297994269341,0.7163323782234957
20260331-clam-36C-C-vs-S,/Users/sr320/Documents/GitHub/resazurin-assay-development/data/clam/20260331-clam-36C-C-vs-S/plate-B-T0.5.txt,plate-B-T0.5.txt,b,0.5,2026-03-31T09:25:56Z,24.2,"528/20,528/20",A,3,A3,NA,CONTROL,NA,CONTROL,NA,NA,TWEED,NA,NA,NA,NA,NA,1.396,FALSE,FALSE,NA,parsed_table,FALSE,1748,1393,207,8.444444444444445,355,NA,NA,1252.1489971346705,3.5271802736187903
20260331-clam-36C-C-vs-S,/Users/sr320/Documents/GitHub/resazurin-assay-development/data/clam/20260331-clam-36C-C-vs-S/plate-B-T1.0.txt,plate-B-T1.0.txt,b,1,2026-03-31T09:57:09Z,24.6,"528/20,528/20",A,3,A3,NA,CONTROL,NA,CONTROL,NA,NA,TWEED,NA,NA,NA,NA,NA,1.396,FALSE,FALSE,NA,parsed_table,FALSE,2526,778,208,12.14423076923077,355,NA,NA,1809.4555873925503,5.097057992655071
20260331-clam-36C-C-vs-S,/Users/sr320/Documents/GitHub/resazurin-assay-development/data/clam/20260331-clam-36C-C-vs-S/plate-B-T1.5.txt,plate-B-T1.5.txt,b,1.5,2026-03-31T10:27:36Z,25,"528/20,528/20",A,3,A3,NA,CONTROL,NA,CONTROL,NA,NA,TWEED,NA,NA,NA,NA,NA,1.396,FALSE,FALSE,NA,parsed_table,FALSE,3561,1035,208,17.120192307692307,355,NA,NA,2550.859598853868,7.18551999677146
20260331-clam-36C-C-vs-S,/Users/sr320/Documents/GitHub/resazurin-assay-development/data/clam/20260331-clam-36C-C-vs-S/plate-B-T2.5.txt,plate-B-T2.5.txt,b,2.5,2026-03-31T11:31:08Z,25.3,"528/20,528/20",A,3,A3,NA,CONTROL,NA,CONTROL,NA,NA,TWEED,NA,NA,NA,NA,NA,1.396,FALSE,FALSE,NA,parsed_table,FALSE,5381,1820,207,25.995169082125603,355,NA,NA,3854.5845272206307,10.857984583720086
20260331-clam-36C-C-vs-S,/Users/sr320/Documents/GitHub/resazurin-assay-development/data/clam/20260331-clam-36C-C-vs-S/plate-B-T3.0.txt,plate-B-T3.0.txt,b,3,2026-03-31T12:04:10Z,25.4,"528/20,528/20",A,3,A3,NA,CONTROL,NA,CONTROL,NA,NA,TWEED,NA,NA,NA,NA,NA,1.396,FALSE,FALSE,NA,parsed_table,FALSE,4075,-1306,209,19.497607655502392,355,NA,NA,2919.054441260745,8.222688566931676
20260331-clam-36C-C-vs-S,/Users/sr320/Documents/GitHub/resazurin-assay-development/data/clam/20260331-clam-36C-C-vs-S/plate-B-T3.5.txt,plate-B-T3.5.txt,b,3.5,2026-03-31T12:36:42Z,25.5,"528/20,528/20",A,3,A3,NA,CONTROL,NA,CONTROL,NA,NA,TWEED,NA,NA,NA,NA,NA,1.396,FALSE,FALSE,NA,parsed_table,FALSE,4141,66,211,19.62559241706161,355,NA,NA,2966.332378223496,8.355865854150691
20260331-clam-36C-C-vs-S,/Users/sr320/Documents/GitHub/resazurin-assay-development/data/clam/20260331-clam-36C-C-vs-S/plate-B-T0.0.txt,plate-B-T0.0.txt,b,0,2026-03-31T08:49:16Z,23.7,"528/20,528/20",A,4,A4,NA,CONTROL,NA,CONTROL,NA,NA,BLUE,NA,NA,NA,NA,NA,0.968,FALSE,FALSE,NA,parsed_table,FALSE,248,0,207,1.1980676328502415,248,NA,NA,256.198347107438,1.0330578512396695
20260331-clam-36C-C-vs-S,/Users/sr320/Documents/GitHub/resazurin-assay-development/data/clam/20260331-clam-36C-C-vs-S/plate-B-T0.5.txt,plate-B-T0.5.txt,b,0.5,2026-03-31T09:25:56Z,24.2,"528/20,528/20",A,4,A4,NA,CONTROL,NA,CONTROL,NA,NA,BLUE,NA,NA,NA,NA,NA,0.968,FALSE,FALSE,NA,parsed_table,FALSE,1785,1537,207,8.623188405797102,248,NA,NA,1844.00826446281,7.4355171954145565
20260331-clam-36C-C-vs-S,/Users/sr320/Documents/GitHub/resazurin-assay-development/data/clam/20260331-clam-36C-C-vs-S/plate-B-T1.0.txt,plate-B-T1.0.txt,b,1,2026-03-31T09:57:09Z,24.6,"528/20,528/20",A,4,A4,NA,CONTROL,NA,CONTROL,NA,NA,BLUE,NA,NA,NA,NA,NA,0.968,FALSE,FALSE,NA,parsed_table,FALSE,3113,1328,208,14.966346153846153,248,NA,NA,3215.909090909091,12.967375366568916
20260331-clam-36C-C-vs-S,/Users/sr320/Documents/GitHub/resazurin-assay-development/data/clam/20260331-clam-36C-C-vs-S/plate-B-T1.5.txt,plate-B-T1.5.txt,b,1.5,2026-03-31T10:27:36Z,25,"528/20,528/20",A,4,A4,NA,CONTROL,NA,CONTROL,NA,NA,BLUE,NA,NA,NA,NA,NA,0.968,FALSE,FALSE,NA,parsed_table,FALSE,5079,1966,208,24.41826923076923,248,NA,NA,5246.900826446281,21.15685817115436
20260331-clam-36C-C-vs-S,/Users/sr320/Documents/GitHub/resazurin-assay-development/data/clam/20260331-clam-36C-C-vs-S/plate-B-T2.5.txt,plate-B-T2.5.txt,b,2.5,2026-03-31T11:31:08Z,25.3,"528/20,528/20",A,4,A4,NA,CONTROL,NA,CONTROL,NA,NA,BLUE,NA,NA,NA,NA,NA,0.968,FALSE,FALSE,NA,parsed_table,FALSE,8097,3018,207,39.11594202898551,248,NA,NA,8364.669421487604,33.72850573180485
20260331-clam-36C-C-vs-S,/Users/sr320/Documents/GitHub/resazurin-assay-development/data/clam/20260331-clam-36C-C-vs-S/plate-B-T3.0.txt,plate-B-T3.0.txt,b,3,2026-03-31T12:04:10Z,25.4,"528/20,528/20",A,4,A4,NA,CONTROL,NA,CONTROL,NA,NA,BLUE,NA,NA,NA,NA,NA,0.968,FALSE,FALSE,NA,parsed_table,FALSE,8682,585,209,41.54066985645933,248,NA,NA,8969.008264462811,36.16535590509198
20260331-clam-36C-C-vs-S,/Users/sr320/Documents/GitHub/resazurin-assay-development/data/clam/20260331-clam-36C-C-vs-S/plate-B-T3.5.txt,plate-B-T3.5.txt,b,3.5,2026-03-31T12:36:42Z,25.5,"528/20,528/20",A,4,A4,NA,CONTROL,NA,CONTROL,NA,NA,BLUE,NA,NA,NA,NA,NA,0.968,FALSE,FALSE,NA,parsed_table,FALSE,8947,265,211,42.40284360189573,248,NA,NA,9242.768595041323,37.269228205811785
20260331-clam-36C-C-vs-S,/Users/sr320/Documents/GitHub/resazurin-assay-development/data/clam/20260331-clam-36C-C-vs-S/plate-B-T0.0.txt,plate-B-T0.0.txt,b,0,2026-03-31T08:49:16Z,23.7,"528/20,528/20",B,1,B1,NA,SELECTED,NA,SELECTED,NA,NA,TWEED,NA,NA,NA,NA,NA,1.362,FALSE,FALSE,NA,parsed_table,FALSE,268,0,207,1.2946859903381642,268,NA,NA,196.76945668135093,0.7342143906020557
20260331-clam-36C-C-vs-S,/Users/sr320/Documents/GitHub/resazurin-assay-development/data/clam/20260331-clam-36C-C-vs-S/plate-B-T0.5.txt,plate-B-T0.5.txt,b,0.5,2026-03-31T09:25:56Z,24.2,"528/20,528/20",B,1,B1,NA,SELECTED,NA,SELECTED,NA,NA,TWEED,NA,NA,NA,NA,NA,1.362,FALSE,FALSE,NA,parsed_table,FALSE,1524,1256,207,7.36231884057971,268,NA,NA,1118.9427312775329,4.175159445065422
20260331-clam-36C-C-vs-S,/Users/sr320/Documents/GitHub/resazurin-assay-development/data/clam/20260331-clam-36C-C-vs-S/plate-B-T1.0.txt,plate-B-T1.0.txt,b,1,2026-03-31T09:57:09Z,24.6,"528/20,528/20",B,1,B1,NA,SELECTED,NA,SELECTED,NA,NA,TWEED,NA,NA,NA,NA,NA,1.362,FALSE,FALSE,NA,parsed_table,FALSE,3539,2015,208,17.014423076923077,268,NA,NA,2598.3847283406753,9.69546540425625
20260331-clam-36C-C-vs-S,/Users/sr320/Documents/GitHub/resazurin-assay-development/data/clam/20260331-clam-36C-C-vs-S/plate-B-T1.5.txt,plate-B-T1.5.txt,b,1.5,2026-03-31T10:27:36Z,25,"528/20,528/20",B,1,B1,NA,SELECTED,NA,SELECTED,NA,NA,TWEED,NA,NA,NA,NA,NA,1.362,FALSE,FALSE,NA,parsed_table,FALSE,5524,1985,208,26.557692307692307,268,NA,NA,4055.800293685756,15.133583185394611
20260331-clam-36C-C-vs-S,/Users/sr320/Documents/GitHub/resazurin-assay-development/data/clam/20260331-clam-36C-C-vs-S/plate-B-T2.5.txt,plate-B-T2.5.txt,b,2.5,2026-03-31T11:31:08Z,25.3,"528/20,528/20",B,1,B1,NA,SELECTED,NA,SELECTED,NA,NA,TWEED,NA,NA,NA,NA,NA,1.362,FALSE,FALSE,NA,parsed_table,FALSE,9303,3779,207,44.94202898550725,268,NA,NA,6830.396475770925,25.486554014070613
20260331-clam-36C-C-vs-S,/Users/sr320/Documents/GitHub/resazurin-assay-development/data/clam/20260331-clam-36C-C-vs-S/plate-B-T3.0.txt,plate-B-T3.0.txt,b,3,2026-03-31T12:04:10Z,25.4,"528/20,528/20",B,1,B1,NA,SELECTED,NA,SELECTED,NA,NA,TWEED,NA,NA,NA,NA,NA,1.362,FALSE,FALSE,NA,parsed_table,FALSE,9982,679,209,47.760765550239235,268,NA,NA,7328.92804698972,27.346746443991492
20260331-clam-36C-C-vs-S,/Users/sr320/Documents/GitHub/resazurin-assay-development/data/clam/20260331-clam-36C-C-vs-S/plate-B-T3.5.txt,plate-B-T3.5.txt,b,3.5,2026-03-31T12:36:42Z,25.5,"528/20,528/20",B,1,B1,NA,SELECTED,NA,SELECTED,NA,NA,TWEED,NA,NA,NA,NA,NA,1.362,FALSE,FALSE,NA,parsed_table,FALSE,10382,400,211,49.203791469194314,268,NA,NA,7622.6138032305425,28.44258881802441
20260331-clam-36C-C-vs-S,/Users/sr320/Documents/GitHub/resazurin-assay-development/data/clam/20260331-clam-36C-C-vs-S/plate-B-T0.0.txt,plate-B-T0.0.txt,b,0,2026-03-31T08:49:16Z,23.7,"528/20,528/20",B,2,B2,NA,SELECTED,NA,SELECTED,NA,NA,BLUE,NA,NA,NA,NA,NA,1.491,FALSE,FALSE,NA,parsed_table,FALSE,416,0,207,2.0096618357487923,416,NA,NA,279.0073775989269,0.670690811535882
20260331-clam-36C-C-vs-S,/Users/sr320/Documents/GitHub/resazurin-assay-development/data/clam/20260331-clam-36C-C-vs-S/plate-B-T0.5.txt,plate-B-T0.5.txt,b,0.5,2026-03-31T09:25:56Z,24.2,"528/20,528/20",B,2,B2,NA,SELECTED,NA,SELECTED,NA,NA,BLUE,NA,NA,NA,NA,NA,1.491,FALSE,FALSE,NA,parsed_table,FALSE,1637,1221,207,7.908212560386473,416,NA,NA,1097.9208584842386,2.6392328328948045
20260331-clam-36C-C-vs-S,/Users/sr320/Documents/GitHub/resazurin-assay-development/data/clam/20260331-clam-36C-C-vs-S/plate-B-T1.0.txt,plate-B-T1.0.txt,b,1,2026-03-31T09:57:09Z,24.6,"528/20,528/20",B,2,B2,NA,SELECTED,NA,SELECTED,NA,NA,BLUE,NA,NA,NA,NA,NA,1.491,FALSE,FALSE,NA,parsed_table,FALSE,3788,2151,208,18.21153846153846,416,NA,NA,2540.576794097921,6.107155755043078
20260331-clam-36C-C-vs-S,/Users/sr320/Documents/GitHub/resazurin-assay-development/data/clam/20260331-clam-36C-C-vs-S/plate-B-T1.5.txt,plate-B-T1.5.txt,b,1.5,2026-03-31T10:27:36Z,25,"528/20,528/20",B,2,B2,NA,SELECTED,NA,SELECTED,NA,NA,BLUE,NA,NA,NA,NA,NA,1.491,FALSE,FALSE,NA,parsed_table,FALSE,7956,4168,208,38.25,416,NA,NA,5336.016096579477,12.826961770623742
20260331-clam-36C-C-vs-S,/Users/sr320/Documents/GitHub/resazurin-assay-development/data/clam/20260331-clam-36C-C-vs-S/plate-B-T2.5.txt,plate-B-T2.5.txt,b,2.5,2026-03-31T11:31:08Z,25.3,"528/20,528/20",B,2,B2,NA,SELECTED,NA,SELECTED,NA,NA,BLUE,NA,NA,NA,NA,NA,1.491,FALSE,FALSE,NA,parsed_table,FALSE,10573,2617,207,51.07729468599034,416,NA,NA,7091.2139503688795,17.04618738069442
20260331-clam-36C-C-vs-S,/Users/sr320/Documents/GitHub/resazurin-assay-development/data/clam/20260331-clam-36C-C-vs-S/plate-B-T3.0.txt,plate-B-T3.0.txt,b,3,2026-03-31T12:04:10Z,25.4,"528/20,528/20",B,2,B2,NA,SELECTED,NA,SELECTED,NA,NA,BLUE,NA,NA,NA,NA,NA,1.491,FALSE,FALSE,NA,parsed_table,FALSE,10312,-261,209,49.33971291866029,416,NA,NA,6916.163648558014,16.625393385956766
20260331-clam-36C-C-vs-S,/Users/sr320/Documents/GitHub/resazurin-assay-development/data/clam/20260331-clam-36C-C-vs-S/plate-B-T3.5.txt,plate-B-T3.5.txt,b,3.5,2026-03-31T12:36:42Z,25.5,"528/20,528/20",B,2,B2,NA,SELECTED,NA,SELECTED,NA,NA,BLUE,NA,NA,NA,NA,NA,1.491,FALSE,FALSE,NA,parsed_table,FALSE,10303,-9,211,48.829383886255926,416,NA,NA,6910.127431254191,16.61088324820719
20260331-clam-36C-C-vs-S,/Users/sr320/Documents/GitHub/resazurin-assay-development/data/clam/20260331-clam-36C-C-vs-S/plate-B-T0.0.txt,plate-B-T0.0.txt,b,0,2026-03-31T08:49:16Z,23.7,"528/20,528/20",B,3,B3,NA,CONTROL,NA,CONTROL,NA,NA,TWEED,NA,NA,NA,NA,NA,0.554,FALSE,FALSE,NA,parsed_table,FALSE,217,0,207,1.0483091787439613,217,NA,NA,391.696750902527,1.8050541516245486
20260331-clam-36C-C-vs-S,/Users/sr320/Documents/GitHub/resazurin-assay-development/data/clam/20260331-clam-36C-C-vs-S/plate-B-T0.5.txt,plate-B-T0.5.txt,b,0.5,2026-03-31T09:25:56Z,24.2,"528/20,528/20",B,3,B3,NA,CONTROL,NA,CONTROL,NA,NA,TWEED,NA,NA,NA,NA,NA,0.554,FALSE,FALSE,NA,parsed_table,FALSE,426,209,207,2.0579710144927534,217,NA,NA,768.9530685920577,3.5435625280739984
20260331-clam-36C-C-vs-S,/Users/sr320/Documents/GitHub/resazurin-assay-development/data/clam/20260331-clam-36C-C-vs-S/plate-B-T1.0.txt,plate-B-T1.0.txt,b,1,2026-03-31T09:57:09Z,24.6,"528/20,528/20",B,3,B3,NA,CONTROL,NA,CONTROL,NA,NA,TWEED,NA,NA,NA,NA,NA,0.554,FALSE,FALSE,NA,parsed_table,FALSE,518,92,208,2.4903846153846154,217,NA,NA,935.0180505415161,4.308838942587633
20260331-clam-36C-C-vs-S,/Users/sr320/Documents/GitHub/resazurin-assay-development/data/clam/20260331-clam-36C-C-vs-S/plate-B-T1.5.txt,plate-B-T1.5.txt,b,1.5,2026-03-31T10:27:36Z,25,"528/20,528/20",B,3,B3,NA,CONTROL,NA,CONTROL,NA,NA,TWEED,NA,NA,NA,NA,NA,0.554,FALSE,FALSE,NA,parsed_table,FALSE,713,195,208,3.4278846153846154,217,NA,NA,1287.003610108303,5.93089221248066
20260331-clam-36C-C-vs-S,/Users/sr320/Documents/GitHub/resazurin-assay-development/data/clam/20260331-clam-36C-C-vs-S/plate-B-T2.5.txt,plate-B-T2.5.txt,b,2.5,2026-03-31T11:31:08Z,25.3,"528/20,528/20",B,3,B3,NA,CONTROL,NA,CONTROL,NA,NA,TWEED,NA,NA,NA,NA,NA,0.554,FALSE,FALSE,NA,parsed_table,FALSE,2248,1535,207,10.859903381642512,217,NA,NA,4057.761732851985,18.699362824202698
20260331-clam-36C-C-vs-S,/Users/sr320/Documents/GitHub/resazurin-assay-development/data/clam/20260331-clam-36C-C-vs-S/plate-B-T3.0.txt,plate-B-T3.0.txt,b,3,2026-03-31T12:04:10Z,25.4,"528/20,528/20",B,3,B3,NA,CONTROL,NA,CONTROL,NA,NA,TWEED,NA,NA,NA,NA,NA,0.554,FALSE,FALSE,NA,parsed_table,FALSE,3649,1401,209,17.45933014354067,217,NA,NA,6586.642599277978,30.353191701741835
20260331-clam-36C-C-vs-S,/Users/sr320/Documents/GitHub/resazurin-assay-development/data/clam/20260331-clam-36C-C-vs-S/plate-B-T3.5.txt,plate-B-T3.5.txt,b,3.5,2026-03-31T12:36:42Z,25.5,"528/20,528/20",B,3,B3,NA,CONTROL,NA,CONTROL,NA,NA,TWEED,NA,NA,NA,NA,NA,0.554,FALSE,FALSE,NA,parsed_table,FALSE,4891,1242,211,23.180094786729857,217,NA,NA,8828.519855595667,40.684423297675885
20260331-clam-36C-C-vs-S,/Users/sr320/Documents/GitHub/resazurin-assay-development/data/clam/20260331-clam-36C-C-vs-S/plate-B-T0.0.txt,plate-B-T0.0.txt,b,0,2026-03-31T08:49:16Z,23.7,"528/20,528/20",B,4,B4,NA,CONTROL,NA,CONTROL,NA,NA,BLUE,NA,NA,NA,NA,NA,1.049,FALSE,FALSE,NA,parsed_table,FALSE,261,0,207,1.2608695652173914,261,NA,NA,248.8083889418494,0.9532888465204957
20260331-clam-36C-C-vs-S,/Users/sr320/Documents/GitHub/resazurin-assay-development/data/clam/20260331-clam-36C-C-vs-S/plate-B-T0.5.txt,plate-B-T0.5.txt,b,0.5,2026-03-31T09:25:56Z,24.2,"528/20,528/20",B,4,B4,NA,CONTROL,NA,CONTROL,NA,NA,BLUE,NA,NA,NA,NA,NA,1.049,FALSE,FALSE,NA,parsed_table,FALSE,1547,1286,207,7.473429951690822,261,NA,NA,1474.737845567207,5.650336573054433
20260331-clam-36C-C-vs-S,/Users/sr320/Documents/GitHub/resazurin-assay-development/data/clam/20260331-clam-36C-C-vs-S/plate-B-T1.0.txt,plate-B-T1.0.txt,b,1,2026-03-31T09:57:09Z,24.6,"528/20,528/20",B,4,B4,NA,CONTROL,NA,CONTROL,NA,NA,BLUE,NA,NA,NA,NA,NA,1.049,FALSE,FALSE,NA,parsed_table,FALSE,3889,2342,208,18.697115384615383,261,NA,NA,3707.340324118208,14.204369057924168
20260331-clam-36C-C-vs-S,/Users/sr320/Documents/GitHub/resazurin-assay-development/data/clam/20260331-clam-36C-C-vs-S/plate-B-T1.5.txt,plate-B-T1.5.txt,b,1.5,2026-03-31T10:27:36Z,25,"528/20,528/20",B,4,B4,NA,CONTROL,NA,CONTROL,NA,NA,BLUE,NA,NA,NA,NA,NA,1.049,FALSE,FALSE,NA,parsed_table,FALSE,6847,2958,208,32.91826923076923,261,NA,NA,6527.168732125834,25.00830931848979
20260331-clam-36C-C-vs-S,/Users/sr320/Documents/GitHub/resazurin-assay-development/data/clam/20260331-clam-36C-C-vs-S/plate-B-T2.5.txt,plate-B-T2.5.txt,b,2.5,2026-03-31T11:31:08Z,25.3,"528/20,528/20",B,4,B4,NA,CONTROL,NA,CONTROL,NA,NA,BLUE,NA,NA,NA,NA,NA,1.049,FALSE,FALSE,NA,parsed_table,FALSE,10135,3288,207,48.96135265700483,261,NA,NA,9661.582459485224,37.017557316035344
20260331-clam-36C-C-vs-S,/Users/sr320/Documents/GitHub/resazurin-assay-development/data/clam/20260331-clam-36C-C-vs-S/plate-B-T3.0.txt,plate-B-T3.0.txt,b,3,2026-03-31T12:04:10Z,25.4,"528/20,528/20",B,4,B4,NA,CONTROL,NA,CONTROL,NA,NA,BLUE,NA,NA,NA,NA,NA,1.049,FALSE,FALSE,NA,parsed_table,FALSE,10884,749,209,52.07655502392345,261,NA,NA,10375.595805529076,39.75324063421102
20260331-clam-36C-C-vs-S,/Users/sr320/Documents/GitHub/resazurin-assay-development/data/clam/20260331-clam-36C-C-vs-S/plate-B-T3.5.txt,plate-B-T3.5.txt,b,3.5,2026-03-31T12:36:42Z,25.5,"528/20,528/20",B,4,B4,NA,CONTROL,NA,CONTROL,NA,NA,BLUE,NA,NA,NA,NA,NA,1.049,FALSE,FALSE,NA,parsed_table,FALSE,11088,204,211,52.54976303317535,261,NA,NA,10570.066730219258,40.49833996252589
20260331-clam-36C-C-vs-S,/Users/sr320/Documents/GitHub/resazurin-assay-development/data/clam/20260331-clam-36C-C-vs-S/plate-B-T0.0.txt,plate-B-T0.0.txt,b,0,2026-03-31T08:49:16Z,23.7,"528/20,528/20",C,1,C1,NA,SELECTED,NA,SELECTED,NA,NA,TWEED,NA,NA,NA,NA,NA,1.992,FALSE,FALSE,NA,parsed_table,FALSE,395,0,207,1.9082125603864735,395,NA,NA,198.29317269076304,0.5020080321285141
20260331-clam-36C-C-vs-S,/Users/sr320/Documents/GitHub/resazurin-assay-development/data/clam/20260331-clam-36C-C-vs-S/plate-B-T0.5.txt,plate-B-T0.5.txt,b,0.5,2026-03-31T09:25:56Z,24.2,"528/20,528/20",C,1,C1,NA,SELECTED,NA,SELECTED,NA,NA,TWEED,NA,NA,NA,NA,NA,1.992,FALSE,FALSE,NA,parsed_table,FALSE,2262,1867,207,10.927536231884059,395,NA,NA,1135.5421686746988,2.8747903004422755
20260331-clam-36C-C-vs-S,/Users/sr320/Documents/GitHub/resazurin-assay-development/data/clam/20260331-clam-36C-C-vs-S/plate-B-T1.0.txt,plate-B-T1.0.txt,b,1,2026-03-31T09:57:09Z,24.6,"528/20,528/20",C,1,C1,NA,SELECTED,NA,SELECTED,NA,NA,TWEED,NA,NA,NA,NA,NA,1.992,FALSE,FALSE,NA,parsed_table,FALSE,3870,1608,208,18.60576923076923,395,NA,NA,1942.7710843373493,4.918407808448986
20260331-clam-36C-C-vs-S,/Users/sr320/Documents/GitHub/resazurin-assay-development/data/clam/20260331-clam-36C-C-vs-S/plate-B-T1.5.txt,plate-B-T1.5.txt,b,1.5,2026-03-31T10:27:36Z,25,"528/20,528/20",C,1,C1,NA,SELECTED,NA,SELECTED,NA,NA,TWEED,NA,NA,NA,NA,NA,1.992,FALSE,FALSE,NA,parsed_table,FALSE,6322,2452,208,30.39423076923077,395,NA,NA,3173.6947791164657,8.034670326877128
20260331-clam-36C-C-vs-S,/Users/sr320/Documents/GitHub/resazurin-assay-development/data/clam/20260331-clam-36C-C-vs-S/plate-B-T2.5.txt,plate-B-T2.5.txt,b,2.5,2026-03-31T11:31:08Z,25.3,"528/20,528/20",C,1,C1,NA,SELECTED,NA,SELECTED,NA,NA,TWEED,NA,NA,NA,NA,NA,1.992,FALSE,FALSE,NA,parsed_table,FALSE,9163,2841,207,44.265700483091784,395,NA,NA,4599.899598393575,11.645315438971075
20260331-clam-36C-C-vs-S,/Users/sr320/Documents/GitHub/resazurin-assay-development/data/clam/20260331-clam-36C-C-vs-S/plate-B-T3.0.txt,plate-B-T3.0.txt,b,3,2026-03-31T12:04:10Z,25.4,"528/20,528/20",C,1,C1,NA,SELECTED,NA,SELECTED,NA,NA,TWEED,NA,NA,NA,NA,NA,1.992,FALSE,FALSE,NA,parsed_table,FALSE,10661,1498,209,51.00956937799043,395,NA,NA,5351.907630522089,13.549133241828072
20260331-clam-36C-C-vs-S,/Users/sr320/Documents/GitHub/resazurin-assay-development/data/clam/20260331-clam-36C-C-vs-S/plate-B-T3.5.txt,plate-B-T3.5.txt,b,3.5,2026-03-31T12:36:42Z,25.5,"528/20,528/20",C,1,C1,NA,SELECTED,NA,SELECTED,NA,NA,TWEED,NA,NA,NA,NA,NA,1.992,FALSE,FALSE,NA,parsed_table,FALSE,11403,742,211,54.04265402843602,395,NA,NA,5724.3975903614455,14.492145798383406
20260331-clam-36C-C-vs-S,/Users/sr320/Documents/GitHub/resazurin-assay-development/data/clam/20260331-clam-36C-C-vs-S/plate-B-T0.0.txt,plate-B-T0.0.txt,b,0,2026-03-31T08:49:16Z,23.7,"528/20,528/20",C,2,C2,NA,SELECTED,NA,SELECTED,NA,NA,BLUE,NA,NA,NA,NA,NA,1.702,FALSE,FALSE,NA,parsed_table,FALSE,376,0,207,1.816425120772947,376,NA,NA,220.9165687426557,0.5875440658049353
20260331-clam-36C-C-vs-S,/Users/sr320/Documents/GitHub/resazurin-assay-development/data/clam/20260331-clam-36C-C-vs-S/plate-B-T0.5.txt,plate-B-T0.5.txt,b,0.5,2026-03-31T09:25:56Z,24.2,"528/20,528/20",C,2,C2,NA,SELECTED,NA,SELECTED,NA,NA,BLUE,NA,NA,NA,NA,NA,1.702,FALSE,FALSE,NA,parsed_table,FALSE,2276,1900,207,10.995169082125605,376,NA,NA,1337.250293772033,3.556516738755407
20260331-clam-36C-C-vs-S,/Users/sr320/Documents/GitHub/resazurin-assay-development/data/clam/20260331-clam-36C-C-vs-S/plate-B-T1.0.txt,plate-B-T1.0.txt,b,1,2026-03-31T09:57:09Z,24.6,"528/20,528/20",C,2,C2,NA,SELECTED,NA,SELECTED,NA,NA,BLUE,NA,NA,NA,NA,NA,1.702,FALSE,FALSE,NA,parsed_table,FALSE,3817,1541,208,18.35096153846154,376,NA,NA,2242.6556991774382,5.964509838237868
20260331-clam-36C-C-vs-S,/Users/sr320/Documents/GitHub/resazurin-assay-development/data/clam/20260331-clam-36C-C-vs-S/plate-B-T1.5.txt,plate-B-T1.5.txt,b,1.5,2026-03-31T10:27:36Z,25,"528/20,528/20",C,2,C2,NA,SELECTED,NA,SELECTED,NA,NA,BLUE,NA,NA,NA,NA,NA,1.702,FALSE,FALSE,NA,parsed_table,FALSE,5138,1321,208,24.701923076923077,376,NA,NA,3018.801410105758,8.02872715453659
20260331-clam-36C-C-vs-S,/Users/sr320/Documents/GitHub/resazurin-assay-development/data/clam/20260331-clam-36C-C-vs-S/plate-B-T2.5.txt,plate-B-T2.5.txt,b,2.5,2026-03-31T11:31:08Z,25.3,"528/20,528/20",C,2,C2,NA,SELECTED,NA,SELECTED,NA,NA,BLUE,NA,NA,NA,NA,NA,1.702,FALSE,FALSE,NA,parsed_table,FALSE,7888,2750,207,38.106280193236714,376,NA,NA,4634.54759106933,12.325924444333326
20260331-clam-36C-C-vs-S,/Users/sr320/Documents/GitHub/resazurin-assay-development/data/clam/20260331-clam-36C-C-vs-S/plate-B-T3.0.txt,plate-B-T3.0.txt,b,3,2026-03-31T12:04:10Z,25.4,"528/20,528/20",C,2,C2,NA,SELECTED,NA,SELECTED,NA,NA,BLUE,NA,NA,NA,NA,NA,1.702,FALSE,FALSE,NA,parsed_table,FALSE,8638,750,209,41.33014354066986,376,NA,NA,5075.205640423032,13.497887341550618
20260331-clam-36C-C-vs-S,/Users/sr320/Documents/GitHub/resazurin-assay-development/data/clam/20260331-clam-36C-C-vs-S/plate-B-T3.5.txt,plate-B-T3.5.txt,b,3.5,2026-03-31T12:36:42Z,25.5,"528/20,528/20",C,2,C2,NA,SELECTED,NA,SELECTED,NA,NA,BLUE,NA,NA,NA,NA,NA,1.702,FALSE,FALSE,NA,parsed_table,FALSE,9777,1139,211,46.33649289099526,376,NA,NA,5744.418331374854,15.27770832812461
20260331-clam-36C-C-vs-S,/Users/sr320/Documents/GitHub/resazurin-assay-development/data/clam/20260331-clam-36C-C-vs-S/plate-B-T0.0.txt,plate-B-T0.0.txt,b,0,2026-03-31T08:49:16Z,23.7,"528/20,528/20",C,3,C3,NA,NA,NA,NA,NA,NA,NA,NA,NA,NA,NA,NA,NA,TRUE,FALSE,NA,parsed_table,FALSE,207,0,207,1,NA,NA,NA,NA,NA
20260331-clam-36C-C-vs-S,/Users/sr320/Documents/GitHub/resazurin-assay-development/data/clam/20260331-clam-36C-C-vs-S/plate-B-T0.5.txt,plate-B-T0.5.txt,b,0.5,2026-03-31T09:25:56Z,24.2,"528/20,528/20",C,3,C3,NA,NA,NA,NA,NA,NA,NA,NA,NA,NA,NA,NA,NA,TRUE,FALSE,NA,parsed_table,FALSE,207,0,207,1,NA,NA,NA,NA,NA
20260331-clam-36C-C-vs-S,/Users/sr320/Documents/GitHub/resazurin-assay-development/data/clam/20260331-clam-36C-C-vs-S/plate-B-T1.0.txt,plate-B-T1.0.txt,b,1,2026-03-31T09:57:09Z,24.6,"528/20,528/20",C,3,C3,NA,NA,NA,NA,NA,NA,NA,NA,NA,NA,NA,NA,NA,TRUE,FALSE,NA,parsed_table,FALSE,208,1,208,1,NA,NA,NA,NA,NA
20260331-clam-36C-C-vs-S,/Users/sr320/Documents/GitHub/resazurin-assay-development/data/clam/20260331-clam-36C-C-vs-S/plate-B-T1.5.txt,plate-B-T1.5.txt,b,1.5,2026-03-31T10:27:36Z,25,"528/20,528/20",C,3,C3,NA,NA,NA,NA,NA,NA,NA,NA,NA,NA,NA,NA,NA,TRUE,FALSE,NA,parsed_table,FALSE,208,0,208,1,NA,NA,NA,NA,NA
20260331-clam-36C-C-vs-S,/Users/sr320/Documents/GitHub/resazurin-assay-development/data/clam/20260331-clam-36C-C-vs-S/plate-B-T2.5.txt,plate-B-T2.5.txt,b,2.5,2026-03-31T11:31:08Z,25.3,"528/20,528/20",C,3,C3,NA,NA,NA,NA,NA,NA,NA,NA,NA,NA,NA,NA,NA,TRUE,FALSE,NA,parsed_table,FALSE,207,-1,207,1,NA,NA,NA,NA,NA
20260331-clam-36C-C-vs-S,/Users/sr320/Documents/GitHub/resazurin-assay-development/data/clam/20260331-clam-36C-C-vs-S/plate-B-T3.0.txt,plate-B-T3.0.txt,b,3,2026-03-31T12:04:10Z,25.4,"528/20,528/20",C,3,C3,NA,NA,NA,NA,NA,NA,NA,NA,NA,NA,NA,NA,NA,TRUE,FALSE,NA,parsed_table,FALSE,209,2,209,1,NA,NA,NA,NA,NA
20260331-clam-36C-C-vs-S,/Users/sr320/Documents/GitHub/resazurin-assay-development/data/clam/20260331-clam-36C-C-vs-S/plate-B-T3.5.txt,plate-B-T3.5.txt,b,3.5,2026-03-31T12:36:42Z,25.5,"528/20,528/20",C,3,C3,NA,NA,NA,NA,NA,NA,NA,NA,NA,NA,NA,NA,NA,TRUE,FALSE,NA,parsed_table,FALSE,211,2,211,1,NA,NA,NA,NA,NA
20260331-clam-36C-C-vs-S,/Users/sr320/Documents/GitHub/resazurin-assay-development/data/clam/20260331-clam-36C-C-vs-S/plate-B-T0.0.txt,plate-B-T0.0.txt,b,0,2026-03-31T08:49:16Z,23.7,"528/20,528/20",C,4,C4,NA,CONTROL,NA,CONTROL,NA,NA,BLUE,NA,NA,NA,NA,NA,1.657,FALSE,FALSE,NA,parsed_table,FALSE,335,0,207,1.6183574879227054,335,NA,NA,202.17260108630055,0.6035003017501509
20260331-clam-36C-C-vs-S,/Users/sr320/Documents/GitHub/resazurin-assay-development/data/clam/20260331-clam-36C-C-vs-S/plate-B-T0.5.txt,plate-B-T0.5.txt,b,0.5,2026-03-31T09:25:56Z,24.2,"528/20,528/20",C,4,C4,NA,CONTROL,NA,CONTROL,NA,NA,BLUE,NA,NA,NA,NA,NA,1.657,FALSE,FALSE,NA,parsed_table,FALSE,4259,3924,207,20.57487922705314,335,NA,NA,2570.3077851538924,7.672560552698187
20260331-clam-36C-C-vs-S,/Users/sr320/Documents/GitHub/resazurin-assay-development/data/clam/20260331-clam-36C-C-vs-S/plate-B-T1.0.txt,plate-B-T1.0.txt,b,1,2026-03-31T09:57:09Z,24.6,"528/20,528/20",C,4,C4,NA,CONTROL,NA,CONTROL,NA,NA,BLUE,NA,NA,NA,NA,NA,1.657,FALSE,FALSE,NA,parsed_table,FALSE,9849,5590,208,47.35096153846154,335,NA,NA,5943.874471937236,17.742908871454436
20260331-clam-36C-C-vs-S,/Users/sr320/Documents/GitHub/resazurin-assay-development/data/clam/20260331-clam-36C-C-vs-S/plate-B-T1.5.txt,plate-B-T1.5.txt,b,1.5,2026-03-31T10:27:36Z,25,"528/20,528/20",C,4,C4,NA,CONTROL,NA,CONTROL,NA,NA,BLUE,NA,NA,NA,NA,NA,1.657,FALSE,FALSE,NA,parsed_table,FALSE,11566,1717,208,55.60576923076923,335,NA,NA,6980.084490042245,20.836073104603713
20260331-clam-36C-C-vs-S,/Users/sr320/Documents/GitHub/resazurin-assay-development/data/clam/20260331-clam-36C-C-vs-S/plate-B-T2.5.txt,plate-B-T2.5.txt,b,2.5,2026-03-31T11:31:08Z,25.3,"528/20,528/20",C,4,C4,NA,CONTROL,NA,CONTROL,NA,NA,BLUE,NA,NA,NA,NA,NA,1.657,FALSE,FALSE,NA,parsed_table,FALSE,11432,-134,207,55.227053140096615,335,NA,NA,6899.215449607725,20.594672983903653
20260331-clam-36C-C-vs-S,/Users/sr320/Documents/GitHub/resazurin-assay-development/data/clam/20260331-clam-36C-C-vs-S/plate-B-T3.0.txt,plate-B-T3.0.txt,b,3,2026-03-31T12:04:10Z,25.4,"528/20,528/20",C,4,C4,NA,CONTROL,NA,CONTROL,NA,NA,BLUE,NA,NA,NA,NA,NA,1.657,FALSE,FALSE,NA,parsed_table,FALSE,11362,-70,209,54.36363636363637,335,NA,NA,6856.970428485214,20.468568443239445
20260331-clam-36C-C-vs-S,/Users/sr320/Documents/GitHub/resazurin-assay-development/data/clam/20260331-clam-36C-C-vs-S/plate-B-T3.5.txt,plate-B-T3.5.txt,b,3.5,2026-03-31T12:36:42Z,25.5,"528/20,528/20",C,4,C4,NA,CONTROL,NA,CONTROL,NA,NA,BLUE,NA,NA,NA,NA,NA,1.657,FALSE,FALSE,NA,parsed_table,FALSE,10981,-381,211,52.04265402843602,335,NA,NA,6627.036813518406,19.782199443338527
20260331-clam-36C-C-vs-S,/Users/sr320/Documents/GitHub/resazurin-assay-development/data/clam/20260331-clam-36C-C-vs-S/plate-C-T0.0.txt,plate-C-T0.0.txt,c,0,2026-03-31T08:50:18Z,23.7,"528/20,528/20",A,1,A1,NA,SELECTED,NA,SELECTED,NA,NA,TWEED,NA,NA,NA,NA,NA,1.642,FALSE,FALSE,NA,parsed_table,FALSE,380,0,253,1.5019762845849802,380,NA,NA,231.42509135200976,0.6090133982947625
20260331-clam-36C-C-vs-S,/Users/sr320/Documents/GitHub/resazurin-assay-development/data/clam/20260331-clam-36C-C-vs-S/plate-C-T0.5.txt,plate-C-T0.5.txt,c,0.5,2026-03-31T09:27:08Z,24.3,"528/20,528/20",A,1,A1,NA,SELECTED,NA,SELECTED,NA,NA,TWEED,NA,NA,NA,NA,NA,1.642,FALSE,FALSE,NA,parsed_table,FALSE,2370,1990,955,2.481675392670157,380,NA,NA,1443.361753958587,3.7983204051541763
20260331-clam-36C-C-vs-S,/Users/sr320/Documents/GitHub/resazurin-assay-development/data/clam/20260331-clam-36C-C-vs-S/plate-C-T1.0.txt,plate-C-T1.0.txt,c,1,2026-03-31T09:58:18Z,24.7,"528/20,528/20",A,1,A1,NA,SELECTED,NA,SELECTED,NA,NA,TWEED,NA,NA,NA,NA,NA,1.642,FALSE,FALSE,NA,parsed_table,FALSE,4963,2593,2421,2.049979347377117,380,NA,NA,3022.5334957369064,7.9540355150971225
20260331-clam-36C-C-vs-S,/Users/sr320/Documents/GitHub/resazurin-assay-development/data/clam/20260331-clam-36C-C-vs-S/plate-C-T1.5.txt,plate-C-T1.5.txt,c,1.5,2026-03-31T10:28:57Z,25,"528/20,528/20",A,1,A1,NA,SELECTED,NA,SELECTED,NA,NA,TWEED,NA,NA,NA,NA,NA,1.642,FALSE,FALSE,NA,parsed_table,FALSE,6840,1877,4158,1.645021645021645,380,NA,NA,4165.651644336175,10.962241169305726
20260331-clam-36C-C-vs-S,/Users/sr320/Documents/GitHub/resazurin-assay-development/data/clam/20260331-clam-36C-C-vs-S/plate-C-T2.5.txt,plate-C-T2.5.txt,c,2.5,2026-03-31T11:32:23Z,25.3,"528/20,528/20",A,1,A1,NA,SELECTED,NA,SELECTED,NA,NA,TWEED,NA,NA,NA,NA,NA,1.642,FALSE,FALSE,NA,parsed_table,FALSE,9030,2190,7387,1.222417760931366,380,NA,NA,5499.390986601706,14.472081543688699
20260331-clam-36C-C-vs-S,/Users/sr320/Documents/GitHub/resazurin-assay-development/data/clam/20260331-clam-36C-C-vs-S/plate-C-T3.0.txt,plate-C-T3.0.txt,c,3,2026-03-31T12:05:14Z,25.4,"528/20,528/20",A,1,A1,NA,SELECTED,NA,SELECTED,NA,NA,TWEED,NA,NA,NA,NA,NA,1.642,FALSE,FALSE,NA,parsed_table,FALSE,9840,810,8143,1.2083998526341644,380,NA,NA,5992.691839220463,15.770241682159114
20260331-clam-36C-C-vs-S,/Users/sr320/Documents/GitHub/resazurin-assay-development/data/clam/20260331-clam-36C-C-vs-S/plate-C-T3.5.txt,plate-C-T3.5.txt,c,3.5,2026-03-31T12:37:52Z,25.5,"528/20,528/20",A,1,A1,NA,SELECTED,NA,SELECTED,NA,NA,TWEED,NA,NA,NA,NA,NA,1.642,FALSE,FALSE,NA,parsed_table,FALSE,10526,686,8407,1.2520518615439515,380,NA,NA,6410.475030450671,16.86967113276492
20260331-clam-36C-C-vs-S,/Users/sr320/Documents/GitHub/resazurin-assay-development/data/clam/20260331-clam-36C-C-vs-S/plate-C-T0.0.txt,plate-C-T0.0.txt,c,0,2026-03-31T08:50:18Z,23.7,"528/20,528/20",A,2,A2,NA,SELECTED,NA,SELECTED,NA,NA,BLUE,NA,NA,NA,NA,NA,1.201,FALSE,FALSE,NA,parsed_table,FALSE,326,0,253,1.2885375494071147,326,NA,NA,271.44046627810155,0.832639467110741
20260331-clam-36C-C-vs-S,/Users/sr320/Documents/GitHub/resazurin-assay-development/data/clam/20260331-clam-36C-C-vs-S/plate-C-T0.5.txt,plate-C-T0.5.txt,c,0.5,2026-03-31T09:27:08Z,24.3,"528/20,528/20",A,2,A2,NA,SELECTED,NA,SELECTED,NA,NA,BLUE,NA,NA,NA,NA,NA,1.201,FALSE,FALSE,NA,parsed_table,FALSE,1428,1102,955,1.4952879581151832,326,NA,NA,1189.009159034138,3.6472673590004234
20260331-clam-36C-C-vs-S,/Users/sr320/Documents/GitHub/resazurin-assay-development/data/clam/20260331-clam-36C-C-vs-S/plate-C-T1.0.txt,plate-C-T1.0.txt,c,1,2026-03-31T09:58:18Z,24.7,"528/20,528/20",A,2,A2,NA,SELECTED,NA,SELECTED,NA,NA,BLUE,NA,NA,NA,NA,NA,1.201,FALSE,FALSE,NA,parsed_table,FALSE,2667,1239,2421,1.1016109045848823,326,NA,NA,2220.6494587843463,6.811808155780203
20260331-clam-36C-C-vs-S,/Users/sr320/Documents/GitHub/resazurin-assay-development/data/clam/20260331-clam-36C-C-vs-S/plate-C-T1.5.txt,plate-C-T1.5.txt,c,1.5,2026-03-31T10:28:57Z,25,"528/20,528/20",A,2,A2,NA,SELECTED,NA,SELECTED,NA,NA,BLUE,NA,NA,NA,NA,NA,1.201,FALSE,FALSE,NA,parsed_table,FALSE,4202,1535,4158,1.0105820105820107,326,NA,NA,3498.7510407993336,10.732365155826177
20260331-clam-36C-C-vs-S,/Users/sr320/Documents/GitHub/resazurin-assay-development/data/clam/20260331-clam-36C-C-vs-S/plate-C-T2.5.txt,plate-C-T2.5.txt,c,2.5,2026-03-31T11:32:23Z,25.3,"528/20,528/20",A,2,A2,NA,SELECTED,NA,SELECTED,NA,NA,BLUE,NA,NA,NA,NA,NA,1.201,FALSE,FALSE,NA,parsed_table,FALSE,5817,1615,7387,0.7874644645999729,326,NA,NA,4843.4637801831805,14.85725085945761
20260331-clam-36C-C-vs-S,/Users/sr320/Documents/GitHub/resazurin-assay-development/data/clam/20260331-clam-36C-C-vs-S/plate-C-T3.0.txt,plate-C-T3.0.txt,c,3,2026-03-31T12:05:14Z,25.4,"528/20,528/20",A,2,A2,NA,SELECTED,NA,SELECTED,NA,NA,BLUE,NA,NA,NA,NA,NA,1.201,FALSE,FALSE,NA,parsed_table,FALSE,7079,1262,8143,0.8693356256907774,326,NA,NA,5894.254787676936,18.080536158518207
20260331-clam-36C-C-vs-S,/Users/sr320/Documents/GitHub/resazurin-assay-development/data/clam/20260331-clam-36C-C-vs-S/plate-C-T3.5.txt,plate-C-T3.5.txt,c,3.5,2026-03-31T12:37:52Z,25.5,"528/20,528/20",A,2,A2,NA,SELECTED,NA,SELECTED,NA,NA,BLUE,NA,NA,NA,NA,NA,1.201,FALSE,FALSE,NA,parsed_table,FALSE,7974,895,8407,0.9484953015344356,326,NA,NA,6639.467110741049,20.366463529880516
20260331-clam-36C-C-vs-S,/Users/sr320/Documents/GitHub/resazurin-assay-development/data/clam/20260331-clam-36C-C-vs-S/plate-C-T0.0.txt,plate-C-T0.0.txt,c,0,2026-03-31T08:50:18Z,23.7,"528/20,528/20",A,3,A3,NA,CONTROL,NA,CONTROL,NA,NA,TWEED,NA,NA,NA,NA,NA,1.081,FALSE,FALSE,NA,parsed_table,FALSE,266,0,253,1.051383399209486,266,NA,NA,246.06845513413506,0.9250693802035153
20260331-clam-36C-C-vs-S,/Users/sr320/Documents/GitHub/resazurin-assay-development/data/clam/20260331-clam-36C-C-vs-S/plate-C-T0.5.txt,plate-C-T0.5.txt,c,0.5,2026-03-31T09:27:08Z,24.3,"528/20,528/20",A,3,A3,NA,CONTROL,NA,CONTROL,NA,NA,TWEED,NA,NA,NA,NA,NA,1.081,FALSE,FALSE,NA,parsed_table,FALSE,1031,765,955,1.0795811518324607,266,NA,NA,953.7465309898242,3.5855132743978357
20260331-clam-36C-C-vs-S,/Users/sr320/Documents/GitHub/resazurin-assay-development/data/clam/20260331-clam-36C-C-vs-S/plate-C-T1.0.txt,plate-C-T1.0.txt,c,1,2026-03-31T09:58:18Z,24.7,"528/20,528/20",A,3,A3,NA,CONTROL,NA,CONTROL,NA,NA,TWEED,NA,NA,NA,NA,NA,1.081,FALSE,FALSE,NA,parsed_table,FALSE,2211,1180,2421,0.9132589838909542,266,NA,NA,2045.3283996299724,7.689204509887114
20260331-clam-36C-C-vs-S,/Users/sr320/Documents/GitHub/resazurin-assay-development/data/clam/20260331-clam-36C-C-vs-S/plate-C-T1.5.txt,plate-C-T1.5.txt,c,1.5,2026-03-31T10:28:57Z,25,"528/20,528/20",A,3,A3,NA,CONTROL,NA,CONTROL,NA,NA,TWEED,NA,NA,NA,NA,NA,1.081,FALSE,FALSE,NA,parsed_table,FALSE,3738,1527,4158,0.898989898989899,266,NA,NA,3457.9093432007403,12.99965918496519
20260331-clam-36C-C-vs-S,/Users/sr320/Documents/GitHub/resazurin-assay-development/data/clam/20260331-clam-36C-C-vs-S/plate-C-T2.5.txt,plate-C-T2.5.txt,c,2.5,2026-03-31T11:32:23Z,25.3,"528/20,528/20",A,3,A3,NA,CONTROL,NA,CONTROL,NA,NA,TWEED,NA,NA,NA,NA,NA,1.081,FALSE,FALSE,NA,parsed_table,FALSE,9093,5355,7387,1.2309462569378637,266,NA,NA,8411.655874190565,31.62276644432543
20260331-clam-36C-C-vs-S,/Users/sr320/Documents/GitHub/resazurin-assay-development/data/clam/20260331-clam-36C-C-vs-S/plate-C-T3.0.txt,plate-C-T3.0.txt,c,3,2026-03-31T12:05:14Z,25.4,"528/20,528/20",A,3,A3,NA,CONTROL,NA,CONTROL,NA,NA,TWEED,NA,NA,NA,NA,NA,1.081,FALSE,FALSE,NA,parsed_table,FALSE,10083,990,8143,1.2382414343608006,266,NA,NA,9327.474560592045,35.0656938368122
20260331-clam-36C-C-vs-S,/Users/sr320/Documents/GitHub/resazurin-assay-development/data/clam/20260331-clam-36C-C-vs-S/plate-C-T3.5.txt,plate-C-T3.5.txt,c,3.5,2026-03-31T12:37:52Z,25.5,"528/20,528/20",A,3,A3,NA,CONTROL,NA,CONTROL,NA,NA,TWEED,NA,NA,NA,NA,NA,1.081,FALSE,FALSE,NA,parsed_table,FALSE,10282,199,8407,1.223028428690377,266,NA,NA,9511.563367252544,35.75775701974641
20260331-clam-36C-C-vs-S,/Users/sr320/Documents/GitHub/resazurin-assay-development/data/clam/20260331-clam-36C-C-vs-S/plate-C-T0.0.txt,plate-C-T0.0.txt,c,0,2026-03-31T08:50:18Z,23.7,"528/20,528/20",A,4,A4,NA,CONTROL,NA,CONTROL,NA,NA,BLUE,NA,NA,NA,NA,NA,1.092,FALSE,FALSE,NA,parsed_table,FALSE,334,0,253,1.3201581027667983,334,NA,NA,305.86080586080584,0.9157509157509157
20260331-clam-36C-C-vs-S,/Users/sr320/Documents/GitHub/resazurin-assay-development/data/clam/20260331-clam-36C-C-vs-S/plate-C-T0.5.txt,plate-C-T0.5.txt,c,0.5,2026-03-31T09:27:08Z,24.3,"528/20,528/20",A,4,A4,NA,CONTROL,NA,CONTROL,NA,NA,BLUE,NA,NA,NA,NA,NA,1.092,FALSE,FALSE,NA,parsed_table,FALSE,2130,1796,955,2.230366492146597,334,NA,NA,1950.5494505494505,5.839968414818714
20260331-clam-36C-C-vs-S,/Users/sr320/Documents/GitHub/resazurin-assay-development/data/clam/20260331-clam-36C-C-vs-S/plate-C-T1.0.txt,plate-C-T1.0.txt,c,1,2026-03-31T09:58:18Z,24.7,"528/20,528/20",A,4,A4,NA,CONTROL,NA,CONTROL,NA,NA,BLUE,NA,NA,NA,NA,NA,1.092,FALSE,FALSE,NA,parsed_table,FALSE,4485,2355,2421,1.852540272614622,334,NA,NA,4107.142857142857,12.29683490162532
20260331-clam-36C-C-vs-S,/Users/sr320/Documents/GitHub/resazurin-assay-development/data/clam/20260331-clam-36C-C-vs-S/plate-C-T1.5.txt,plate-C-T1.5.txt,c,1.5,2026-03-31T10:28:57Z,25,"528/20,528/20",A,4,A4,NA,CONTROL,NA,CONTROL,NA,NA,BLUE,NA,NA,NA,NA,NA,1.092,FALSE,FALSE,NA,parsed_table,FALSE,6258,1773,4158,1.505050505050505,334,NA,NA,5730.7692307692305,17.15799170888991
20260331-clam-36C-C-vs-S,/Users/sr320/Documents/GitHub/resazurin-assay-development/data/clam/20260331-clam-36C-C-vs-S/plate-C-T2.5.txt,plate-C-T2.5.txt,c,2.5,2026-03-31T11:32:23Z,25.3,"528/20,528/20",A,4,A4,NA,CONTROL,NA,CONTROL,NA,NA,BLUE,NA,NA,NA,NA,NA,1.092,FALSE,FALSE,NA,parsed_table,FALSE,8057,1799,7387,1.0906998781643427,334,NA,NA,7378.205128205128,22.090434515584214
20260331-clam-36C-C-vs-S,/Users/sr320/Documents/GitHub/resazurin-assay-development/data/clam/20260331-clam-36C-C-vs-S/plate-C-T3.0.txt,plate-C-T3.0.txt,c,3,2026-03-31T12:05:14Z,25.4,"528/20,528/20",A,4,A4,NA,CONTROL,NA,CONTROL,NA,NA,BLUE,NA,NA,NA,NA,NA,1.092,FALSE,FALSE,NA,parsed_table,FALSE,8707,650,8143,1.0692619427729337,334,NA,NA,7973.443223443222,23.872584501327015
20260331-clam-36C-C-vs-S,/Users/sr320/Documents/GitHub/resazurin-assay-development/data/clam/20260331-clam-36C-C-vs-S/plate-C-T3.5.txt,plate-C-T3.5.txt,c,3.5,2026-03-31T12:37:52Z,25.5,"528/20,528/20",A,4,A4,NA,CONTROL,NA,CONTROL,NA,NA,BLUE,NA,NA,NA,NA,NA,1.092,FALSE,FALSE,NA,parsed_table,FALSE,8621,-86,8407,1.0254549779945283,334,NA,NA,7894.688644688644,23.636792349367198
20260331-clam-36C-C-vs-S,/Users/sr320/Documents/GitHub/resazurin-assay-development/data/clam/20260331-clam-36C-C-vs-S/plate-C-T0.0.txt,plate-C-T0.0.txt,c,0,2026-03-31T08:50:18Z,23.7,"528/20,528/20",B,1,B1,NA,SELECTED,NA,SELECTED,NA,NA,TWEED,NA,NA,NA,NA,NA,1.365,FALSE,FALSE,NA,parsed_table,FALSE,340,0,253,1.3438735177865613,340,NA,NA,249.08424908424908,0.7326007326007326
20260331-clam-36C-C-vs-S,/Users/sr320/Documents/GitHub/resazurin-assay-development/data/clam/20260331-clam-36C-C-vs-S/plate-C-T0.5.txt,plate-C-T0.5.txt,c,0.5,2026-03-31T09:27:08Z,24.3,"528/20,528/20",B,1,B1,NA,SELECTED,NA,SELECTED,NA,NA,TWEED,NA,NA,NA,NA,NA,1.365,FALSE,FALSE,NA,parsed_table,FALSE,1187,847,955,1.242931937172775,340,NA,NA,869.5970695970695,2.5576384399913814
20260331-clam-36C-C-vs-S,/Users/sr320/Documents/GitHub/resazurin-assay-development/data/clam/20260331-clam-36C-C-vs-S/plate-C-T1.0.txt,plate-C-T1.0.txt,c,1,2026-03-31T09:58:18Z,24.7,"528/20,528/20",B,1,B1,NA,SELECTED,NA,SELECTED,NA,NA,TWEED,NA,NA,NA,NA,NA,1.365,FALSE,FALSE,NA,parsed_table,FALSE,2074,887,2421,0.8566707971912433,340,NA,NA,1519.4139194139195,4.468864468864469
20260331-clam-36C-C-vs-S,/Users/sr320/Documents/GitHub/resazurin-assay-development/data/clam/20260331-clam-36C-C-vs-S/plate-C-T1.5.txt,plate-C-T1.5.txt,c,1.5,2026-03-31T10:28:57Z,25,"528/20,528/20",B,1,B1,NA,SELECTED,NA,SELECTED,NA,NA,TWEED,NA,NA,NA,NA,NA,1.365,FALSE,FALSE,NA,parsed_table,FALSE,3442,1368,4158,0.8278018278018278,340,NA,NA,2521.611721611722,7.4165050635638865
20260331-clam-36C-C-vs-S,/Users/sr320/Documents/GitHub/resazurin-assay-development/data/clam/20260331-clam-36C-C-vs-S/plate-C-T2.5.txt,plate-C-T2.5.txt,c,2.5,2026-03-31T11:32:23Z,25.3,"528/20,528/20",B,1,B1,NA,SELECTED,NA,SELECTED,NA,NA,TWEED,NA,NA,NA,NA,NA,1.365,FALSE,FALSE,NA,parsed_table,FALSE,5672,2230,7387,0.7678353864897793,340,NA,NA,4155.311355311355,12.22150398620987
20260331-clam-36C-C-vs-S,/Users/sr320/Documents/GitHub/resazurin-assay-development/data/clam/20260331-clam-36C-C-vs-S/plate-C-T3.0.txt,plate-C-T3.0.txt,c,3,2026-03-31T12:05:14Z,25.4,"528/20,528/20",B,1,B1,NA,SELECTED,NA,SELECTED,NA,NA,TWEED,NA,NA,NA,NA,NA,1.365,FALSE,FALSE,NA,parsed_table,FALSE,6623,951,8143,0.8133366081296819,340,NA,NA,4852.014652014652,14.27063132945486
20260331-clam-36C-C-vs-S,/Users/sr320/Documents/GitHub/resazurin-assay-development/data/clam/20260331-clam-36C-C-vs-S/plate-C-T3.5.txt,plate-C-T3.5.txt,c,3.5,2026-03-31T12:37:52Z,25.5,"528/20,528/20",B,1,B1,NA,SELECTED,NA,SELECTED,NA,NA,TWEED,NA,NA,NA,NA,NA,1.365,FALSE,FALSE,NA,parsed_table,FALSE,7442,819,8407,0.8852147020340193,340,NA,NA,5452.014652014652,16.0353372118078
20260331-clam-36C-C-vs-S,/Users/sr320/Documents/GitHub/resazurin-assay-development/data/clam/20260331-clam-36C-C-vs-S/plate-C-T0.0.txt,plate-C-T0.0.txt,c,0,2026-03-31T08:50:18Z,23.7,"528/20,528/20",B,2,B2,NA,SELECTED,NA,SELECTED,NA,NA,BLUE,NA,NA,NA,NA,NA,1.12,FALSE,FALSE,NA,parsed_table,FALSE,272,0,253,1.075098814229249,272,NA,NA,242.85714285714283,0.8928571428571428
20260331-clam-36C-C-vs-S,/Users/sr320/Documents/GitHub/resazurin-assay-development/data/clam/20260331-clam-36C-C-vs-S/plate-C-T0.5.txt,plate-C-T0.5.txt,c,0.5,2026-03-31T09:27:08Z,24.3,"528/20,528/20",B,2,B2,NA,SELECTED,NA,SELECTED,NA,NA,BLUE,NA,NA,NA,NA,NA,1.12,FALSE,FALSE,NA,parsed_table,FALSE,1170,898,955,1.225130890052356,272,NA,NA,1044.642857142857,3.8405987394957983
20260331-clam-36C-C-vs-S,/Users/sr320/Documents/GitHub/resazurin-assay-development/data/clam/20260331-clam-36C-C-vs-S/plate-C-T1.0.txt,plate-C-T1.0.txt,c,1,2026-03-31T09:58:18Z,24.7,"528/20,528/20",B,2,B2,NA,SELECTED,NA,SELECTED,NA,NA,BLUE,NA,NA,NA,NA,NA,1.12,FALSE,FALSE,NA,parsed_table,FALSE,1698,528,2421,0.701363073110285,272,NA,NA,1516.0714285714284,5.573792016806721
20260331-clam-36C-C-vs-S,/Users/sr320/Documents/GitHub/resazurin-assay-development/data/clam/20260331-clam-36C-C-vs-S/plate-C-T1.5.txt,plate-C-T1.5.txt,c,1.5,2026-03-31T10:28:57Z,25,"528/20,528/20",B,2,B2,NA,SELECTED,NA,SELECTED,NA,NA,BLUE,NA,NA,NA,NA,NA,1.12,FALSE,FALSE,NA,parsed_table,FALSE,3338,1640,4158,0.8027898027898028,272,NA,NA,2980.3571428571427,10.957195378151258
20260331-clam-36C-C-vs-S,/Users/sr320/Documents/GitHub/resazurin-assay-development/data/clam/20260331-clam-36C-C-vs-S/plate-C-T2.5.txt,plate-C-T2.5.txt,c,2.5,2026-03-31T11:32:23Z,25.3,"528/20,528/20",B,2,B2,NA,SELECTED,NA,SELECTED,NA,NA,BLUE,NA,NA,NA,NA,NA,1.12,FALSE,FALSE,NA,parsed_table,FALSE,5372,2034,7387,0.7272235007445512,272,NA,NA,4796.428571428571,17.63392857142857
20260331-clam-36C-C-vs-S,/Users/sr320/Documents/GitHub/resazurin-assay-development/data/clam/20260331-clam-36C-C-vs-S/plate-C-T3.0.txt,plate-C-T3.0.txt,c,3,2026-03-31T12:05:14Z,25.4,"528/20,528/20",B,2,B2,NA,SELECTED,NA,SELECTED,NA,NA,BLUE,NA,NA,NA,NA,NA,1.12,FALSE,FALSE,NA,parsed_table,FALSE,6160,788,8143,0.7564779565270785,272,NA,NA,5499.999999999999,20.220588235294116
20260331-clam-36C-C-vs-S,/Users/sr320/Documents/GitHub/resazurin-assay-development/data/clam/20260331-clam-36C-C-vs-S/plate-C-T3.5.txt,plate-C-T3.5.txt,c,3.5,2026-03-31T12:37:52Z,25.5,"528/20,528/20",B,2,B2,NA,SELECTED,NA,SELECTED,NA,NA,BLUE,NA,NA,NA,NA,NA,1.12,FALSE,FALSE,NA,parsed_table,FALSE,6832,672,8407,0.8126561199000832,272,NA,NA,6099.999999999999,22.42647058823529
20260331-clam-36C-C-vs-S,/Users/sr320/Documents/GitHub/resazurin-assay-development/data/clam/20260331-clam-36C-C-vs-S/plate-C-T0.0.txt,plate-C-T0.0.txt,c,0,2026-03-31T08:50:18Z,23.7,"528/20,528/20",B,3,B3,NA,CONTROL,NA,CONTROL,NA,NA,TWEED,NA,NA,NA,NA,NA,1.019,FALSE,FALSE,NA,parsed_table,FALSE,232,0,253,0.9169960474308301,232,NA,NA,227.6741903827282,0.9813542688910698
20260331-clam-36C-C-vs-S,/Users/sr320/Documents/GitHub/resazurin-assay-development/data/clam/20260331-clam-36C-C-vs-S/plate-C-T0.5.txt,plate-C-T0.5.txt,c,0.5,2026-03-31T09:27:08Z,24.3,"528/20,528/20",B,3,B3,NA,CONTROL,NA,CONTROL,NA,NA,TWEED,NA,NA,NA,NA,NA,1.019,FALSE,FALSE,NA,parsed_table,FALSE,786,554,955,0.8230366492146597,232,NA,NA,771.3444553483808,3.3247605833981932
20260331-clam-36C-C-vs-S,/Users/sr320/Documents/GitHub/resazurin-assay-development/data/clam/20260331-clam-36C-C-vs-S/plate-C-T1.0.txt,plate-C-T1.0.txt,c,1,2026-03-31T09:58:18Z,24.7,"528/20,528/20",B,3,B3,NA,CONTROL,NA,CONTROL,NA,NA,TWEED,NA,NA,NA,NA,NA,1.019,FALSE,FALSE,NA,parsed_table,FALSE,1393,607,2421,0.5753820735233375,232,NA,NA,1367.0264965652602,5.892355588643363
20260331-clam-36C-C-vs-S,/Users/sr320/Documents/GitHub/resazurin-assay-development/data/clam/20260331-clam-36C-C-vs-S/plate-C-T1.5.txt,plate-C-T1.5.txt,c,1.5,2026-03-31T10:28:57Z,25,"528/20,528/20",B,3,B3,NA,CONTROL,NA,CONTROL,NA,NA,TWEED,NA,NA,NA,NA,NA,1.019,FALSE,FALSE,NA,parsed_table,FALSE,2035,642,4158,0.4894179894179894,232,NA,NA,1997.055937193327,8.607999729281582
20260331-clam-36C-C-vs-S,/Users/sr320/Documents/GitHub/resazurin-assay-development/data/clam/20260331-clam-36C-C-vs-S/plate-C-T2.5.txt,plate-C-T2.5.txt,c,2.5,2026-03-31T11:32:23Z,25.3,"528/20,528/20",B,3,B3,NA,CONTROL,NA,CONTROL,NA,NA,TWEED,NA,NA,NA,NA,NA,1.019,FALSE,FALSE,NA,parsed_table,FALSE,3297,1262,7387,0.4463246243400569,232,NA,NA,3235.525024533857,13.946228554025247
20260331-clam-36C-C-vs-S,/Users/sr320/Documents/GitHub/resazurin-assay-development/data/clam/20260331-clam-36C-C-vs-S/plate-C-T3.0.txt,plate-C-T3.0.txt,c,3,2026-03-31T12:05:14Z,25.4,"528/20,528/20",B,3,B3,NA,CONTROL,NA,CONTROL,NA,NA,TWEED,NA,NA,NA,NA,NA,1.019,FALSE,FALSE,NA,parsed_table,FALSE,3661,364,8143,0.44958860370870685,232,NA,NA,3592.7379784102063,15.485939562112959
20260331-clam-36C-C-vs-S,/Users/sr320/Documents/GitHub/resazurin-assay-development/data/clam/20260331-clam-36C-C-vs-S/plate-C-T3.5.txt,plate-C-T3.5.txt,c,3.5,2026-03-31T12:37:52Z,25.5,"528/20,528/20",B,3,B3,NA,CONTROL,NA,CONTROL,NA,NA,TWEED,NA,NA,NA,NA,NA,1.019,FALSE,FALSE,NA,parsed_table,FALSE,3932,271,8407,0.4677054835256334,232,NA,NA,3858.6849852796863,16.632262867584853
20260331-clam-36C-C-vs-S,/Users/sr320/Documents/GitHub/resazurin-assay-development/data/clam/20260331-clam-36C-C-vs-S/plate-C-T0.0.txt,plate-C-T0.0.txt,c,0,2026-03-31T08:50:18Z,23.7,"528/20,528/20",B,4,B4,NA,NA,NA,NA,NA,NA,NA,NA,NA,NA,NA,NA,NA,TRUE,FALSE,NA,parsed_table,FALSE,253,0,253,1,NA,NA,NA,NA,NA
20260331-clam-36C-C-vs-S,/Users/sr320/Documents/GitHub/resazurin-assay-development/data/clam/20260331-clam-36C-C-vs-S/plate-C-T0.5.txt,plate-C-T0.5.txt,c,0.5,2026-03-31T09:27:08Z,24.3,"528/20,528/20",B,4,B4,NA,NA,NA,NA,NA,NA,NA,NA,NA,NA,NA,NA,NA,TRUE,FALSE,NA,parsed_table,FALSE,955,702,955,1,NA,NA,NA,NA,NA
20260331-clam-36C-C-vs-S,/Users/sr320/Documents/GitHub/resazurin-assay-development/data/clam/20260331-clam-36C-C-vs-S/plate-C-T1.0.txt,plate-C-T1.0.txt,c,1,2026-03-31T09:58:18Z,24.7,"528/20,528/20",B,4,B4,NA,NA,NA,NA,NA,NA,NA,NA,NA,NA,NA,NA,NA,TRUE,FALSE,NA,parsed_table,FALSE,2421,1466,2421,1,NA,NA,NA,NA,NA
20260331-clam-36C-C-vs-S,/Users/sr320/Documents/GitHub/resazurin-assay-development/data/clam/20260331-clam-36C-C-vs-S/plate-C-T1.5.txt,plate-C-T1.5.txt,c,1.5,2026-03-31T10:28:57Z,25,"528/20,528/20",B,4,B4,NA,NA,NA,NA,NA,NA,NA,NA,NA,NA,NA,NA,NA,TRUE,FALSE,NA,parsed_table,FALSE,4158,1737,4158,1,NA,NA,NA,NA,NA
20260331-clam-36C-C-vs-S,/Users/sr320/Documents/GitHub/resazurin-assay-development/data/clam/20260331-clam-36C-C-vs-S/plate-C-T2.5.txt,plate-C-T2.5.txt,c,2.5,2026-03-31T11:32:23Z,25.3,"528/20,528/20",B,4,B4,NA,NA,NA,NA,NA,NA,NA,NA,NA,NA,NA,NA,NA,TRUE,FALSE,NA,parsed_table,FALSE,7387,3229,7387,1,NA,NA,NA,NA,NA
20260331-clam-36C-C-vs-S,/Users/sr320/Documents/GitHub/resazurin-assay-development/data/clam/20260331-clam-36C-C-vs-S/plate-C-T3.0.txt,plate-C-T3.0.txt,c,3,2026-03-31T12:05:14Z,25.4,"528/20,528/20",B,4,B4,NA,NA,NA,NA,NA,NA,NA,NA,NA,NA,NA,NA,NA,TRUE,FALSE,NA,parsed_table,FALSE,8143,756,8143,1,NA,NA,NA,NA,NA
20260331-clam-36C-C-vs-S,/Users/sr320/Documents/GitHub/resazurin-assay-development/data/clam/20260331-clam-36C-C-vs-S/plate-C-T3.5.txt,plate-C-T3.5.txt,c,3.5,2026-03-31T12:37:52Z,25.5,"528/20,528/20",B,4,B4,NA,NA,NA,NA,NA,NA,NA,NA,NA,NA,NA,NA,NA,TRUE,FALSE,NA,parsed_table,FALSE,8407,264,8407,1,NA,NA,NA,NA,NA
20260331-clam-36C-C-vs-S,/Users/sr320/Documents/GitHub/resazurin-assay-development/data/clam/20260331-clam-36C-C-vs-S/plate-C-T0.0.txt,plate-C-T0.0.txt,c,0,2026-03-31T08:50:18Z,23.7,"528/20,528/20",C,1,C1,NA,SELECTED,NA,SELECTED,NA,NA,TWEED,NA,NA,NA,NA,NA,0.638,FALSE,FALSE,NA,parsed_table,FALSE,201,0,253,0.7944664031620553,201,NA,NA,315.04702194357367,1.567398119122257
20260331-clam-36C-C-vs-S,/Users/sr320/Documents/GitHub/resazurin-assay-development/data/clam/20260331-clam-36C-C-vs-S/plate-C-T0.5.txt,plate-C-T0.5.txt,c,0.5,2026-03-31T09:27:08Z,24.3,"528/20,528/20",C,1,C1,NA,SELECTED,NA,SELECTED,NA,NA,TWEED,NA,NA,NA,NA,NA,0.638,FALSE,FALSE,NA,parsed_table,FALSE,201,0,955,0.21047120418848167,201,NA,NA,315.04702194357367,1.567398119122257
20260331-clam-36C-C-vs-S,/Users/sr320/Documents/GitHub/resazurin-assay-development/data/clam/20260331-clam-36C-C-vs-S/plate-C-T1.0.txt,plate-C-T1.0.txt,c,1,2026-03-31T09:58:18Z,24.7,"528/20,528/20",C,1,C1,NA,SELECTED,NA,SELECTED,NA,NA,TWEED,NA,NA,NA,NA,NA,0.638,FALSE,FALSE,NA,parsed_table,FALSE,202,1,2421,0.08343659644774887,201,NA,NA,316.6144200626959,1.5751961197149051
20260331-clam-36C-C-vs-S,/Users/sr320/Documents/GitHub/resazurin-assay-development/data/clam/20260331-clam-36C-C-vs-S/plate-C-T1.5.txt,plate-C-T1.5.txt,c,1.5,2026-03-31T10:28:57Z,25,"528/20,528/20",C,1,C1,NA,SELECTED,NA,SELECTED,NA,NA,TWEED,NA,NA,NA,NA,NA,0.638,FALSE,FALSE,NA,parsed_table,FALSE,202,0,4158,0.04858104858104858,201,NA,NA,316.6144200626959,1.5751961197149051
20260331-clam-36C-C-vs-S,/Users/sr320/Documents/GitHub/resazurin-assay-development/data/clam/20260331-clam-36C-C-vs-S/plate-C-T2.5.txt,plate-C-T2.5.txt,c,2.5,2026-03-31T11:32:23Z,25.3,"528/20,528/20",C,1,C1,NA,SELECTED,NA,SELECTED,NA,NA,TWEED,NA,NA,NA,NA,NA,0.638,FALSE,FALSE,NA,parsed_table,FALSE,206,4,7387,0.027886828211723298,201,NA,NA,322.88401253918494,1.6063881220854972
20260331-clam-36C-C-vs-S,/Users/sr320/Documents/GitHub/resazurin-assay-development/data/clam/20260331-clam-36C-C-vs-S/plate-C-T3.0.txt,plate-C-T3.0.txt,c,3,2026-03-31T12:05:14Z,25.4,"528/20,528/20",C,1,C1,NA,SELECTED,NA,SELECTED,NA,NA,TWEED,NA,NA,NA,NA,NA,0.638,FALSE,FALSE,NA,parsed_table,FALSE,207,1,8143,0.025420606656023578,201,NA,NA,324.4514106583072,1.6141861226781453
20260331-clam-36C-C-vs-S,/Users/sr320/Documents/GitHub/resazurin-assay-development/data/clam/20260331-clam-36C-C-vs-S/plate-C-T3.5.txt,plate-C-T3.5.txt,c,3.5,2026-03-31T12:37:52Z,25.5,"528/20,528/20",C,1,C1,NA,SELECTED,NA,SELECTED,NA,NA,TWEED,NA,NA,NA,NA,NA,0.638,FALSE,FALSE,NA,parsed_table,FALSE,209,2,8407,0.024860235518020697,201,NA,NA,327.58620689655174,1.6297821238634413
20260331-clam-36C-C-vs-S,/Users/sr320/Documents/GitHub/resazurin-assay-development/data/clam/20260331-clam-36C-C-vs-S/plate-C-T0.0.txt,plate-C-T0.0.txt,c,0,2026-03-31T08:50:18Z,23.7,"528/20,528/20",C,2,C2,NA,SELECTED,NA,SELECTED,NA,NA,BLUE,NA,NA,NA,NA,NA,1.066,FALSE,FALSE,NA,parsed_table,FALSE,254,0,253,1.0039525691699605,254,NA,NA,238.27392120075046,0.9380863039399624
20260331-clam-36C-C-vs-S,/Users/sr320/Documents/GitHub/resazurin-assay-development/data/clam/20260331-clam-36C-C-vs-S/plate-C-T0.5.txt,plate-C-T0.5.txt,c,0.5,2026-03-31T09:27:08Z,24.3,"528/20,528/20",C,2,C2,NA,SELECTED,NA,SELECTED,NA,NA,BLUE,NA,NA,NA,NA,NA,1.066,FALSE,FALSE,NA,parsed_table,FALSE,576,322,955,0.6031413612565445,254,NA,NA,540.3377110694183,2.1273138231079463
20260331-clam-36C-C-vs-S,/Users/sr320/Documents/GitHub/resazurin-assay-development/data/clam/20260331-clam-36C-C-vs-S/plate-C-T1.0.txt,plate-C-T1.0.txt,c,1,2026-03-31T09:58:18Z,24.7,"528/20,528/20",C,2,C2,NA,SELECTED,NA,SELECTED,NA,NA,BLUE,NA,NA,NA,NA,NA,1.066,FALSE,FALSE,NA,parsed_table,FALSE,1295,719,2421,0.5349029326724494,254,NA,NA,1214.8217636022514,4.782762848827761
20260331-clam-36C-C-vs-S,/Users/sr320/Documents/GitHub/resazurin-assay-development/data/clam/20260331-clam-36C-C-vs-S/plate-C-T1.5.txt,plate-C-T1.5.txt,c,1.5,2026-03-31T10:28:57Z,25,"528/20,528/20",C,2,C2,NA,SELECTED,NA,SELECTED,NA,NA,BLUE,NA,NA,NA,NA,NA,1.066,FALSE,FALSE,NA,parsed_table,FALSE,2175,880,4158,0.523088023088023,254,NA,NA,2040.3377110694182,8.032825634131568
20260331-clam-36C-C-vs-S,/Users/sr320/Documents/GitHub/resazurin-assay-development/data/clam/20260331-clam-36C-C-vs-S/plate-C-T2.5.txt,plate-C-T2.5.txt,c,2.5,2026-03-31T11:32:23Z,25.3,"528/20,528/20",C,2,C2,NA,SELECTED,NA,SELECTED,NA,NA,BLUE,NA,NA,NA,NA,NA,1.066,FALSE,FALSE,NA,parsed_table,FALSE,3407,1232,7387,0.46121564911330715,254,NA,NA,3196.060037523452,12.582913533556898
20260331-clam-36C-C-vs-S,/Users/sr320/Documents/GitHub/resazurin-assay-development/data/clam/20260331-clam-36C-C-vs-S/plate-C-T3.0.txt,plate-C-T3.0.txt,c,3,2026-03-31T12:05:14Z,25.4,"528/20,528/20",C,2,C2,NA,SELECTED,NA,SELECTED,NA,NA,BLUE,NA,NA,NA,NA,NA,1.066,FALSE,FALSE,NA,parsed_table,FALSE,4234,827,8143,0.5199557902492938,254,NA,NA,3971.857410881801,15.637233901109452
20260331-clam-36C-C-vs-S,/Users/sr320/Documents/GitHub/resazurin-assay-development/data/clam/20260331-clam-36C-C-vs-S/plate-C-T3.5.txt,plate-C-T3.5.txt,c,3.5,2026-03-31T12:37:52Z,25.5,"528/20,528/20",C,2,C2,NA,SELECTED,NA,SELECTED,NA,NA,BLUE,NA,NA,NA,NA,NA,1.066,FALSE,FALSE,NA,parsed_table,FALSE,4733,499,8407,0.5629832282621625,254,NA,NA,4439.962476547842,17.480167230503316
20260331-clam-36C-C-vs-S,/Users/sr320/Documents/GitHub/resazurin-assay-development/data/clam/20260331-clam-36C-C-vs-S/plate-C-T0.0.txt,plate-C-T0.0.txt,c,0,2026-03-31T08:50:18Z,23.7,"528/20,528/20",C,3,C3,NA,CONTROL,NA,CONTROL,NA,NA,TWEED,NA,NA,NA,NA,NA,1.104,FALSE,FALSE,NA,parsed_table,FALSE,235,0,253,0.9288537549407114,235,NA,NA,212.8623188405797,0.9057971014492753
20260331-clam-36C-C-vs-S,/Users/sr320/Documents/GitHub/resazurin-assay-development/data/clam/20260331-clam-36C-C-vs-S/plate-C-T0.5.txt,plate-C-T0.5.txt,c,0.5,2026-03-31T09:27:08Z,24.3,"528/20,528/20",C,3,C3,NA,CONTROL,NA,CONTROL,NA,NA,TWEED,NA,NA,NA,NA,NA,1.104,FALSE,FALSE,NA,parsed_table,FALSE,368,133,955,0.38534031413612563,235,NA,NA,333.3333333333333,1.4184397163120566
20260331-clam-36C-C-vs-S,/Users/sr320/Documents/GitHub/resazurin-assay-development/data/clam/20260331-clam-36C-C-vs-S/plate-C-T1.0.txt,plate-C-T1.0.txt,c,1,2026-03-31T09:58:18Z,24.7,"528/20,528/20",C,3,C3,NA,CONTROL,NA,CONTROL,NA,NA,TWEED,NA,NA,NA,NA,NA,1.104,FALSE,FALSE,NA,parsed_table,FALSE,775,407,2421,0.3201156546881454,235,NA,NA,701.9927536231884,2.9872032069071848
20260331-clam-36C-C-vs-S,/Users/sr320/Documents/GitHub/resazurin-assay-development/data/clam/20260331-clam-36C-C-vs-S/plate-C-T1.5.txt,plate-C-T1.5.txt,c,1.5,2026-03-31T10:28:57Z,25,"528/20,528/20",C,3,C3,NA,CONTROL,NA,CONTROL,NA,NA,TWEED,NA,NA,NA,NA,NA,1.104,FALSE,FALSE,NA,parsed_table,FALSE,1130,355,4158,0.27176527176527177,235,NA,NA,1023.5507246376811,4.355534998458217
20260331-clam-36C-C-vs-S,/Users/sr320/Documents/GitHub/resazurin-assay-development/data/clam/20260331-clam-36C-C-vs-S/plate-C-T2.5.txt,plate-C-T2.5.txt,c,2.5,2026-03-31T11:32:23Z,25.3,"528/20,528/20",C,3,C3,NA,CONTROL,NA,CONTROL,NA,NA,TWEED,NA,NA,NA,NA,NA,1.104,FALSE,FALSE,NA,parsed_table,FALSE,1916,786,7387,0.2593745769595235,235,NA,NA,1735.5072463768115,7.38513721862473
20260331-clam-36C-C-vs-S,/Users/sr320/Documents/GitHub/resazurin-assay-development/data/clam/20260331-clam-36C-C-vs-S/plate-C-T3.0.txt,plate-C-T3.0.txt,c,3,2026-03-31T12:05:14Z,25.4,"528/20,528/20",C,3,C3,NA,CONTROL,NA,CONTROL,NA,NA,TWEED,NA,NA,NA,NA,NA,1.104,FALSE,FALSE,NA,parsed_table,FALSE,2176,260,8143,0.267223382045929,235,NA,NA,1971.014492753623,8.387295713845203
20260331-clam-36C-C-vs-S,/Users/sr320/Documents/GitHub/resazurin-assay-development/data/clam/20260331-clam-36C-C-vs-S/plate-C-T3.5.txt,plate-C-T3.5.txt,c,3.5,2026-03-31T12:37:52Z,25.5,"528/20,528/20",C,3,C3,NA,CONTROL,NA,CONTROL,NA,NA,TWEED,NA,NA,NA,NA,NA,1.104,FALSE,FALSE,NA,parsed_table,FALSE,2449,273,8407,0.2913048649934578,235,NA,NA,2218.297101449275,9.439562133826703
20260331-clam-36C-C-vs-S,/Users/sr320/Documents/GitHub/resazurin-assay-development/data/clam/20260331-clam-36C-C-vs-S/plate-C-T0.0.txt,plate-C-T0.0.txt,c,0,2026-03-31T08:50:18Z,23.7,"528/20,528/20",C,4,C4,NA,CONTROL,NA,CONTROL,NA,NA,BLUE,NA,NA,NA,NA,NA,1.631,FALSE,FALSE,NA,parsed_table,FALSE,370,0,253,1.4624505928853755,370,NA,NA,226.85469037400367,0.6131207847946045
20260331-clam-36C-C-vs-S,/Users/sr320/Documents/GitHub/resazurin-assay-development/data/clam/20260331-clam-36C-C-vs-S/plate-C-T0.5.txt,plate-C-T0.5.txt,c,0.5,2026-03-31T09:27:08Z,24.3,"528/20,528/20",C,4,C4,NA,CONTROL,NA,CONTROL,NA,NA,BLUE,NA,NA,NA,NA,NA,1.631,FALSE,FALSE,NA,parsed_table,FALSE,2793,2423,955,2.924607329842932,370,NA,NA,1712.4463519313304,4.62823338359819
20260331-clam-36C-C-vs-S,/Users/sr320/Documents/GitHub/resazurin-assay-development/data/clam/20260331-clam-36C-C-vs-S/plate-C-T1.0.txt,plate-C-T1.0.txt,c,1,2026-03-31T09:58:18Z,24.7,"528/20,528/20",C,4,C4,NA,CONTROL,NA,CONTROL,NA,NA,BLUE,NA,NA,NA,NA,NA,1.631,FALSE,FALSE,NA,parsed_table,FALSE,6167,3374,2421,2.547294506402313,370,NA,NA,3781.1158798283263,10.219232107644125
20260331-clam-36C-C-vs-S,/Users/sr320/Documents/GitHub/resazurin-assay-development/data/clam/20260331-clam-36C-C-vs-S/plate-C-T1.5.txt,plate-C-T1.5.txt,c,1.5,2026-03-31T10:28:57Z,25,"528/20,528/20",C,4,C4,NA,CONTROL,NA,CONTROL,NA,NA,BLUE,NA,NA,NA,NA,NA,1.631,FALSE,FALSE,NA,parsed_table,FALSE,6714,547,4158,1.6147186147186148,370,NA,NA,4116.492949110975,11.125656619218852
20260331-clam-36C-C-vs-S,/Users/sr320/Documents/GitHub/resazurin-assay-development/data/clam/20260331-clam-36C-C-vs-S/plate-C-T2.5.txt,plate-C-T2.5.txt,c,2.5,2026-03-31T11:32:23Z,25.3,"528/20,528/20",C,4,C4,NA,CONTROL,NA,CONTROL,NA,NA,BLUE,NA,NA,NA,NA,NA,1.631,FALSE,FALSE,NA,parsed_table,FALSE,1978,-4736,7387,0.2677677000135373,370,NA,NA,1212.7529123237277,3.277710573847913
20260331-clam-36C-C-vs-S,/Users/sr320/Documents/GitHub/resazurin-assay-development/data/clam/20260331-clam-36C-C-vs-S/plate-C-T3.0.txt,plate-C-T3.0.txt,c,3,2026-03-31T12:05:14Z,25.4,"528/20,528/20",C,4,C4,NA,CONTROL,NA,CONTROL,NA,NA,BLUE,NA,NA,NA,NA,NA,1.631,FALSE,FALSE,NA,parsed_table,FALSE,2630,652,8143,0.3229767898808793,370,NA,NA,1612.50766400981,4.358128821648135
20260331-clam-36C-C-vs-S,/Users/sr320/Documents/GitHub/resazurin-assay-development/data/clam/20260331-clam-36C-C-vs-S/plate-C-T3.5.txt,plate-C-T3.5.txt,c,3.5,2026-03-31T12:37:52Z,25.5,"528/20,528/20",C,4,C4,NA,CONTROL,NA,CONTROL,NA,NA,BLUE,NA,NA,NA,NA,NA,1.631,FALSE,FALSE,NA,parsed_table,FALSE,1880,-750,8407,0.22362317116688474,370,NA,NA,1152.6670754138565,3.1153164200374497
20260331-clam-36C-C-vs-S,/Users/sr320/Documents/GitHub/resazurin-assay-development/data/clam/20260331-clam-36C-C-vs-S/plate-D-T0.0.txt,plate-D-T0.0.txt,d,0,2026-03-31T08:51:15Z,23.7,"528/20,528/20",A,1,A1,NA,SELECTED,NA,SELECTED,NA,NA,TWEED,NA,NA,NA,NA,NA,1.485,FALSE,FALSE,NA,parsed_table,FALSE,356,0,199,1.7889447236180904,356,NA,NA,239.73063973063972,0.6734006734006733
20260331-clam-36C-C-vs-S,/Users/sr320/Documents/GitHub/resazurin-assay-development/data/clam/20260331-clam-36C-C-vs-S/plate-D-T0.5.txt,plate-D-T0.5.txt,d,0.5,2026-03-31T09:28:39Z,24.3,"528/20,528/20",A,1,A1,NA,SELECTED,NA,SELECTED,NA,NA,TWEED,NA,NA,NA,NA,NA,1.485,FALSE,FALSE,NA,parsed_table,FALSE,2975,2619,200,14.875,356,NA,NA,2003.3670033670032,5.6274354027163005
20260331-clam-36C-C-vs-S,/Users/sr320/Documents/GitHub/resazurin-assay-development/data/clam/20260331-clam-36C-C-vs-S/plate-D-T1.0.txt,plate-D-T1.0.txt,d,1,2026-03-31T09:59:53Z,24.7,"528/20,528/20",A,1,A1,NA,SELECTED,NA,SELECTED,NA,NA,TWEED,NA,NA,NA,NA,NA,1.485,FALSE,FALSE,NA,parsed_table,FALSE,6442,3467,201,32.049751243781095,356,NA,NA,4338.047138047138,12.185525668671737
20260331-clam-36C-C-vs-S,/Users/sr320/Documents/GitHub/resazurin-assay-development/data/clam/20260331-clam-36C-C-vs-S/plate-D-T1.5.txt,plate-D-T1.5.txt,d,1.5,2026-03-31T10:30:42Z,25,"528/20,528/20",A,1,A1,NA,SELECTED,NA,SELECTED,NA,NA,TWEED,NA,NA,NA,NA,NA,1.485,FALSE,FALSE,NA,parsed_table,FALSE,8554,2112,202,42.34653465346535,356,NA,NA,5760.26936026936,16.180531910868986
20260331-clam-36C-C-vs-S,/Users/sr320/Documents/GitHub/resazurin-assay-development/data/clam/20260331-clam-36C-C-vs-S/plate-D-T2.5.txt,plate-D-T2.5.txt,d,2.5,2026-03-31T11:34:12Z,25.3,"528/20,528/20",A,1,A1,NA,SELECTED,NA,SELECTED,NA,NA,TWEED,NA,NA,NA,NA,NA,1.485,FALSE,FALSE,NA,parsed_table,FALSE,10480,1926,205,51.1219512195122,356,NA,NA,7057.239057239057,19.823705216963642
20260331-clam-36C-C-vs-S,/Users/sr320/Documents/GitHub/resazurin-assay-development/data/clam/20260331-clam-36C-C-vs-S/plate-D-T3.0.txt,plate-D-T3.0.txt,d,3,2026-03-31T12:07:12Z,25.4,"528/20,528/20",A,1,A1,NA,SELECTED,NA,SELECTED,NA,NA,TWEED,NA,NA,NA,NA,NA,1.485,FALSE,FALSE,NA,parsed_table,FALSE,10892,412,208,52.36538461538461,356,NA,NA,7334.680134680134,20.603034086180152
20260331-clam-36C-C-vs-S,/Users/sr320/Documents/GitHub/resazurin-assay-development/data/clam/20260331-clam-36C-C-vs-S/plate-D-T3.5.txt,plate-D-T3.5.txt,d,3.5,2026-03-31T12:39:11Z,25.5,"528/20,528/20",A,1,A1,NA,SELECTED,NA,SELECTED,NA,NA,TWEED,NA,NA,NA,NA,NA,1.485,FALSE,FALSE,NA,parsed_table,FALSE,11356,464,208,54.59615384615385,356,NA,NA,7647.138047138046,21.480724851511365
20260331-clam-36C-C-vs-S,/Users/sr320/Documents/GitHub/resazurin-assay-development/data/clam/20260331-clam-36C-C-vs-S/plate-D-T0.0.txt,plate-D-T0.0.txt,d,0,2026-03-31T08:51:15Z,23.7,"528/20,528/20",A,2,A2,NA,SELECTED,NA,SELECTED,NA,NA,BLUE,NA,NA,NA,NA,NA,1.294,FALSE,FALSE,NA,parsed_table,FALSE,345,0,199,1.7336683417085428,345,NA,NA,266.6151468315301,0.7727975270479134
20260331-clam-36C-C-vs-S,/Users/sr320/Documents/GitHub/resazurin-assay-development/data/clam/20260331-clam-36C-C-vs-S/plate-D-T0.5.txt,plate-D-T0.5.txt,d,0.5,2026-03-31T09:28:39Z,24.3,"528/20,528/20",A,2,A2,NA,SELECTED,NA,SELECTED,NA,NA,BLUE,NA,NA,NA,NA,NA,1.294,FALSE,FALSE,NA,parsed_table,FALSE,2074,1729,200,10.37,345,NA,NA,1602.7820710973724,4.645745133615573
20260331-clam-36C-C-vs-S,/Users/sr320/Documents/GitHub/resazurin-assay-development/data/clam/20260331-clam-36C-C-vs-S/plate-D-T1.0.txt,plate-D-T1.0.txt,d,1,2026-03-31T09:59:53Z,24.7,"528/20,528/20",A,2,A2,NA,SELECTED,NA,SELECTED,NA,NA,BLUE,NA,NA,NA,NA,NA,1.294,FALSE,FALSE,NA,parsed_table,FALSE,4548,2474,201,22.62686567164179,345,NA,NA,3514.68315301391,10.18748740004032
20260331-clam-36C-C-vs-S,/Users/sr320/Documents/GitHub/resazurin-assay-development/data/clam/20260331-clam-36C-C-vs-S/plate-D-T1.5.txt,plate-D-T1.5.txt,d,1.5,2026-03-31T10:30:42Z,25,"528/20,528/20",A,2,A2,NA,SELECTED,NA,SELECTED,NA,NA,BLUE,NA,NA,NA,NA,NA,1.294,FALSE,FALSE,NA,parsed_table,FALSE,6952,2404,202,34.415841584158414,345,NA,NA,5372.488408037094,15.57243016822346
20260331-clam-36C-C-vs-S,/Users/sr320/Documents/GitHub/resazurin-assay-development/data/clam/20260331-clam-36C-C-vs-S/plate-D-T2.5.txt,plate-D-T2.5.txt,d,2.5,2026-03-31T11:34:12Z,25.3,"528/20,528/20",A,2,A2,NA,SELECTED,NA,SELECTED,NA,NA,BLUE,NA,NA,NA,NA,NA,1.294,FALSE,FALSE,NA,parsed_table,FALSE,8366,1414,205,40.80975609756098,345,NA,NA,6465.224111282843,18.739780032703894
20260331-clam-36C-C-vs-S,/Users/sr320/Documents/GitHub/resazurin-assay-development/data/clam/20260331-clam-36C-C-vs-S/plate-D-T3.0.txt,plate-D-T3.0.txt,d,3,2026-03-31T12:07:12Z,25.4,"528/20,528/20",A,2,A2,NA,SELECTED,NA,SELECTED,NA,NA,BLUE,NA,NA,NA,NA,NA,1.294,FALSE,FALSE,NA,parsed_table,FALSE,9227,861,208,44.36057692307692,345,NA,NA,7130.602782071097,20.668413861075646
20260331-clam-36C-C-vs-S,/Users/sr320/Documents/GitHub/resazurin-assay-development/data/clam/20260331-clam-36C-C-vs-S/plate-D-T3.5.txt,plate-D-T3.5.txt,d,3.5,2026-03-31T12:39:11Z,25.5,"528/20,528/20",A,2,A2,NA,SELECTED,NA,SELECTED,NA,NA,BLUE,NA,NA,NA,NA,NA,1.294,FALSE,FALSE,NA,parsed_table,FALSE,9398,171,208,45.18269230769231,345,NA,NA,7262.75115919629,21.051452635351566
20260331-clam-36C-C-vs-S,/Users/sr320/Documents/GitHub/resazurin-assay-development/data/clam/20260331-clam-36C-C-vs-S/plate-D-T0.0.txt,plate-D-T0.0.txt,d,0,2026-03-31T08:51:15Z,23.7,"528/20,528/20",A,3,A3,NA,CONTROL,NA,CONTROL,NA,NA,TWEED,NA,NA,NA,NA,NA,0.695,FALSE,FALSE,NA,parsed_table,FALSE,218,0,199,1.0954773869346734,218,NA,NA,313.66906474820144,1.4388489208633095
20260331-clam-36C-C-vs-S,/Users/sr320/Documents/GitHub/resazurin-assay-development/data/clam/20260331-clam-36C-C-vs-S/plate-D-T0.5.txt,plate-D-T0.5.txt,d,0.5,2026-03-31T09:28:39Z,24.3,"528/20,528/20",A,3,A3,NA,CONTROL,NA,CONTROL,NA,NA,TWEED,NA,NA,NA,NA,NA,0.695,FALSE,FALSE,NA,parsed_table,FALSE,666,448,200,3.33,218,NA,NA,958.2733812949641,4.395749455481487
20260331-clam-36C-C-vs-S,/Users/sr320/Documents/GitHub/resazurin-assay-development/data/clam/20260331-clam-36C-C-vs-S/plate-D-T1.0.txt,plate-D-T1.0.txt,d,1,2026-03-31T09:59:53Z,24.7,"528/20,528/20",A,3,A3,NA,CONTROL,NA,CONTROL,NA,NA,TWEED,NA,NA,NA,NA,NA,0.695,FALSE,FALSE,NA,parsed_table,FALSE,946,280,201,4.706467661691542,218,NA,NA,1361.1510791366907,6.243812289617848
20260331-clam-36C-C-vs-S,/Users/sr320/Documents/GitHub/resazurin-assay-development/data/clam/20260331-clam-36C-C-vs-S/plate-D-T1.5.txt,plate-D-T1.5.txt,d,1.5,2026-03-31T10:30:42Z,25,"528/20,528/20",A,3,A3,NA,CONTROL,NA,CONTROL,NA,NA,TWEED,NA,NA,NA,NA,NA,0.695,FALSE,FALSE,NA,parsed_table,FALSE,1239,293,202,6.133663366336633,218,NA,NA,1782.7338129496404,8.177678041053396
20260331-clam-36C-C-vs-S,/Users/sr320/Documents/GitHub/resazurin-assay-development/data/clam/20260331-clam-36C-C-vs-S/plate-D-T2.5.txt,plate-D-T2.5.txt,d,2.5,2026-03-31T11:34:12Z,25.3,"528/20,528/20",A,3,A3,NA,CONTROL,NA,CONTROL,NA,NA,TWEED,NA,NA,NA,NA,NA,0.695,FALSE,FALSE,NA,parsed_table,FALSE,3455,2216,205,16.853658536585368,218,NA,NA,4971.223021582734,22.803775328361166
20260331-clam-36C-C-vs-S,/Users/sr320/Documents/GitHub/resazurin-assay-development/data/clam/20260331-clam-36C-C-vs-S/plate-D-T3.0.txt,plate-D-T3.0.txt,d,3,2026-03-31T12:07:12Z,25.4,"528/20,528/20",A,3,A3,NA,CONTROL,NA,CONTROL,NA,NA,TWEED,NA,NA,NA,NA,NA,0.695,FALSE,FALSE,NA,parsed_table,FALSE,3962,507,208,19.048076923076923,218,NA,NA,5700.7194244604325,26.150089103029504
20260331-clam-36C-C-vs-S,/Users/sr320/Documents/GitHub/resazurin-assay-development/data/clam/20260331-clam-36C-C-vs-S/plate-D-T3.5.txt,plate-D-T3.5.txt,d,3.5,2026-03-31T12:39:11Z,25.5,"528/20,528/20",A,3,A3,NA,CONTROL,NA,CONTROL,NA,NA,TWEED,NA,NA,NA,NA,NA,0.695,FALSE,FALSE,NA,parsed_table,FALSE,5951,1989,208,28.610576923076923,218,NA,NA,8562.589928057554,39.2779354498053
20260331-clam-36C-C-vs-S,/Users/sr320/Documents/GitHub/resazurin-assay-development/data/clam/20260331-clam-36C-C-vs-S/plate-D-T0.0.txt,plate-D-T0.0.txt,d,0,2026-03-31T08:51:15Z,23.7,"528/20,528/20",A,4,A4,NA,CONTROL,NA,CONTROL,NA,NA,BLUE,NA,NA,NA,NA,NA,0.759,FALSE,FALSE,NA,parsed_table,FALSE,258,0,199,1.2964824120603016,258,NA,NA,339.9209486166008,1.3175230566534915
20260331-clam-36C-C-vs-S,/Users/sr320/Documents/GitHub/resazurin-assay-development/data/clam/20260331-clam-36C-C-vs-S/plate-D-T0.5.txt,plate-D-T0.5.txt,d,0.5,2026-03-31T09:28:39Z,24.3,"528/20,528/20",A,4,A4,NA,CONTROL,NA,CONTROL,NA,NA,BLUE,NA,NA,NA,NA,NA,0.759,FALSE,FALSE,NA,parsed_table,FALSE,1936,1678,200,9.68,258,NA,NA,2550.7246376811595,9.886529603415347
20260331-clam-36C-C-vs-S,/Users/sr320/Documents/GitHub/resazurin-assay-development/data/clam/20260331-clam-36C-C-vs-S/plate-D-T1.0.txt,plate-D-T1.0.txt,d,1,2026-03-31T09:59:53Z,24.7,"528/20,528/20",A,4,A4,NA,CONTROL,NA,CONTROL,NA,NA,BLUE,NA,NA,NA,NA,NA,0.759,FALSE,FALSE,NA,parsed_table,FALSE,4174,2238,201,20.766169154228855,258,NA,NA,5499.341238471673,21.31527611810726
20260331-clam-36C-C-vs-S,/Users/sr320/Documents/GitHub/resazurin-assay-development/data/clam/20260331-clam-36C-C-vs-S/plate-D-T1.5.txt,plate-D-T1.5.txt,d,1.5,2026-03-31T10:30:42Z,25,"528/20,528/20",A,4,A4,NA,CONTROL,NA,CONTROL,NA,NA,BLUE,NA,NA,NA,NA,NA,0.759,FALSE,FALSE,NA,parsed_table,FALSE,4856,682,202,24.03960396039604,258,NA,NA,6397.891963109354,24.798030864764943
20260331-clam-36C-C-vs-S,/Users/sr320/Documents/GitHub/resazurin-assay-development/data/clam/20260331-clam-36C-C-vs-S/plate-D-T2.5.txt,plate-D-T2.5.txt,d,2.5,2026-03-31T11:34:12Z,25.3,"528/20,528/20",A,4,A4,NA,CONTROL,NA,CONTROL,NA,NA,BLUE,NA,NA,NA,NA,NA,0.759,FALSE,FALSE,NA,parsed_table,FALSE,6449,1593,205,31.458536585365852,258,NA,NA,8496.706192358366,32.93296973782313
20260331-clam-36C-C-vs-S,/Users/sr320/Documents/GitHub/resazurin-assay-development/data/clam/20260331-clam-36C-C-vs-S/plate-D-T3.0.txt,plate-D-T3.0.txt,d,3,2026-03-31T12:07:12Z,25.4,"528/20,528/20",A,4,A4,NA,CONTROL,NA,CONTROL,NA,NA,BLUE,NA,NA,NA,NA,NA,0.759,FALSE,FALSE,NA,parsed_table,FALSE,7995,1546,208,38.4375,258,NA,NA,10533.596837944664,40.82789472071575
20260331-clam-36C-C-vs-S,/Users/sr320/Documents/GitHub/resazurin-assay-development/data/clam/20260331-clam-36C-C-vs-S/plate-D-T3.5.txt,plate-D-T3.5.txt,d,3.5,2026-03-31T12:39:11Z,25.5,"528/20,528/20",A,4,A4,NA,CONTROL,NA,CONTROL,NA,NA,BLUE,NA,NA,NA,NA,NA,0.759,FALSE,FALSE,NA,parsed_table,FALSE,8299,304,208,39.89903846153846,258,NA,NA,10934.123847167326,42.380324989020636
20260331-clam-36C-C-vs-S,/Users/sr320/Documents/GitHub/resazurin-assay-development/data/clam/20260331-clam-36C-C-vs-S/plate-D-T0.0.txt,plate-D-T0.0.txt,d,0,2026-03-31T08:51:15Z,23.7,"528/20,528/20",B,1,B1,NA,SELECTED,NA,SELECTED,NA,NA,TWEED,NA,NA,NA,NA,NA,1.224,FALSE,FALSE,NA,parsed_table,FALSE,324,0,199,1.6281407035175879,324,NA,NA,264.70588235294116,0.8169934640522876
20260331-clam-36C-C-vs-S,/Users/sr320/Documents/GitHub/resazurin-assay-development/data/clam/20260331-clam-36C-C-vs-S/plate-D-T0.5.txt,plate-D-T0.5.txt,d,0.5,2026-03-31T09:28:39Z,24.3,"528/20,528/20",B,1,B1,NA,SELECTED,NA,SELECTED,NA,NA,TWEED,NA,NA,NA,NA,NA,1.224,FALSE,FALSE,NA,parsed_table,FALSE,1426,1102,200,7.13,324,NA,NA,1165.0326797385621,3.5957798757363024
20260331-clam-36C-C-vs-S,/Users/sr320/Documents/GitHub/resazurin-assay-development/data/clam/20260331-clam-36C-C-vs-S/plate-D-T1.0.txt,plate-D-T1.0.txt,d,1,2026-03-31T09:59:53Z,24.7,"528/20,528/20",B,1,B1,NA,SELECTED,NA,SELECTED,NA,NA,TWEED,NA,NA,NA,NA,NA,1.224,FALSE,FALSE,NA,parsed_table,FALSE,2536,1110,201,12.616915422885572,324,NA,NA,2071.8954248366013,6.394738965545066
20260331-clam-36C-C-vs-S,/Users/sr320/Documents/GitHub/resazurin-assay-development/data/clam/20260331-clam-36C-C-vs-S/plate-D-T1.5.txt,plate-D-T1.5.txt,d,1.5,2026-03-31T10:30:42Z,25,"528/20,528/20",B,1,B1,NA,SELECTED,NA,SELECTED,NA,NA,TWEED,NA,NA,NA,NA,NA,1.224,FALSE,FALSE,NA,parsed_table,FALSE,3844,1308,202,19.02970297029703,324,NA,NA,3140.5228758169937,9.692971838941338
20260331-clam-36C-C-vs-S,/Users/sr320/Documents/GitHub/resazurin-assay-development/data/clam/20260331-clam-36C-C-vs-S/plate-D-T2.5.txt,plate-D-T2.5.txt,d,2.5,2026-03-31T11:34:12Z,25.3,"528/20,528/20",B,1,B1,NA,SELECTED,NA,SELECTED,NA,NA,TWEED,NA,NA,NA,NA,NA,1.224,FALSE,FALSE,NA,parsed_table,FALSE,6019,2175,205,29.360975609756096,324,NA,NA,4917.483660130719,15.177418704107158
20260331-clam-36C-C-vs-S,/Users/sr320/Documents/GitHub/resazurin-assay-development/data/clam/20260331-clam-36C-C-vs-S/plate-D-T3.0.txt,plate-D-T3.0.txt,d,3,2026-03-31T12:07:12Z,25.4,"528/20,528/20",B,1,B1,NA,SELECTED,NA,SELECTED,NA,NA,TWEED,NA,NA,NA,NA,NA,1.224,FALSE,FALSE,NA,parsed_table,FALSE,6931,912,208,33.32211538461539,324,NA,NA,5662.581699346405,17.47710401032841
20260331-clam-36C-C-vs-S,/Users/sr320/Documents/GitHub/resazurin-assay-development/data/clam/20260331-clam-36C-C-vs-S/plate-D-T3.5.txt,plate-D-T3.5.txt,d,3.5,2026-03-31T12:39:11Z,25.5,"528/20,528/20",B,1,B1,NA,SELECTED,NA,SELECTED,NA,NA,TWEED,NA,NA,NA,NA,NA,1.224,FALSE,FALSE,NA,parsed_table,FALSE,7571,640,208,36.39903846153846,324,NA,NA,6185.4575163398695,19.09091826030824
20260331-clam-36C-C-vs-S,/Users/sr320/Documents/GitHub/resazurin-assay-development/data/clam/20260331-clam-36C-C-vs-S/plate-D-T0.0.txt,plate-D-T0.0.txt,d,0,2026-03-31T08:51:15Z,23.7,"528/20,528/20",B,2,B2,NA,SELECTED,NA,SELECTED,NA,NA,BLUE,NA,NA,NA,NA,NA,1.305,FALSE,FALSE,NA,parsed_table,FALSE,347,0,199,1.743718592964824,347,NA,NA,265.90038314176246,0.7662835249042146
20260331-clam-36C-C-vs-S,/Users/sr320/Documents/GitHub/resazurin-assay-development/data/clam/20260331-clam-36C-C-vs-S/plate-D-T0.5.txt,plate-D-T0.5.txt,d,0.5,2026-03-31T09:28:39Z,24.3,"528/20,528/20",B,2,B2,NA,SELECTED,NA,SELECTED,NA,NA,BLUE,NA,NA,NA,NA,NA,1.305,FALSE,FALSE,NA,parsed_table,FALSE,1860,1513,200,9.3,347,NA,NA,1425.287356321839,4.107456358276194
20260331-clam-36C-C-vs-S,/Users/sr320/Documents/GitHub/resazurin-assay-development/data/clam/20260331-clam-36C-C-vs-S/plate-D-T1.0.txt,plate-D-T1.0.txt,d,1,2026-03-31T09:59:53Z,24.7,"528/20,528/20",B,2,B2,NA,SELECTED,NA,SELECTED,NA,NA,BLUE,NA,NA,NA,NA,NA,1.305,FALSE,FALSE,NA,parsed_table,FALSE,2816,956,201,14.009950248756219,347,NA,NA,2157.854406130268,6.2186005940353555
20260331-clam-36C-C-vs-S,/Users/sr320/Documents/GitHub/resazurin-assay-development/data/clam/20260331-clam-36C-C-vs-S/plate-D-T1.5.txt,plate-D-T1.5.txt,d,1.5,2026-03-31T10:30:42Z,25,"528/20,528/20",B,2,B2,NA,SELECTED,NA,SELECTED,NA,NA,BLUE,NA,NA,NA,NA,NA,1.305,FALSE,FALSE,NA,parsed_table,FALSE,4646,1830,202,23,347,NA,NA,3560.1532567049812,10.25980765621032
20260331-clam-36C-C-vs-S,/Users/sr320/Documents/GitHub/resazurin-assay-development/data/clam/20260331-clam-36C-C-vs-S/plate-D-T2.5.txt,plate-D-T2.5.txt,d,2.5,2026-03-31T11:34:12Z,25.3,"528/20,528/20",B,2,B2,NA,SELECTED,NA,SELECTED,NA,NA,BLUE,NA,NA,NA,NA,NA,1.305,FALSE,FALSE,NA,parsed_table,FALSE,5345,699,205,26.073170731707318,347,NA,NA,4095.785440613027,11.803416255368955
20260331-clam-36C-C-vs-S,/Users/sr320/Documents/GitHub/resazurin-assay-development/data/clam/20260331-clam-36C-C-vs-S/plate-D-T3.0.txt,plate-D-T3.0.txt,d,3,2026-03-31T12:07:12Z,25.4,"528/20,528/20",B,2,B2,NA,SELECTED,NA,SELECTED,NA,NA,BLUE,NA,NA,NA,NA,NA,1.305,FALSE,FALSE,NA,parsed_table,FALSE,5617,272,208,27.004807692307693,347,NA,NA,4304.214559386974,12.404076540020096
20260331-clam-36C-C-vs-S,/Users/sr320/Documents/GitHub/resazurin-assay-development/data/clam/20260331-clam-36C-C-vs-S/plate-D-T3.5.txt,plate-D-T3.5.txt,d,3.5,2026-03-31T12:39:11Z,25.5,"528/20,528/20",B,2,B2,NA,SELECTED,NA,SELECTED,NA,NA,BLUE,NA,NA,NA,NA,NA,1.305,FALSE,FALSE,NA,parsed_table,FALSE,5544,-73,208,26.653846153846153,347,NA,NA,4248.275862068966,12.242869919507106
20260331-clam-36C-C-vs-S,/Users/sr320/Documents/GitHub/resazurin-assay-development/data/clam/20260331-clam-36C-C-vs-S/plate-D-T0.0.txt,plate-D-T0.0.txt,d,0,2026-03-31T08:51:15Z,23.7,"528/20,528/20",B,3,B3,NA,CONTROL,NA,CONTROL,NA,NA,TWEED,NA,NA,NA,NA,NA,1.096,FALSE,FALSE,NA,parsed_table,FALSE,296,0,199,1.4874371859296482,296,NA,NA,270.0729927007299,0.9124087591240875
20260331-clam-36C-C-vs-S,/Users/sr320/Documents/GitHub/resazurin-assay-development/data/clam/20260331-clam-36C-C-vs-S/plate-D-T0.5.txt,plate-D-T0.5.txt,d,0.5,2026-03-31T09:28:39Z,24.3,"528/20,528/20",B,3,B3,NA,CONTROL,NA,CONTROL,NA,NA,TWEED,NA,NA,NA,NA,NA,1.096,FALSE,FALSE,NA,parsed_table,FALSE,419,123,200,2.095,296,NA,NA,382.29927007299267,1.2915515880844348
20260331-clam-36C-C-vs-S,/Users/sr320/Documents/GitHub/resazurin-assay-development/data/clam/20260331-clam-36C-C-vs-S/plate-D-T1.0.txt,plate-D-T1.0.txt,d,1,2026-03-31T09:59:53Z,24.7,"528/20,528/20",B,3,B3,NA,CONTROL,NA,CONTROL,NA,NA,TWEED,NA,NA,NA,NA,NA,1.096,FALSE,FALSE,NA,parsed_table,FALSE,797,378,201,3.9651741293532337,296,NA,NA,727.1897810218977,2.456722233182087
20260331-clam-36C-C-vs-S,/Users/sr320/Documents/GitHub/resazurin-assay-development/data/clam/20260331-clam-36C-C-vs-S/plate-D-T1.5.txt,plate-D-T1.5.txt,d,1.5,2026-03-31T10:30:42Z,25,"528/20,528/20",B,3,B3,NA,CONTROL,NA,CONTROL,NA,NA,TWEED,NA,NA,NA,NA,NA,1.096,FALSE,FALSE,NA,parsed_table,FALSE,1383,586,202,6.846534653465347,296,NA,NA,1261.861313868613,4.263044979285855
20260331-clam-36C-C-vs-S,/Users/sr320/Documents/GitHub/resazurin-assay-development/data/clam/20260331-clam-36C-C-vs-S/plate-D-T2.5.txt,plate-D-T2.5.txt,d,2.5,2026-03-31T11:34:12Z,25.3,"528/20,528/20",B,3,B3,NA,CONTROL,NA,CONTROL,NA,NA,TWEED,NA,NA,NA,NA,NA,1.096,FALSE,FALSE,NA,parsed_table,FALSE,2369,986,205,11.55609756097561,296,NA,NA,2161.4963503649633,7.302352535016769
20260331-clam-36C-C-vs-S,/Users/sr320/Documents/GitHub/resazurin-assay-development/data/clam/20260331-clam-36C-C-vs-S/plate-D-T3.0.txt,plate-D-T3.0.txt,d,3,2026-03-31T12:07:12Z,25.4,"528/20,528/20",B,3,B3,NA,CONTROL,NA,CONTROL,NA,NA,TWEED,NA,NA,NA,NA,NA,1.096,FALSE,FALSE,NA,parsed_table,FALSE,2893,524,208,13.908653846153847,296,NA,NA,2639.598540145985,8.917562635628329
20260331-clam-36C-C-vs-S,/Users/sr320/Documents/GitHub/resazurin-assay-development/data/clam/20260331-clam-36C-C-vs-S/plate-D-T3.5.txt,plate-D-T3.5.txt,d,3.5,2026-03-31T12:39:11Z,25.5,"528/20,528/20",B,3,B3,NA,CONTROL,NA,CONTROL,NA,NA,TWEED,NA,NA,NA,NA,NA,1.096,FALSE,FALSE,NA,parsed_table,FALSE,3338,445,208,16.048076923076923,296,NA,NA,3045.620437956204,10.289258236338528
20260331-clam-36C-C-vs-S,/Users/sr320/Documents/GitHub/resazurin-assay-development/data/clam/20260331-clam-36C-C-vs-S/plate-D-T0.0.txt,plate-D-T0.0.txt,d,0,2026-03-31T08:51:15Z,23.7,"528/20,528/20",B,4,B4,NA,CONTROL,NA,CONTROL,NA,NA,BLUE,NA,NA,NA,NA,NA,0.652,FALSE,FALSE,NA,parsed_table,FALSE,229,0,199,1.150753768844221,229,NA,NA,351.22699386503064,1.5337423312883436
20260331-clam-36C-C-vs-S,/Users/sr320/Documents/GitHub/resazurin-assay-development/data/clam/20260331-clam-36C-C-vs-S/plate-D-T0.5.txt,plate-D-T0.5.txt,d,0.5,2026-03-31T09:28:39Z,24.3,"528/20,528/20",B,4,B4,NA,CONTROL,NA,CONTROL,NA,NA,BLUE,NA,NA,NA,NA,NA,0.652,FALSE,FALSE,NA,parsed_table,FALSE,765,536,200,3.825,229,NA,NA,1173.3128834355828,5.123637045570231
20260331-clam-36C-C-vs-S,/Users/sr320/Documents/GitHub/resazurin-assay-development/data/clam/20260331-clam-36C-C-vs-S/plate-D-T1.0.txt,plate-D-T1.0.txt,d,1,2026-03-31T09:59:53Z,24.7,"528/20,528/20",B,4,B4,NA,CONTROL,NA,CONTROL,NA,NA,BLUE,NA,NA,NA,NA,NA,0.652,FALSE,FALSE,NA,parsed_table,FALSE,1321,556,201,6.5721393034825875,229,NA,NA,2026.0736196319017,8.847483055161144
20260331-clam-36C-C-vs-S,/Users/sr320/Documents/GitHub/resazurin-assay-development/data/clam/20260331-clam-36C-C-vs-S/plate-D-T1.5.txt,plate-D-T1.5.txt,d,1.5,2026-03-31T10:30:42Z,25,"528/20,528/20",B,4,B4,NA,CONTROL,NA,CONTROL,NA,NA,BLUE,NA,NA,NA,NA,NA,0.652,FALSE,FALSE,NA,parsed_table,FALSE,2028,707,202,10.03960396039604,229,NA,NA,3110.4294478527604,13.582661344335198
20260331-clam-36C-C-vs-S,/Users/sr320/Documents/GitHub/resazurin-assay-development/data/clam/20260331-clam-36C-C-vs-S/plate-D-T2.5.txt,plate-D-T2.5.txt,d,2.5,2026-03-31T11:34:12Z,25.3,"528/20,528/20",B,4,B4,NA,CONTROL,NA,CONTROL,NA,NA,BLUE,NA,NA,NA,NA,NA,0.652,FALSE,FALSE,NA,parsed_table,FALSE,3192,1164,205,15.570731707317073,229,NA,NA,4895.705521472392,21.37862673132049
20260331-clam-36C-C-vs-S,/Users/sr320/Documents/GitHub/resazurin-assay-development/data/clam/20260331-clam-36C-C-vs-S/plate-D-T3.0.txt,plate-D-T3.0.txt,d,3,2026-03-31T12:07:12Z,25.4,"528/20,528/20",B,4,B4,NA,CONTROL,NA,CONTROL,NA,NA,BLUE,NA,NA,NA,NA,NA,0.652,FALSE,FALSE,NA,parsed_table,FALSE,3391,199,208,16.302884615384617,229,NA,NA,5200.920245398773,22.711442119645298
20260331-clam-36C-C-vs-S,/Users/sr320/Documents/GitHub/resazurin-assay-development/data/clam/20260331-clam-36C-C-vs-S/plate-D-T3.5.txt,plate-D-T3.5.txt,d,3.5,2026-03-31T12:39:11Z,25.5,"528/20,528/20",B,4,B4,NA,CONTROL,NA,CONTROL,NA,NA,BLUE,NA,NA,NA,NA,NA,0.652,FALSE,FALSE,NA,parsed_table,FALSE,3805,414,208,18.29326923076923,229,NA,NA,5835.889570552147,25.48423393254213
20260331-clam-36C-C-vs-S,/Users/sr320/Documents/GitHub/resazurin-assay-development/data/clam/20260331-clam-36C-C-vs-S/plate-D-T0.0.txt,plate-D-T0.0.txt,d,0,2026-03-31T08:51:15Z,23.7,"528/20,528/20",C,1,C1,NA,SELECTED,NA,SELECTED,NA,NA,TWEED,NA,NA,NA,NA,NA,1.26,FALSE,FALSE,NA,parsed_table,FALSE,309,0,199,1.5527638190954773,309,NA,NA,245.23809523809524,0.7936507936507936
20260331-clam-36C-C-vs-S,/Users/sr320/Documents/GitHub/resazurin-assay-development/data/clam/20260331-clam-36C-C-vs-S/plate-D-T0.5.txt,plate-D-T0.5.txt,d,0.5,2026-03-31T09:28:39Z,24.3,"528/20,528/20",C,1,C1,NA,SELECTED,NA,SELECTED,NA,NA,TWEED,NA,NA,NA,NA,NA,1.26,FALSE,FALSE,NA,parsed_table,FALSE,1551,1242,200,7.755,309,NA,NA,1230.952380952381,3.9836646632763135
20260331-clam-36C-C-vs-S,/Users/sr320/Documents/GitHub/resazurin-assay-development/data/clam/20260331-clam-36C-C-vs-S/plate-D-T1.0.txt,plate-D-T1.0.txt,d,1,2026-03-31T09:59:53Z,24.7,"528/20,528/20",C,1,C1,NA,SELECTED,NA,SELECTED,NA,NA,TWEED,NA,NA,NA,NA,NA,1.26,FALSE,FALSE,NA,parsed_table,FALSE,2344,793,201,11.661691542288557,309,NA,NA,1860.3174603174602,6.0204448553963115
20260331-clam-36C-C-vs-S,/Users/sr320/Documents/GitHub/resazurin-assay-development/data/clam/20260331-clam-36C-C-vs-S/plate-D-T1.5.txt,plate-D-T1.5.txt,d,1.5,2026-03-31T10:30:42Z,25,"528/20,528/20",C,1,C1,NA,SELECTED,NA,SELECTED,NA,NA,TWEED,NA,NA,NA,NA,NA,1.26,FALSE,FALSE,NA,parsed_table,FALSE,3704,1360,202,18.336633663366335,309,NA,NA,2939.6825396825398,9.51353572712796
20260331-clam-36C-C-vs-S,/Users/sr320/Documents/GitHub/resazurin-assay-development/data/clam/20260331-clam-36C-C-vs-S/plate-D-T2.5.txt,plate-D-T2.5.txt,d,2.5,2026-03-31T11:34:12Z,25.3,"528/20,528/20",C,1,C1,NA,SELECTED,NA,SELECTED,NA,NA,TWEED,NA,NA,NA,NA,NA,1.26,FALSE,FALSE,NA,parsed_table,FALSE,5403,1699,205,26.35609756097561,309,NA,NA,4288.095238095238,13.87733086762213
20260331-clam-36C-C-vs-S,/Users/sr320/Documents/GitHub/resazurin-assay-development/data/clam/20260331-clam-36C-C-vs-S/plate-D-T3.0.txt,plate-D-T3.0.txt,d,3,2026-03-31T12:07:12Z,25.4,"528/20,528/20",C,1,C1,NA,SELECTED,NA,SELECTED,NA,NA,TWEED,NA,NA,NA,NA,NA,1.26,FALSE,FALSE,NA,parsed_table,FALSE,6123,720,208,29.4375,309,NA,NA,4859.523809523809,15.726614270303592
20260331-clam-36C-C-vs-S,/Users/sr320/Documents/GitHub/resazurin-assay-development/data/clam/20260331-clam-36C-C-vs-S/plate-D-T3.5.txt,plate-D-T3.5.txt,d,3.5,2026-03-31T12:39:11Z,25.5,"528/20,528/20",C,1,C1,NA,SELECTED,NA,SELECTED,NA,NA,TWEED,NA,NA,NA,NA,NA,1.26,FALSE,FALSE,NA,parsed_table,FALSE,6696,573,208,32.19230769230769,309,NA,NA,5314.285714285715,17.198335644937586
20260331-clam-36C-C-vs-S,/Users/sr320/Documents/GitHub/resazurin-assay-development/data/clam/20260331-clam-36C-C-vs-S/plate-D-T0.0.txt,plate-D-T0.0.txt,d,0,2026-03-31T08:51:15Z,23.7,"528/20,528/20",C,2,C2,NA,NA,NA,NA,NA,NA,NA,NA,NA,NA,NA,NA,NA,TRUE,FALSE,NA,parsed_table,FALSE,199,0,199,1,NA,NA,NA,NA,NA
20260331-clam-36C-C-vs-S,/Users/sr320/Documents/GitHub/resazurin-assay-development/data/clam/20260331-clam-36C-C-vs-S/plate-D-T0.5.txt,plate-D-T0.5.txt,d,0.5,2026-03-31T09:28:39Z,24.3,"528/20,528/20",C,2,C2,NA,NA,NA,NA,NA,NA,NA,NA,NA,NA,NA,NA,NA,TRUE,FALSE,NA,parsed_table,FALSE,200,1,200,1,NA,NA,NA,NA,NA
20260331-clam-36C-C-vs-S,/Users/sr320/Documents/GitHub/resazurin-assay-development/data/clam/20260331-clam-36C-C-vs-S/plate-D-T1.0.txt,plate-D-T1.0.txt,d,1,2026-03-31T09:59:53Z,24.7,"528/20,528/20",C,2,C2,NA,NA,NA,NA,NA,NA,NA,NA,NA,NA,NA,NA,NA,TRUE,FALSE,NA,parsed_table,FALSE,201,1,201,1,NA,NA,NA,NA,NA
20260331-clam-36C-C-vs-S,/Users/sr320/Documents/GitHub/resazurin-assay-development/data/clam/20260331-clam-36C-C-vs-S/plate-D-T1.5.txt,plate-D-T1.5.txt,d,1.5,2026-03-31T10:30:42Z,25,"528/20,528/20",C,2,C2,NA,NA,NA,NA,NA,NA,NA,NA,NA,NA,NA,NA,NA,TRUE,FALSE,NA,parsed_table,FALSE,202,1,202,1,NA,NA,NA,NA,NA
20260331-clam-36C-C-vs-S,/Users/sr320/Documents/GitHub/resazurin-assay-development/data/clam/20260331-clam-36C-C-vs-S/plate-D-T2.5.txt,plate-D-T2.5.txt,d,2.5,2026-03-31T11:34:12Z,25.3,"528/20,528/20",C,2,C2,NA,NA,NA,NA,NA,NA,NA,NA,NA,NA,NA,NA,NA,TRUE,FALSE,NA,parsed_table,FALSE,205,3,205,1,NA,NA,NA,NA,NA
20260331-clam-36C-C-vs-S,/Users/sr320/Documents/GitHub/resazurin-assay-development/data/clam/20260331-clam-36C-C-vs-S/plate-D-T3.0.txt,plate-D-T3.0.txt,d,3,2026-03-31T12:07:12Z,25.4,"528/20,528/20",C,2,C2,NA,NA,NA,NA,NA,NA,NA,NA,NA,NA,NA,NA,NA,TRUE,FALSE,NA,parsed_table,FALSE,208,3,208,1,NA,NA,NA,NA,NA
20260331-clam-36C-C-vs-S,/Users/sr320/Documents/GitHub/resazurin-assay-development/data/clam/20260331-clam-36C-C-vs-S/plate-D-T3.5.txt,plate-D-T3.5.txt,d,3.5,2026-03-31T12:39:11Z,25.5,"528/20,528/20",C,2,C2,NA,NA,NA,NA,NA,NA,NA,NA,NA,NA,NA,NA,NA,TRUE,FALSE,NA,parsed_table,FALSE,208,0,208,1,NA,NA,NA,NA,NA
20260331-clam-36C-C-vs-S,/Users/sr320/Documents/GitHub/resazurin-assay-development/data/clam/20260331-clam-36C-C-vs-S/plate-D-T0.0.txt,plate-D-T0.0.txt,d,0,2026-03-31T08:51:15Z,23.7,"528/20,528/20",C,3,C3,NA,CONTROL,NA,CONTROL,NA,NA,TWEED,NA,NA,NA,NA,NA,0.729,FALSE,FALSE,NA,parsed_table,FALSE,232,0,199,1.1658291457286432,232,NA,NA,318.24417009602195,1.3717421124828533
20260331-clam-36C-C-vs-S,/Users/sr320/Documents/GitHub/resazurin-assay-development/data/clam/20260331-clam-36C-C-vs-S/plate-D-T0.5.txt,plate-D-T0.5.txt,d,0.5,2026-03-31T09:28:39Z,24.3,"528/20,528/20",C,3,C3,NA,CONTROL,NA,CONTROL,NA,NA,TWEED,NA,NA,NA,NA,NA,0.729,FALSE,FALSE,NA,parsed_table,FALSE,786,554,200,3.93,232,NA,NA,1078.1893004115227,4.647367674187597
20260331-clam-36C-C-vs-S,/Users/sr320/Documents/GitHub/resazurin-assay-development/data/clam/20260331-clam-36C-C-vs-S/plate-D-T1.0.txt,plate-D-T1.0.txt,d,1,2026-03-31T09:59:53Z,24.7,"528/20,528/20",C,3,C3,NA,CONTROL,NA,CONTROL,NA,NA,TWEED,NA,NA,NA,NA,NA,0.729,FALSE,FALSE,NA,parsed_table,FALSE,2023,1237,201,10.064676616915422,232,NA,NA,2775.034293552812,11.961354713589708
20260331-clam-36C-C-vs-S,/Users/sr320/Documents/GitHub/resazurin-assay-development/data/clam/20260331-clam-36C-C-vs-S/plate-D-T1.5.txt,plate-D-T1.5.txt,d,1.5,2026-03-31T10:30:42Z,25,"528/20,528/20",C,3,C3,NA,CONTROL,NA,CONTROL,NA,NA,TWEED,NA,NA,NA,NA,NA,0.729,FALSE,FALSE,NA,parsed_table,FALSE,3261,1238,202,16.143564356435643,232,NA,NA,4473.251028806584,19.28125443451114
20260331-clam-36C-C-vs-S,/Users/sr320/Documents/GitHub/resazurin-assay-development/data/clam/20260331-clam-36C-C-vs-S/plate-D-T2.5.txt,plate-D-T2.5.txt,d,2.5,2026-03-31T11:34:12Z,25.3,"528/20,528/20",C,3,C3,NA,CONTROL,NA,CONTROL,NA,NA,TWEED,NA,NA,NA,NA,NA,0.729,FALSE,FALSE,NA,parsed_table,FALSE,5843,2582,205,28.502439024390245,232,NA,NA,8015.089163237311,34.5477981174022
20260331-clam-36C-C-vs-S,/Users/sr320/Documents/GitHub/resazurin-assay-development/data/clam/20260331-clam-36C-C-vs-S/plate-D-T3.0.txt,plate-D-T3.0.txt,d,3,2026-03-31T12:07:12Z,25.4,"528/20,528/20",C,3,C3,NA,CONTROL,NA,CONTROL,NA,NA,TWEED,NA,NA,NA,NA,NA,0.729,FALSE,FALSE,NA,parsed_table,FALSE,7036,1193,208,33.82692307692308,232,NA,NA,9651.577503429355,41.60162716995412
20260331-clam-36C-C-vs-S,/Users/sr320/Documents/GitHub/resazurin-assay-development/data/clam/20260331-clam-36C-C-vs-S/plate-D-T3.5.txt,plate-D-T3.5.txt,d,3.5,2026-03-31T12:39:11Z,25.5,"528/20,528/20",C,3,C3,NA,CONTROL,NA,CONTROL,NA,NA,TWEED,NA,NA,NA,NA,NA,0.729,FALSE,FALSE,NA,parsed_table,FALSE,8121,1085,208,39.04326923076923,232,NA,NA,11139.917695473252,48.016886618419186
20260331-clam-36C-C-vs-S,/Users/sr320/Documents/GitHub/resazurin-assay-development/data/clam/20260331-clam-36C-C-vs-S/plate-D-T0.0.txt,plate-D-T0.0.txt,d,0,2026-03-31T08:51:15Z,23.7,"528/20,528/20",C,4,C4,NA,CONTROL,NA,CONTROL,NA,NA,BLUE,NA,NA,NA,NA,NA,0.974,FALSE,FALSE,NA,parsed_table,FALSE,271,0,199,1.3618090452261307,271,NA,NA,278.2340862422998,1.026694045174538
20260331-clam-36C-C-vs-S,/Users/sr320/Documents/GitHub/resazurin-assay-development/data/clam/20260331-clam-36C-C-vs-S/plate-D-T0.5.txt,plate-D-T0.5.txt,d,0.5,2026-03-31T09:28:39Z,24.3,"528/20,528/20",C,4,C4,NA,CONTROL,NA,CONTROL,NA,NA,BLUE,NA,NA,NA,NA,NA,0.974,FALSE,FALSE,NA,parsed_table,FALSE,1838,1567,200,9.19,271,NA,NA,1887.0636550308009,6.96333452040886
20260331-clam-36C-C-vs-S,/Users/sr320/Documents/GitHub/resazurin-assay-development/data/clam/20260331-clam-36C-C-vs-S/plate-D-T1.0.txt,plate-D-T1.0.txt,d,1,2026-03-31T09:59:53Z,24.7,"528/20,528/20",C,4,C4,NA,CONTROL,NA,CONTROL,NA,NA,BLUE,NA,NA,NA,NA,NA,0.974,FALSE,FALSE,NA,parsed_table,FALSE,2873,1035,201,14.293532338308458,271,NA,NA,2949.6919917864475,10.884472294414936
20260331-clam-36C-C-vs-S,/Users/sr320/Documents/GitHub/resazurin-assay-development/data/clam/20260331-clam-36C-C-vs-S/plate-D-T1.5.txt,plate-D-T1.5.txt,d,1.5,2026-03-31T10:30:42Z,25,"528/20,528/20",C,4,C4,NA,CONTROL,NA,CONTROL,NA,NA,BLUE,NA,NA,NA,NA,NA,0.974,FALSE,FALSE,NA,parsed_table,FALSE,3981,1108,202,19.707920792079207,271,NA,NA,4087.2689938398357,15.082173409003085
20260331-clam-36C-C-vs-S,/Users/sr320/Documents/GitHub/resazurin-assay-development/data/clam/20260331-clam-36C-C-vs-S/plate-D-T2.5.txt,plate-D-T2.5.txt,d,2.5,2026-03-31T11:34:12Z,25.3,"528/20,528/20",C,4,C4,NA,CONTROL,NA,CONTROL,NA,NA,BLUE,NA,NA,NA,NA,NA,0.974,FALSE,FALSE,NA,parsed_table,FALSE,5581,1600,205,27.224390243902437,271,NA,NA,5729.979466119096,21.14383566833615
20260331-clam-36C-C-vs-S,/Users/sr320/Documents/GitHub/resazurin-assay-development/data/clam/20260331-clam-36C-C-vs-S/plate-D-T3.0.txt,plate-D-T3.0.txt,d,3,2026-03-31T12:07:12Z,25.4,"528/20,528/20",C,4,C4,NA,CONTROL,NA,CONTROL,NA,NA,BLUE,NA,NA,NA,NA,NA,0.974,FALSE,FALSE,NA,parsed_table,FALSE,6954,1373,208,33.43269230769231,271,NA,NA,7139.630390143738,26.345499594626336
20260331-clam-36C-C-vs-S,/Users/sr320/Documents/GitHub/resazurin-assay-development/data/clam/20260331-clam-36C-C-vs-S/plate-D-T3.5.txt,plate-D-T3.5.txt,d,3.5,2026-03-31T12:39:11Z,25.5,"528/20,528/20",C,4,C4,NA,CONTROL,NA,CONTROL,NA,NA,BLUE,NA,NA,NA,NA,NA,0.974,FALSE,FALSE,NA,parsed_table,FALSE,7462,508,208,35.875,271,NA,NA,7661.190965092403,28.270077361964585
20260331-clam-36C-C-vs-S,/Users/sr320/Documents/GitHub/resazurin-assay-development/data/clam/20260331-clam-36C-C-vs-S/plate-E-T0.0.txt,plate-E-T0.0.txt,e,0,2026-03-31T08:52:16Z,23.7,"528/20,528/20",A,1,A1,NA,SELECTED,NA,SELECTED,NA,NA,TWEED,NA,NA,NA,NA,NA,1.479,FALSE,FALSE,NA,parsed_table,FALSE,450,0,197,2.284263959390863,450,NA,NA,304.25963488843814,0.676132521974307
20260331-clam-36C-C-vs-S,/Users/sr320/Documents/GitHub/resazurin-assay-development/data/clam/20260331-clam-36C-C-vs-S/plate-E-T0.5.txt,plate-E-T0.5.txt,e,0.5,2026-03-31T09:29:54Z,24.3,"528/20,528/20",A,1,A1,NA,SELECTED,NA,SELECTED,NA,NA,TWEED,NA,NA,NA,NA,NA,1.479,FALSE,FALSE,NA,parsed_table,FALSE,1774,1324,195,9.097435897435897,450,NA,NA,1199.4590939824204,2.6654646532942676
20260331-clam-36C-C-vs-S,/Users/sr320/Documents/GitHub/resazurin-assay-development/data/clam/20260331-clam-36C-C-vs-S/plate-E-T1.0.txt,plate-E-T1.0.txt,e,1,2026-03-31T10:01:16Z,24.7,"528/20,528/20",A,1,A1,NA,SELECTED,NA,SELECTED,NA,NA,TWEED,NA,NA,NA,NA,NA,1.479,FALSE,FALSE,NA,parsed_table,FALSE,3138,1364,198,15.848484848484848,450,NA,NA,2121.703853955375,4.714897453234167
20260331-clam-36C-C-vs-S,/Users/sr320/Documents/GitHub/resazurin-assay-development/data/clam/20260331-clam-36C-C-vs-S/plate-E-T1.5.txt,plate-E-T1.5.txt,e,1.5,2026-03-31T10:31:51Z,25,"528/20,528/20",A,1,A1,NA,SELECTED,NA,SELECTED,NA,NA,TWEED,NA,NA,NA,NA,NA,1.479,FALSE,FALSE,NA,parsed_table,FALSE,5002,1864,200,25.01,450,NA,NA,3382.0148749154832,7.515588610923296
20260331-clam-36C-C-vs-S,/Users/sr320/Documents/GitHub/resazurin-assay-development/data/clam/20260331-clam-36C-C-vs-S/plate-E-T2.5.txt,plate-E-T2.5.txt,e,2.5,2026-03-31T11:35:52Z,25.4,"528/20,528/20",A,1,A1,NA,SELECTED,NA,SELECTED,NA,NA,TWEED,NA,NA,NA,NA,NA,1.479,FALSE,FALSE,NA,parsed_table,FALSE,7086,2084,202,35.07920792079208,450,NA,NA,4791.075050709939,10.646833446022086
20260331-clam-36C-C-vs-S,/Users/sr320/Documents/GitHub/resazurin-assay-development/data/clam/20260331-clam-36C-C-vs-S/plate-E-T3.0.txt,plate-E-T3.0.txt,e,3,2026-03-31T12:08:58Z,25.5,"528/20,528/20",A,1,A1,NA,SELECTED,NA,SELECTED,NA,NA,TWEED,NA,NA,NA,NA,NA,1.479,FALSE,FALSE,NA,parsed_table,FALSE,7832,746,202,38.772277227722775,450,NA,NA,5295.469912102772,11.767710915783937
20260331-clam-36C-C-vs-S,/Users/sr320/Documents/GitHub/resazurin-assay-development/data/clam/20260331-clam-36C-C-vs-S/plate-E-T3.5.txt,plate-E-T3.5.txt,e,3.5,2026-03-31T12:40:26Z,25.6,"528/20,528/20",A,1,A1,NA,SELECTED,NA,SELECTED,NA,NA,TWEED,NA,NA,NA,NA,NA,1.479,FALSE,FALSE,NA,parsed_table,FALSE,8570,738,203,42.216748768472904,450,NA,NA,5794.4557133198105,12.876568251821801
20260331-clam-36C-C-vs-S,/Users/sr320/Documents/GitHub/resazurin-assay-development/data/clam/20260331-clam-36C-C-vs-S/plate-E-T0.0.txt,plate-E-T0.0.txt,e,0,2026-03-31T08:52:16Z,23.7,"528/20,528/20",A,2,A2,NA,SELECTED,NA,SELECTED,NA,NA,BLUE,NA,NA,NA,NA,NA,1.184,FALSE,FALSE,NA,parsed_table,FALSE,292,0,197,1.482233502538071,292,NA,NA,246.62162162162164,0.8445945945945946
20260331-clam-36C-C-vs-S,/Users/sr320/Documents/GitHub/resazurin-assay-development/data/clam/20260331-clam-36C-C-vs-S/plate-E-T0.5.txt,plate-E-T0.5.txt,e,0.5,2026-03-31T09:29:54Z,24.3,"528/20,528/20",A,2,A2,NA,SELECTED,NA,SELECTED,NA,NA,BLUE,NA,NA,NA,NA,NA,1.184,FALSE,FALSE,NA,parsed_table,FALSE,869,577,195,4.456410256410257,292,NA,NA,733.9527027027027,2.5135366530914474
20260331-clam-36C-C-vs-S,/Users/sr320/Documents/GitHub/resazurin-assay-development/data/clam/20260331-clam-36C-C-vs-S/plate-E-T1.0.txt,plate-E-T1.0.txt,e,1,2026-03-31T10:01:16Z,24.7,"528/20,528/20",A,2,A2,NA,SELECTED,NA,SELECTED,NA,NA,BLUE,NA,NA,NA,NA,NA,1.184,FALSE,FALSE,NA,parsed_table,FALSE,1672,803,198,8.444444444444445,292,NA,NA,1412.1621621621623,4.836171788226583
20260331-clam-36C-C-vs-S,/Users/sr320/Documents/GitHub/resazurin-assay-development/data/clam/20260331-clam-36C-C-vs-S/plate-E-T1.5.txt,plate-E-T1.5.txt,e,1.5,2026-03-31T10:31:51Z,25,"528/20,528/20",A,2,A2,NA,SELECTED,NA,SELECTED,NA,NA,BLUE,NA,NA,NA,NA,NA,1.184,FALSE,FALSE,NA,parsed_table,FALSE,2539,867,200,12.695,292,NA,NA,2144.425675675676,7.343923546834506
20260331-clam-36C-C-vs-S,/Users/sr320/Documents/GitHub/resazurin-assay-development/data/clam/20260331-clam-36C-C-vs-S/plate-E-T2.5.txt,plate-E-T2.5.txt,e,2.5,2026-03-31T11:35:52Z,25.4,"528/20,528/20",A,2,A2,NA,SELECTED,NA,SELECTED,NA,NA,BLUE,NA,NA,NA,NA,NA,1.184,FALSE,FALSE,NA,parsed_table,FALSE,4909,2370,202,24.301980198019802,292,NA,NA,4146.114864864865,14.19902350981118
20260331-clam-36C-C-vs-S,/Users/sr320/Documents/GitHub/resazurin-assay-development/data/clam/20260331-clam-36C-C-vs-S/plate-E-T3.0.txt,plate-E-T3.0.txt,e,3,2026-03-31T12:08:58Z,25.5,"528/20,528/20",A,2,A2,NA,SELECTED,NA,SELECTED,NA,NA,BLUE,NA,NA,NA,NA,NA,1.184,FALSE,FALSE,NA,parsed_table,FALSE,5865,956,202,29.034653465346533,292,NA,NA,4953.5472972972975,16.964203072935952
20260331-clam-36C-C-vs-S,/Users/sr320/Documents/GitHub/resazurin-assay-development/data/clam/20260331-clam-36C-C-vs-S/plate-E-T3.5.txt,plate-E-T3.5.txt,e,3.5,2026-03-31T12:40:26Z,25.6,"528/20,528/20",A,2,A2,NA,SELECTED,NA,SELECTED,NA,NA,BLUE,NA,NA,NA,NA,NA,1.184,FALSE,FALSE,NA,parsed_table,FALSE,6752,887,203,33.26108374384236,292,NA,NA,5702.702702702703,19.52980377637912
20260331-clam-36C-C-vs-S,/Users/sr320/Documents/GitHub/resazurin-assay-development/data/clam/20260331-clam-36C-C-vs-S/plate-E-T0.0.txt,plate-E-T0.0.txt,e,0,2026-03-31T08:52:16Z,23.7,"528/20,528/20",A,3,A3,NA,CONTROL,NA,CONTROL,NA,NA,TWEED,NA,NA,NA,NA,NA,0.777,FALSE,FALSE,NA,parsed_table,FALSE,235,0,197,1.1928934010152283,235,NA,NA,302.44530244530245,1.287001287001287
20260331-clam-36C-C-vs-S,/Users/sr320/Documents/GitHub/resazurin-assay-development/data/clam/20260331-clam-36C-C-vs-S/plate-E-T0.5.txt,plate-E-T0.5.txt,e,0.5,2026-03-31T09:29:54Z,24.3,"528/20,528/20",A,3,A3,NA,CONTROL,NA,CONTROL,NA,NA,TWEED,NA,NA,NA,NA,NA,0.777,FALSE,FALSE,NA,parsed_table,FALSE,947,712,195,4.856410256410256,235,NA,NA,1218.7902187902187,5.186341356554122
20260331-clam-36C-C-vs-S,/Users/sr320/Documents/GitHub/resazurin-assay-development/data/clam/20260331-clam-36C-C-vs-S/plate-E-T1.0.txt,plate-E-T1.0.txt,e,1,2026-03-31T10:01:16Z,24.7,"528/20,528/20",A,3,A3,NA,CONTROL,NA,CONTROL,NA,NA,TWEED,NA,NA,NA,NA,NA,0.777,FALSE,FALSE,NA,parsed_table,FALSE,2266,1319,198,11.444444444444445,235,NA,NA,2916.3449163449163,12.409978367425177
20260331-clam-36C-C-vs-S,/Users/sr320/Documents/GitHub/resazurin-assay-development/data/clam/20260331-clam-36C-C-vs-S/plate-E-T1.5.txt,plate-E-T1.5.txt,e,1.5,2026-03-31T10:31:51Z,25,"528/20,528/20",A,3,A3,NA,CONTROL,NA,CONTROL,NA,NA,TWEED,NA,NA,NA,NA,NA,0.777,FALSE,FALSE,NA,parsed_table,FALSE,2736,470,200,13.68,235,NA,NA,3521.235521235521,14.98398094142775
20260331-clam-36C-C-vs-S,/Users/sr320/Documents/GitHub/resazurin-assay-development/data/clam/20260331-clam-36C-C-vs-S/plate-E-T2.5.txt,plate-E-T2.5.txt,e,2.5,2026-03-31T11:35:52Z,25.4,"528/20,528/20",A,3,A3,NA,CONTROL,NA,CONTROL,NA,NA,TWEED,NA,NA,NA,NA,NA,0.777,FALSE,FALSE,NA,parsed_table,FALSE,4904,2168,202,24.277227722772277,235,NA,NA,6311.454311454311,26.857252389167282
20260331-clam-36C-C-vs-S,/Users/sr320/Documents/GitHub/resazurin-assay-development/data/clam/20260331-clam-36C-C-vs-S/plate-E-T3.0.txt,plate-E-T3.0.txt,e,3,2026-03-31T12:08:58Z,25.5,"528/20,528/20",A,3,A3,NA,CONTROL,NA,CONTROL,NA,NA,TWEED,NA,NA,NA,NA,NA,0.777,FALSE,FALSE,NA,parsed_table,FALSE,5861,957,202,29.014851485148515,235,NA,NA,7543.114543114543,32.098359757934226
20260331-clam-36C-C-vs-S,/Users/sr320/Documents/GitHub/resazurin-assay-development/data/clam/20260331-clam-36C-C-vs-S/plate-E-T3.5.txt,plate-E-T3.5.txt,e,3.5,2026-03-31T12:40:26Z,25.6,"528/20,528/20",A,3,A3,NA,CONTROL,NA,CONTROL,NA,NA,TWEED,NA,NA,NA,NA,NA,0.777,FALSE,FALSE,NA,parsed_table,FALSE,6866,1005,203,33.82266009852217,235,NA,NA,8836.550836550836,37.602343985322705
20260331-clam-36C-C-vs-S,/Users/sr320/Documents/GitHub/resazurin-assay-development/data/clam/20260331-clam-36C-C-vs-S/plate-E-T0.0.txt,plate-E-T0.0.txt,e,0,2026-03-31T08:52:16Z,23.7,"528/20,528/20",A,4,A4,NA,CONTROL,NA,CONTROL,NA,NA,BLUE,NA,NA,NA,NA,NA,0.682,FALSE,FALSE,NA,parsed_table,FALSE,232,0,197,1.1776649746192893,232,NA,NA,340.17595307917884,1.4662756598240467
20260331-clam-36C-C-vs-S,/Users/sr320/Documents/GitHub/resazurin-assay-development/data/clam/20260331-clam-36C-C-vs-S/plate-E-T0.5.txt,plate-E-T0.5.txt,e,0.5,2026-03-31T09:29:54Z,24.3,"528/20,528/20",A,4,A4,NA,CONTROL,NA,CONTROL,NA,NA,BLUE,NA,NA,NA,NA,NA,0.682,FALSE,FALSE,NA,parsed_table,FALSE,1137,905,195,5.8307692307692305,232,NA,NA,1667.1554252199412,7.186014763879056
20260331-clam-36C-C-vs-S,/Users/sr320/Documents/GitHub/resazurin-assay-development/data/clam/20260331-clam-36C-C-vs-S/plate-E-T1.0.txt,plate-E-T1.0.txt,e,1,2026-03-31T10:01:16Z,24.7,"528/20,528/20",A,4,A4,NA,CONTROL,NA,CONTROL,NA,NA,BLUE,NA,NA,NA,NA,NA,0.682,FALSE,FALSE,NA,parsed_table,FALSE,2236,1099,198,11.292929292929292,232,NA,NA,3278.592375366569,14.131863686924865
20260331-clam-36C-C-vs-S,/Users/sr320/Documents/GitHub/resazurin-assay-development/data/clam/20260331-clam-36C-C-vs-S/plate-E-T1.5.txt,plate-E-T1.5.txt,e,1.5,2026-03-31T10:31:51Z,25,"528/20,528/20",A,4,A4,NA,CONTROL,NA,CONTROL,NA,NA,BLUE,NA,NA,NA,NA,NA,0.682,FALSE,FALSE,NA,parsed_table,FALSE,3875,1639,200,19.375,232,NA,NA,5681.818181818181,24.490595611285265
20260331-clam-36C-C-vs-S,/Users/sr320/Documents/GitHub/resazurin-assay-development/data/clam/20260331-clam-36C-C-vs-S/plate-E-T2.5.txt,plate-E-T2.5.txt,e,2.5,2026-03-31T11:35:52Z,25.4,"528/20,528/20",A,4,A4,NA,CONTROL,NA,CONTROL,NA,NA,BLUE,NA,NA,NA,NA,NA,0.682,FALSE,FALSE,NA,parsed_table,FALSE,5812,1937,202,28.77227722772277,232,NA,NA,8521.99413489736,36.73273334007483
20260331-clam-36C-C-vs-S,/Users/sr320/Documents/GitHub/resazurin-assay-development/data/clam/20260331-clam-36C-C-vs-S/plate-E-T3.0.txt,plate-E-T3.0.txt,e,3,2026-03-31T12:08:58Z,25.5,"528/20,528/20",A,4,A4,NA,CONTROL,NA,CONTROL,NA,NA,BLUE,NA,NA,NA,NA,NA,0.682,FALSE,FALSE,NA,parsed_table,FALSE,6705,893,202,33.193069306930695,232,NA,NA,9831.378299120233,42.37663059965618
20260331-clam-36C-C-vs-S,/Users/sr320/Documents/GitHub/resazurin-assay-development/data/clam/20260331-clam-36C-C-vs-S/plate-E-T3.5.txt,plate-E-T3.5.txt,e,3.5,2026-03-31T12:40:26Z,25.6,"528/20,528/20",A,4,A4,NA,CONTROL,NA,CONTROL,NA,NA,BLUE,NA,NA,NA,NA,NA,0.682,FALSE,FALSE,NA,parsed_table,FALSE,7282,577,203,35.87192118226601,232,NA,NA,10677.419354838708,46.02335928809788
20260331-clam-36C-C-vs-S,/Users/sr320/Documents/GitHub/resazurin-assay-development/data/clam/20260331-clam-36C-C-vs-S/plate-E-T0.0.txt,plate-E-T0.0.txt,e,0,2026-03-31T08:52:16Z,23.7,"528/20,528/20",B,1,B1,NA,SELECTED,NA,SELECTED,NA,NA,TWEED,NA,NA,NA,NA,NA,1.455,FALSE,FALSE,NA,parsed_table,FALSE,364,0,197,1.8477157360406091,364,NA,NA,250.17182130584192,0.6872852233676976
20260331-clam-36C-C-vs-S,/Users/sr320/Documents/GitHub/resazurin-assay-development/data/clam/20260331-clam-36C-C-vs-S/plate-E-T0.5.txt,plate-E-T0.5.txt,e,0.5,2026-03-31T09:29:54Z,24.3,"528/20,528/20",B,1,B1,NA,SELECTED,NA,SELECTED,NA,NA,TWEED,NA,NA,NA,NA,NA,1.455,FALSE,FALSE,NA,parsed_table,FALSE,1470,1106,195,7.538461538461538,364,NA,NA,1010.3092783505155,2.775574940523394
20260331-clam-36C-C-vs-S,/Users/sr320/Documents/GitHub/resazurin-assay-development/data/clam/20260331-clam-36C-C-vs-S/plate-E-T1.0.txt,plate-E-T1.0.txt,e,1,2026-03-31T10:01:16Z,24.7,"528/20,528/20",B,1,B1,NA,SELECTED,NA,SELECTED,NA,NA,TWEED,NA,NA,NA,NA,NA,1.455,FALSE,FALSE,NA,parsed_table,FALSE,3427,1957,198,17.30808080808081,364,NA,NA,2355.3264604810997,6.4706770892337895
20260331-clam-36C-C-vs-S,/Users/sr320/Documents/GitHub/resazurin-assay-development/data/clam/20260331-clam-36C-C-vs-S/plate-E-T1.5.txt,plate-E-T1.5.txt,e,1.5,2026-03-31T10:31:51Z,25,"528/20,528/20",B,1,B1,NA,SELECTED,NA,SELECTED,NA,NA,TWEED,NA,NA,NA,NA,NA,1.455,FALSE,FALSE,NA,parsed_table,FALSE,7500,4073,200,37.5,364,NA,NA,5154.639175257732,14.161096635323439
20260331-clam-36C-C-vs-S,/Users/sr320/Documents/GitHub/resazurin-assay-development/data/clam/20260331-clam-36C-C-vs-S/plate-E-T2.5.txt,plate-E-T2.5.txt,e,2.5,2026-03-31T11:35:52Z,25.4,"528/20,528/20",B,1,B1,NA,SELECTED,NA,SELECTED,NA,NA,TWEED,NA,NA,NA,NA,NA,1.455,FALSE,FALSE,NA,parsed_table,FALSE,10673,3173,202,52.836633663366335,364,NA,NA,7335.395189003436,20.152184585174275
20260331-clam-36C-C-vs-S,/Users/sr320/Documents/GitHub/resazurin-assay-development/data/clam/20260331-clam-36C-C-vs-S/plate-E-T3.0.txt,plate-E-T3.0.txt,e,3,2026-03-31T12:08:58Z,25.5,"528/20,528/20",B,1,B1,NA,SELECTED,NA,SELECTED,NA,NA,TWEED,NA,NA,NA,NA,NA,1.455,FALSE,FALSE,NA,parsed_table,FALSE,11133,460,202,55.113861386138616,364,NA,NA,7651.546391752577,21.020731845474113
20260331-clam-36C-C-vs-S,/Users/sr320/Documents/GitHub/resazurin-assay-development/data/clam/20260331-clam-36C-C-vs-S/plate-E-T3.5.txt,plate-E-T3.5.txt,e,3.5,2026-03-31T12:40:26Z,25.6,"528/20,528/20",B,1,B1,NA,SELECTED,NA,SELECTED,NA,NA,TWEED,NA,NA,NA,NA,NA,1.455,FALSE,FALSE,NA,parsed_table,FALSE,11480,347,203,56.55172413793103,364,NA,NA,7890.034364261168,21.67591858313508
20260331-clam-36C-C-vs-S,/Users/sr320/Documents/GitHub/resazurin-assay-development/data/clam/20260331-clam-36C-C-vs-S/plate-E-T0.0.txt,plate-E-T0.0.txt,e,0,2026-03-31T08:52:16Z,23.7,"528/20,528/20",B,2,B2,NA,SELECTED,NA,SELECTED,NA,NA,BLUE,NA,NA,NA,NA,NA,1.137,FALSE,FALSE,NA,parsed_table,FALSE,347,0,197,1.7614213197969544,347,NA,NA,305.1890941072999,0.8795074758135444
20260331-clam-36C-C-vs-S,/Users/sr320/Documents/GitHub/resazurin-assay-development/data/clam/20260331-clam-36C-C-vs-S/plate-E-T0.5.txt,plate-E-T0.5.txt,e,0.5,2026-03-31T09:29:54Z,24.3,"528/20,528/20",B,2,B2,NA,SELECTED,NA,SELECTED,NA,NA,BLUE,NA,NA,NA,NA,NA,1.137,FALSE,FALSE,NA,parsed_table,FALSE,920,573,195,4.717948717948718,347,NA,NA,809.1468777484608,2.331835382560406
20260331-clam-36C-C-vs-S,/Users/sr320/Documents/GitHub/resazurin-assay-development/data/clam/20260331-clam-36C-C-vs-S/plate-E-T1.0.txt,plate-E-T1.0.txt,e,1,2026-03-31T10:01:16Z,24.7,"528/20,528/20",B,2,B2,NA,SELECTED,NA,SELECTED,NA,NA,BLUE,NA,NA,NA,NA,NA,1.137,FALSE,FALSE,NA,parsed_table,FALSE,1851,931,198,9.348484848484848,347,NA,NA,1627.9683377308706,4.691551405564469
20260331-clam-36C-C-vs-S,/Users/sr320/Documents/GitHub/resazurin-assay-development/data/clam/20260331-clam-36C-C-vs-S/plate-E-T1.5.txt,plate-E-T1.5.txt,e,1.5,2026-03-31T10:31:51Z,25,"528/20,528/20",B,2,B2,NA,SELECTED,NA,SELECTED,NA,NA,BLUE,NA,NA,NA,NA,NA,1.137,FALSE,FALSE,NA,parsed_table,FALSE,3031,1180,200,15.155,347,NA,NA,2665.787159190853,7.6823837440658584
20260331-clam-36C-C-vs-S,/Users/sr320/Documents/GitHub/resazurin-assay-development/data/clam/20260331-clam-36C-C-vs-S/plate-E-T2.5.txt,plate-E-T2.5.txt,e,2.5,2026-03-31T11:35:52Z,25.4,"528/20,528/20",B,2,B2,NA,SELECTED,NA,SELECTED,NA,NA,BLUE,NA,NA,NA,NA,NA,1.137,FALSE,FALSE,NA,parsed_table,FALSE,5259,2228,202,26.034653465346533,347,NA,NA,4625.32981530343,13.329480735744754
20260331-clam-36C-C-vs-S,/Users/sr320/Documents/GitHub/resazurin-assay-development/data/clam/20260331-clam-36C-C-vs-S/plate-E-T3.0.txt,plate-E-T3.0.txt,e,3,2026-03-31T12:08:58Z,25.5,"528/20,528/20",B,2,B2,NA,SELECTED,NA,SELECTED,NA,NA,BLUE,NA,NA,NA,NA,NA,1.137,FALSE,FALSE,NA,parsed_table,FALSE,6323,1064,202,31.301980198019802,347,NA,NA,5561.125769569041,16.026299047749397
20260331-clam-36C-C-vs-S,/Users/sr320/Documents/GitHub/resazurin-assay-development/data/clam/20260331-clam-36C-C-vs-S/plate-E-T3.5.txt,plate-E-T3.5.txt,e,3.5,2026-03-31T12:40:26Z,25.6,"528/20,528/20",B,2,B2,NA,SELECTED,NA,SELECTED,NA,NA,BLUE,NA,NA,NA,NA,NA,1.137,FALSE,FALSE,NA,parsed_table,FALSE,7070,747,203,34.827586206896555,347,NA,NA,6218.117854001759,17.91964799424138
20260331-clam-36C-C-vs-S,/Users/sr320/Documents/GitHub/resazurin-assay-development/data/clam/20260331-clam-36C-C-vs-S/plate-E-T0.0.txt,plate-E-T0.0.txt,e,0,2026-03-31T08:52:16Z,23.7,"528/20,528/20",B,3,B3,NA,CONTROL,NA,CONTROL,NA,NA,TWEED,NA,NA,NA,NA,NA,1.573,FALSE,FALSE,NA,parsed_table,FALSE,488,0,197,2.4771573604060912,488,NA,NA,310.2352193261284,0.6357279084551812
20260331-clam-36C-C-vs-S,/Users/sr320/Documents/GitHub/resazurin-assay-development/data/clam/20260331-clam-36C-C-vs-S/plate-E-T0.5.txt,plate-E-T0.5.txt,e,0.5,2026-03-31T09:29:54Z,24.3,"528/20,528/20",B,3,B3,NA,CONTROL,NA,CONTROL,NA,NA,TWEED,NA,NA,NA,NA,NA,1.573,FALSE,FALSE,NA,parsed_table,FALSE,1074,586,195,5.507692307692308,488,NA,NA,682.7717736808646,1.3991224870509522
20260331-clam-36C-C-vs-S,/Users/sr320/Documents/GitHub/resazurin-assay-development/data/clam/20260331-clam-36C-C-vs-S/plate-E-T1.0.txt,plate-E-T1.0.txt,e,1,2026-03-31T10:01:16Z,24.7,"528/20,528/20",B,3,B3,NA,CONTROL,NA,CONTROL,NA,NA,TWEED,NA,NA,NA,NA,NA,1.573,FALSE,FALSE,NA,parsed_table,FALSE,2787,1713,198,14.075757575757576,488,NA,NA,1771.77368086459,3.630683772263504
20260331-clam-36C-C-vs-S,/Users/sr320/Documents/GitHub/resazurin-assay-development/data/clam/20260331-clam-36C-C-vs-S/plate-E-T1.5.txt,plate-E-T1.5.txt,e,1.5,2026-03-31T10:31:51Z,25,"528/20,528/20",B,3,B3,NA,CONTROL,NA,CONTROL,NA,NA,TWEED,NA,NA,NA,NA,NA,1.573,FALSE,FALSE,NA,parsed_table,FALSE,3638,851,200,18.19,488,NA,NA,2312.778130959949,4.739299448688421
20260331-clam-36C-C-vs-S,/Users/sr320/Documents/GitHub/resazurin-assay-development/data/clam/20260331-clam-36C-C-vs-S/plate-E-T2.5.txt,plate-E-T2.5.txt,e,2.5,2026-03-31T11:35:52Z,25.4,"528/20,528/20",B,3,B3,NA,CONTROL,NA,CONTROL,NA,NA,TWEED,NA,NA,NA,NA,NA,1.573,FALSE,FALSE,NA,parsed_table,FALSE,7516,3878,202,37.20792079207921,488,NA,NA,4778.1309599491415,9.791251967108897
20260331-clam-36C-C-vs-S,/Users/sr320/Documents/GitHub/resazurin-assay-development/data/clam/20260331-clam-36C-C-vs-S/plate-E-T3.0.txt,plate-E-T3.0.txt,e,3,2026-03-31T12:08:58Z,25.5,"528/20,528/20",B,3,B3,NA,CONTROL,NA,CONTROL,NA,NA,TWEED,NA,NA,NA,NA,NA,1.573,FALSE,FALSE,NA,parsed_table,FALSE,8362,846,202,41.396039603960396,488,NA,NA,5315.9567705022255,10.893354037914396
20260331-clam-36C-C-vs-S,/Users/sr320/Documents/GitHub/resazurin-assay-development/data/clam/20260331-clam-36C-C-vs-S/plate-E-T3.5.txt,plate-E-T3.5.txt,e,3.5,2026-03-31T12:40:26Z,25.6,"528/20,528/20",B,3,B3,NA,CONTROL,NA,CONTROL,NA,NA,TWEED,NA,NA,NA,NA,NA,1.573,FALSE,FALSE,NA,parsed_table,FALSE,8721,359,203,42.960591133004925,488,NA,NA,5544.183089637635,11.361030921388595
20260331-clam-36C-C-vs-S,/Users/sr320/Documents/GitHub/resazurin-assay-development/data/clam/20260331-clam-36C-C-vs-S/plate-E-T0.0.txt,plate-E-T0.0.txt,e,0,2026-03-31T08:52:16Z,23.7,"528/20,528/20",B,4,B4,NA,CONTROL,NA,CONTROL,NA,NA,BLUE,NA,NA,NA,NA,NA,1.228,FALSE,FALSE,NA,parsed_table,FALSE,315,0,197,1.598984771573604,315,NA,NA,256.51465798045604,0.8143322475570033
20260331-clam-36C-C-vs-S,/Users/sr320/Documents/GitHub/resazurin-assay-development/data/clam/20260331-clam-36C-C-vs-S/plate-E-T0.5.txt,plate-E-T0.5.txt,e,0.5,2026-03-31T09:29:54Z,24.3,"528/20,528/20",B,4,B4,NA,CONTROL,NA,CONTROL,NA,NA,BLUE,NA,NA,NA,NA,NA,1.228,FALSE,FALSE,NA,parsed_table,FALSE,1140,825,195,5.846153846153846,315,NA,NA,928.3387622149837,2.947107181634869
20260331-clam-36C-C-vs-S,/Users/sr320/Documents/GitHub/resazurin-assay-development/data/clam/20260331-clam-36C-C-vs-S/plate-E-T1.0.txt,plate-E-T1.0.txt,e,1,2026-03-31T10:01:16Z,24.7,"528/20,528/20",B,4,B4,NA,CONTROL,NA,CONTROL,NA,NA,BLUE,NA,NA,NA,NA,NA,1.228,FALSE,FALSE,NA,parsed_table,FALSE,1878,738,198,9.484848484848484,315,NA,NA,1529.315960912052,4.854971304482706
20260331-clam-36C-C-vs-S,/Users/sr320/Documents/GitHub/resazurin-assay-development/data/clam/20260331-clam-36C-C-vs-S/plate-E-T1.5.txt,plate-E-T1.5.txt,e,1.5,2026-03-31T10:31:51Z,25,"528/20,528/20",B,4,B4,NA,CONTROL,NA,CONTROL,NA,NA,BLUE,NA,NA,NA,NA,NA,1.228,FALSE,FALSE,NA,parsed_table,FALSE,4405,2527,200,22.025,315,NA,NA,3587.133550488599,11.387725557106664
20260331-clam-36C-C-vs-S,/Users/sr320/Documents/GitHub/resazurin-assay-development/data/clam/20260331-clam-36C-C-vs-S/plate-E-T2.5.txt,plate-E-T2.5.txt,e,2.5,2026-03-31T11:35:52Z,25.4,"528/20,528/20",B,4,B4,NA,CONTROL,NA,CONTROL,NA,NA,BLUE,NA,NA,NA,NA,NA,1.228,FALSE,FALSE,NA,parsed_table,FALSE,7949,3544,202,39.351485148514854,315,NA,NA,6473.127035830619,20.54960963755752
20260331-clam-36C-C-vs-S,/Users/sr320/Documents/GitHub/resazurin-assay-development/data/clam/20260331-clam-36C-C-vs-S/plate-E-T3.0.txt,plate-E-T3.0.txt,e,3,2026-03-31T12:08:58Z,25.5,"528/20,528/20",B,4,B4,NA,CONTROL,NA,CONTROL,NA,NA,BLUE,NA,NA,NA,NA,NA,1.228,FALSE,FALSE,NA,parsed_table,FALSE,8979,1030,202,44.45049504950495,315,NA,NA,7311.889250814333,23.21234682798201
20260331-clam-36C-C-vs-S,/Users/sr320/Documents/GitHub/resazurin-assay-development/data/clam/20260331-clam-36C-C-vs-S/plate-E-T3.5.txt,plate-E-T3.5.txt,e,3.5,2026-03-31T12:40:26Z,25.6,"528/20,528/20",B,4,B4,NA,CONTROL,NA,CONTROL,NA,NA,BLUE,NA,NA,NA,NA,NA,1.228,FALSE,FALSE,NA,parsed_table,FALSE,10182,1203,203,50.1576354679803,315,NA,NA,8291.530944625407,26.322320459128274
20260331-clam-36C-C-vs-S,/Users/sr320/Documents/GitHub/resazurin-assay-development/data/clam/20260331-clam-36C-C-vs-S/plate-E-T0.0.txt,plate-E-T0.0.txt,e,0,2026-03-31T08:52:16Z,23.7,"528/20,528/20",C,1,C1,NA,NA,NA,NA,NA,NA,NA,NA,NA,NA,NA,NA,NA,TRUE,FALSE,NA,parsed_table,FALSE,197,0,197,1,NA,NA,NA,NA,NA
20260331-clam-36C-C-vs-S,/Users/sr320/Documents/GitHub/resazurin-assay-development/data/clam/20260331-clam-36C-C-vs-S/plate-E-T0.5.txt,plate-E-T0.5.txt,e,0.5,2026-03-31T09:29:54Z,24.3,"528/20,528/20",C,1,C1,NA,NA,NA,NA,NA,NA,NA,NA,NA,NA,NA,NA,NA,TRUE,FALSE,NA,parsed_table,FALSE,195,-2,195,1,NA,NA,NA,NA,NA
20260331-clam-36C-C-vs-S,/Users/sr320/Documents/GitHub/resazurin-assay-development/data/clam/20260331-clam-36C-C-vs-S/plate-E-T1.0.txt,plate-E-T1.0.txt,e,1,2026-03-31T10:01:16Z,24.7,"528/20,528/20",C,1,C1,NA,NA,NA,NA,NA,NA,NA,NA,NA,NA,NA,NA,NA,TRUE,FALSE,NA,parsed_table,FALSE,198,3,198,1,NA,NA,NA,NA,NA
20260331-clam-36C-C-vs-S,/Users/sr320/Documents/GitHub/resazurin-assay-development/data/clam/20260331-clam-36C-C-vs-S/plate-E-T1.5.txt,plate-E-T1.5.txt,e,1.5,2026-03-31T10:31:51Z,25,"528/20,528/20",C,1,C1,NA,NA,NA,NA,NA,NA,NA,NA,NA,NA,NA,NA,NA,TRUE,FALSE,NA,parsed_table,FALSE,200,2,200,1,NA,NA,NA,NA,NA
20260331-clam-36C-C-vs-S,/Users/sr320/Documents/GitHub/resazurin-assay-development/data/clam/20260331-clam-36C-C-vs-S/plate-E-T2.5.txt,plate-E-T2.5.txt,e,2.5,2026-03-31T11:35:52Z,25.4,"528/20,528/20",C,1,C1,NA,NA,NA,NA,NA,NA,NA,NA,NA,NA,NA,NA,NA,TRUE,FALSE,NA,parsed_table,FALSE,202,2,202,1,NA,NA,NA,NA,NA
20260331-clam-36C-C-vs-S,/Users/sr320/Documents/GitHub/resazurin-assay-development/data/clam/20260331-clam-36C-C-vs-S/plate-E-T3.0.txt,plate-E-T3.0.txt,e,3,2026-03-31T12:08:58Z,25.5,"528/20,528/20",C,1,C1,NA,NA,NA,NA,NA,NA,NA,NA,NA,NA,NA,NA,NA,TRUE,FALSE,NA,parsed_table,FALSE,202,0,202,1,NA,NA,NA,NA,NA
20260331-clam-36C-C-vs-S,/Users/sr320/Documents/GitHub/resazurin-assay-development/data/clam/20260331-clam-36C-C-vs-S/plate-E-T3.5.txt,plate-E-T3.5.txt,e,3.5,2026-03-31T12:40:26Z,25.6,"528/20,528/20",C,1,C1,NA,NA,NA,NA,NA,NA,NA,NA,NA,NA,NA,NA,NA,TRUE,FALSE,NA,parsed_table,FALSE,203,1,203,1,NA,NA,NA,NA,NA
20260331-clam-36C-C-vs-S,/Users/sr320/Documents/GitHub/resazurin-assay-development/data/clam/20260331-clam-36C-C-vs-S/plate-E-T0.0.txt,plate-E-T0.0.txt,e,0,2026-03-31T08:52:16Z,23.7,"528/20,528/20",C,2,C2,NA,SELECTED,NA,SELECTED,NA,NA,BLUE,NA,NA,NA,NA,NA,1.311,FALSE,FALSE,NA,parsed_table,FALSE,409,0,197,2.0761421319796955,409,NA,NA,311.9755911517925,0.7627765064836003
20260331-clam-36C-C-vs-S,/Users/sr320/Documents/GitHub/resazurin-assay-development/data/clam/20260331-clam-36C-C-vs-S/plate-E-T0.5.txt,plate-E-T0.5.txt,e,0.5,2026-03-31T09:29:54Z,24.3,"528/20,528/20",C,2,C2,NA,SELECTED,NA,SELECTED,NA,NA,BLUE,NA,NA,NA,NA,NA,1.311,FALSE,FALSE,NA,parsed_table,FALSE,1119,710,195,5.7384615384615385,409,NA,NA,853.5469107551488,2.0869117622375275
20260331-clam-36C-C-vs-S,/Users/sr320/Documents/GitHub/resazurin-assay-development/data/clam/20260331-clam-36C-C-vs-S/plate-E-T1.0.txt,plate-E-T1.0.txt,e,1,2026-03-31T10:01:16Z,24.7,"528/20,528/20",C,2,C2,NA,SELECTED,NA,SELECTED,NA,NA,BLUE,NA,NA,NA,NA,NA,1.311,FALSE,FALSE,NA,parsed_table,FALSE,1968,849,198,9.93939393939394,409,NA,NA,1501.1441647597255,3.6702791314418715
20260331-clam-36C-C-vs-S,/Users/sr320/Documents/GitHub/resazurin-assay-development/data/clam/20260331-clam-36C-C-vs-S/plate-E-T1.5.txt,plate-E-T1.5.txt,e,1.5,2026-03-31T10:31:51Z,25,"528/20,528/20",C,2,C2,NA,SELECTED,NA,SELECTED,NA,NA,BLUE,NA,NA,NA,NA,NA,1.311,FALSE,FALSE,NA,parsed_table,FALSE,3043,1075,200,15.215,409,NA,NA,2321.128909229596,5.6751318074073245
20260331-clam-36C-C-vs-S,/Users/sr320/Documents/GitHub/resazurin-assay-development/data/clam/20260331-clam-36C-C-vs-S/plate-E-T2.5.txt,plate-E-T2.5.txt,e,2.5,2026-03-31T11:35:52Z,25.4,"528/20,528/20",C,2,C2,NA,SELECTED,NA,SELECTED,NA,NA,BLUE,NA,NA,NA,NA,NA,1.311,FALSE,FALSE,NA,parsed_table,FALSE,5657,2614,202,28.004950495049506,409,NA,NA,4315.026697177727,10.550187523661926
20260331-clam-36C-C-vs-S,/Users/sr320/Documents/GitHub/resazurin-assay-development/data/clam/20260331-clam-36C-C-vs-S/plate-E-T3.0.txt,plate-E-T3.0.txt,e,3,2026-03-31T12:08:58Z,25.5,"528/20,528/20",C,2,C2,NA,SELECTED,NA,SELECTED,NA,NA,BLUE,NA,NA,NA,NA,NA,1.311,FALSE,FALSE,NA,parsed_table,FALSE,6805,1148,202,33.68811881188119,409,NA,NA,5190.6941266209005,12.691183683669683
20260331-clam-36C-C-vs-S,/Users/sr320/Documents/GitHub/resazurin-assay-development/data/clam/20260331-clam-36C-C-vs-S/plate-E-T3.5.txt,plate-E-T3.5.txt,e,3.5,2026-03-31T12:40:26Z,25.6,"528/20,528/20",C,2,C2,NA,SELECTED,NA,SELECTED,NA,NA,BLUE,NA,NA,NA,NA,NA,1.311,FALSE,FALSE,NA,parsed_table,FALSE,7978,1173,203,39.30049261083744,409,NA,NA,6085.430968726164,14.878804324513847
20260331-clam-36C-C-vs-S,/Users/sr320/Documents/GitHub/resazurin-assay-development/data/clam/20260331-clam-36C-C-vs-S/plate-E-T0.0.txt,plate-E-T0.0.txt,e,0,2026-03-31T08:52:16Z,23.7,"528/20,528/20",C,3,C3,NA,CONTROL,NA,CONTROL,NA,NA,TWEED,NA,NA,NA,NA,NA,0.987,FALSE,FALSE,NA,parsed_table,FALSE,274,0,197,1.3908629441624365,274,NA,NA,277.60891590678824,1.0131712259371835
20260331-clam-36C-C-vs-S,/Users/sr320/Documents/GitHub/resazurin-assay-development/data/clam/20260331-clam-36C-C-vs-S/plate-E-T0.5.txt,plate-E-T0.5.txt,e,0.5,2026-03-31T09:29:54Z,24.3,"528/20,528/20",C,3,C3,NA,CONTROL,NA,CONTROL,NA,NA,TWEED,NA,NA,NA,NA,NA,0.987,FALSE,FALSE,NA,parsed_table,FALSE,609,335,195,3.123076923076923,274,NA,NA,617.0212765957447,2.2519024693275353
20260331-clam-36C-C-vs-S,/Users/sr320/Documents/GitHub/resazurin-assay-development/data/clam/20260331-clam-36C-C-vs-S/plate-E-T1.0.txt,plate-E-T1.0.txt,e,1,2026-03-31T10:01:16Z,24.7,"528/20,528/20",C,3,C3,NA,CONTROL,NA,CONTROL,NA,NA,TWEED,NA,NA,NA,NA,NA,0.987,FALSE,FALSE,NA,parsed_table,FALSE,1090,481,198,5.505050505050505,274,NA,NA,1104.3566362715299,4.030498672523832
20260331-clam-36C-C-vs-S,/Users/sr320/Documents/GitHub/resazurin-assay-development/data/clam/20260331-clam-36C-C-vs-S/plate-E-T1.5.txt,plate-E-T1.5.txt,e,1.5,2026-03-31T10:31:51Z,25,"528/20,528/20",C,3,C3,NA,CONTROL,NA,CONTROL,NA,NA,TWEED,NA,NA,NA,NA,NA,0.987,FALSE,FALSE,NA,parsed_table,FALSE,2386,1296,200,11.93,274,NA,NA,2417.4265450861194,8.822724617102626
20260331-clam-36C-C-vs-S,/Users/sr320/Documents/GitHub/resazurin-assay-development/data/clam/20260331-clam-36C-C-vs-S/plate-E-T2.5.txt,plate-E-T2.5.txt,e,2.5,2026-03-31T11:35:52Z,25.4,"528/20,528/20",C,3,C3,NA,CONTROL,NA,CONTROL,NA,NA,TWEED,NA,NA,NA,NA,NA,0.987,FALSE,FALSE,NA,parsed_table,FALSE,4762,2376,202,23.574257425742573,274,NA,NA,4824.721377912867,17.608472182163748
20260331-clam-36C-C-vs-S,/Users/sr320/Documents/GitHub/resazurin-assay-development/data/clam/20260331-clam-36C-C-vs-S/plate-E-T3.0.txt,plate-E-T3.0.txt,e,3,2026-03-31T12:08:58Z,25.5,"528/20,528/20",C,3,C3,NA,CONTROL,NA,CONTROL,NA,NA,TWEED,NA,NA,NA,NA,NA,0.987,FALSE,FALSE,NA,parsed_table,FALSE,6502,1740,202,32.18811881188119,274,NA,NA,6587.6393110435665,24.04247923738528
20260331-clam-36C-C-vs-S,/Users/sr320/Documents/GitHub/resazurin-assay-development/data/clam/20260331-clam-36C-C-vs-S/plate-E-T3.5.txt,plate-E-T3.5.txt,e,3.5,2026-03-31T12:40:26Z,25.6,"528/20,528/20",C,3,C3,NA,CONTROL,NA,CONTROL,NA,NA,TWEED,NA,NA,NA,NA,NA,0.987,FALSE,FALSE,NA,parsed_table,FALSE,7792,1290,203,38.38423645320197,274,NA,NA,7894.630192502533,28.81251895073917
20260331-clam-36C-C-vs-S,/Users/sr320/Documents/GitHub/resazurin-assay-development/data/clam/20260331-clam-36C-C-vs-S/plate-E-T0.0.txt,plate-E-T0.0.txt,e,0,2026-03-31T08:52:16Z,23.7,"528/20,528/20",C,4,C4,NA,CONTROL,NA,CONTROL,NA,NA,BLUE,NA,NA,NA,NA,NA,0.895,FALSE,FALSE,NA,parsed_table,FALSE,258,0,197,1.3096446700507614,258,NA,NA,288.268156424581,1.1173184357541899
20260331-clam-36C-C-vs-S,/Users/sr320/Documents/GitHub/resazurin-assay-development/data/clam/20260331-clam-36C-C-vs-S/plate-E-T0.5.txt,plate-E-T0.5.txt,e,0.5,2026-03-31T09:29:54Z,24.3,"528/20,528/20",C,4,C4,NA,CONTROL,NA,CONTROL,NA,NA,BLUE,NA,NA,NA,NA,NA,0.895,FALSE,FALSE,NA,parsed_table,FALSE,1681,1423,195,8.62051282051282,258,NA,NA,1878.2122905027932,7.279892598848036
20260331-clam-36C-C-vs-S,/Users/sr320/Documents/GitHub/resazurin-assay-development/data/clam/20260331-clam-36C-C-vs-S/plate-E-T1.0.txt,plate-E-T1.0.txt,e,1,2026-03-31T10:01:16Z,24.7,"528/20,528/20",C,4,C4,NA,CONTROL,NA,CONTROL,NA,NA,BLUE,NA,NA,NA,NA,NA,0.895,FALSE,FALSE,NA,parsed_table,FALSE,4184,2503,198,21.13131313131313,258,NA,NA,4674.860335195531,18.119613702308257
20260331-clam-36C-C-vs-S,/Users/sr320/Documents/GitHub/resazurin-assay-development/data/clam/20260331-clam-36C-C-vs-S/plate-E-T1.5.txt,plate-E-T1.5.txt,e,1.5,2026-03-31T10:31:51Z,25,"528/20,528/20",C,4,C4,NA,CONTROL,NA,CONTROL,NA,NA,BLUE,NA,NA,NA,NA,NA,0.895,FALSE,FALSE,NA,parsed_table,FALSE,6268,2084,200,31.34,258,NA,NA,7003.351955307263,27.144775020570787
20260331-clam-36C-C-vs-S,/Users/sr320/Documents/GitHub/resazurin-assay-development/data/clam/20260331-clam-36C-C-vs-S/plate-E-T2.5.txt,plate-E-T2.5.txt,e,2.5,2026-03-31T11:35:52Z,25.4,"528/20,528/20",C,4,C4,NA,CONTROL,NA,CONTROL,NA,NA,BLUE,NA,NA,NA,NA,NA,0.895,FALSE,FALSE,NA,parsed_table,FALSE,10037,3769,202,49.68811881188119,258,NA,NA,11214.525139664804,43.46715170412715
20260331-clam-36C-C-vs-S,/Users/sr320/Documents/GitHub/resazurin-assay-development/data/clam/20260331-clam-36C-C-vs-S/plate-E-T3.0.txt,plate-E-T3.0.txt,e,3,2026-03-31T12:08:58Z,25.5,"528/20,528/20",C,4,C4,NA,CONTROL,NA,CONTROL,NA,NA,BLUE,NA,NA,NA,NA,NA,0.895,FALSE,FALSE,NA,parsed_table,FALSE,10307,270,202,51.024752475247524,258,NA,NA,11516.201117318435,44.636438439218736
20260331-clam-36C-C-vs-S,/Users/sr320/Documents/GitHub/resazurin-assay-development/data/clam/20260331-clam-36C-C-vs-S/plate-E-T3.5.txt,plate-E-T3.5.txt,e,3.5,2026-03-31T12:40:26Z,25.6,"528/20,528/20",C,4,C4,NA,CONTROL,NA,CONTROL,NA,NA,BLUE,NA,NA,NA,NA,NA,0.895,FALSE,FALSE,NA,parsed_table,FALSE,10743,436,203,52.92118226600985,258,NA,NA,12003.351955307262,46.52461998181109
20260331-clam-36C-C-vs-S,/Users/sr320/Documents/GitHub/resazurin-assay-development/data/clam/20260331-clam-36C-C-vs-S/plate-F-T0.0.txt,plate-F-T0.0.txt,f,0,2026-03-31T08:53:10Z,23.7,"528/20,528/20",A,1,A1,NA,SELECTED,NA,SELECTED,NA,NA,TWEED,NA,NA,NA,NA,NA,1.44,FALSE,FALSE,NA,parsed_table,FALSE,381,0,204,1.8676470588235294,381,NA,NA,264.58333333333337,0.6944444444444444
20260331-clam-36C-C-vs-S,/Users/sr320/Documents/GitHub/resazurin-assay-development/data/clam/20260331-clam-36C-C-vs-S/plate-F-T0.5.txt,plate-F-T0.5.txt,f,0.5,2026-03-31T09:31:17Z,24.4,"528/20,528/20",A,1,A1,NA,SELECTED,NA,SELECTED,NA,NA,TWEED,NA,NA,NA,NA,NA,1.44,FALSE,FALSE,NA,parsed_table,FALSE,2229,1848,202,11.034653465346535,381,NA,NA,1547.9166666666667,4.062773403324584
20260331-clam-36C-C-vs-S,/Users/sr320/Documents/GitHub/resazurin-assay-development/data/clam/20260331-clam-36C-C-vs-S/plate-F-T1.0.txt,plate-F-T1.0.txt,f,1,2026-03-31T10:02:52Z,24.7,"528/20,528/20",A,1,A1,NA,SELECTED,NA,SELECTED,NA,NA,TWEED,NA,NA,NA,NA,NA,1.44,FALSE,FALSE,NA,parsed_table,FALSE,3623,1394,204,17.75980392156863,381,NA,NA,2515.972222222222,6.603601633129192
20260331-clam-36C-C-vs-S,/Users/sr320/Documents/GitHub/resazurin-assay-development/data/clam/20260331-clam-36C-C-vs-S/plate-F-T1.5.txt,plate-F-T1.5.txt,f,1.5,2026-03-31T10:33:21Z,25,"528/20,528/20",A,1,A1,NA,SELECTED,NA,SELECTED,NA,NA,TWEED,NA,NA,NA,NA,NA,1.44,FALSE,FALSE,NA,parsed_table,FALSE,5139,1516,205,25.068292682926828,381,NA,NA,3568.75,9.366797900262467
20260331-clam-36C-C-vs-S,/Users/sr320/Documents/GitHub/resazurin-assay-development/data/clam/20260331-clam-36C-C-vs-S/plate-F-T2.5.txt,plate-F-T2.5.txt,f,2.5,2026-03-31T11:37:01Z,25.4,"528/20,528/20",A,1,A1,NA,SELECTED,NA,SELECTED,NA,NA,TWEED,NA,NA,NA,NA,NA,1.44,FALSE,FALSE,NA,parsed_table,FALSE,7445,2306,207,35.966183574879224,381,NA,NA,5170.138888888889,13.569918343540392
20260331-clam-36C-C-vs-S,/Users/sr320/Documents/GitHub/resazurin-assay-development/data/clam/20260331-clam-36C-C-vs-S/plate-F-T3.0.txt,plate-F-T3.0.txt,f,3,2026-03-31T12:10:01Z,25.5,"528/20,528/20",A,1,A1,NA,SELECTED,NA,SELECTED,NA,NA,TWEED,NA,NA,NA,NA,NA,1.44,FALSE,FALSE,NA,parsed_table,FALSE,8427,982,211,39.93838862559242,381,NA,NA,5852.083333333334,15.359798775153108
20260331-clam-36C-C-vs-S,/Users/sr320/Documents/GitHub/resazurin-assay-development/data/clam/20260331-clam-36C-C-vs-S/plate-F-T3.5.txt,plate-F-T3.5.txt,f,3.5,2026-03-31T12:41:29Z,25.6,"528/20,528/20",A,1,A1,NA,SELECTED,NA,SELECTED,NA,NA,TWEED,NA,NA,NA,NA,NA,1.44,FALSE,FALSE,NA,parsed_table,FALSE,8747,320,210,41.65238095238095,381,NA,NA,6074.305555555556,15.943059200933217
20260331-clam-36C-C-vs-S,/Users/sr320/Documents/GitHub/resazurin-assay-development/data/clam/20260331-clam-36C-C-vs-S/plate-F-T0.0.txt,plate-F-T0.0.txt,f,0,2026-03-31T08:53:10Z,23.7,"528/20,528/20",A,2,A2,NA,SELECTED,NA,SELECTED,NA,NA,BLUE,NA,NA,NA,NA,NA,1.051,FALSE,FALSE,NA,parsed_table,FALSE,314,0,204,1.5392156862745099,314,NA,NA,298.7630827783064,0.9514747859181732
20260331-clam-36C-C-vs-S,/Users/sr320/Documents/GitHub/resazurin-assay-development/data/clam/20260331-clam-36C-C-vs-S/plate-F-T0.5.txt,plate-F-T0.5.txt,f,0.5,2026-03-31T09:31:17Z,24.4,"528/20,528/20",A,2,A2,NA,SELECTED,NA,SELECTED,NA,NA,BLUE,NA,NA,NA,NA,NA,1.051,FALSE,FALSE,NA,parsed_table,FALSE,1476,1162,202,7.306930693069307,314,NA,NA,1404.3767840152236,4.4725375287109035
20260331-clam-36C-C-vs-S,/Users/sr320/Documents/GitHub/resazurin-assay-development/data/clam/20260331-clam-36C-C-vs-S/plate-F-T1.0.txt,plate-F-T1.0.txt,f,1,2026-03-31T10:02:52Z,24.7,"528/20,528/20",A,2,A2,NA,SELECTED,NA,SELECTED,NA,NA,BLUE,NA,NA,NA,NA,NA,1.051,FALSE,FALSE,NA,parsed_table,FALSE,2851,1375,204,13.97549019607843,314,NA,NA,2712.654614652712,8.639027435199718
20260331-clam-36C-C-vs-S,/Users/sr320/Documents/GitHub/resazurin-assay-development/data/clam/20260331-clam-36C-C-vs-S/plate-F-T1.5.txt,plate-F-T1.5.txt,f,1.5,2026-03-31T10:33:21Z,25,"528/20,528/20",A,2,A2,NA,SELECTED,NA,SELECTED,NA,NA,BLUE,NA,NA,NA,NA,NA,1.051,FALSE,FALSE,NA,parsed_table,FALSE,3829,978,205,18.678048780487806,314,NA,NA,3643.1969552806854,11.60253807414231
20260331-clam-36C-C-vs-S,/Users/sr320/Documents/GitHub/resazurin-assay-development/data/clam/20260331-clam-36C-C-vs-S/plate-F-T2.5.txt,plate-F-T2.5.txt,f,2.5,2026-03-31T11:37:01Z,25.4,"528/20,528/20",A,2,A2,NA,SELECTED,NA,SELECTED,NA,NA,BLUE,NA,NA,NA,NA,NA,1.051,FALSE,FALSE,NA,parsed_table,FALSE,5942,2113,207,28.705314009661837,314,NA,NA,5653.663177925785,18.005296744986577
20260331-clam-36C-C-vs-S,/Users/sr320/Documents/GitHub/resazurin-assay-development/data/clam/20260331-clam-36C-C-vs-S/plate-F-T3.0.txt,plate-F-T3.0.txt,f,3,2026-03-31T12:10:01Z,25.5,"528/20,528/20",A,2,A2,NA,SELECTED,NA,SELECTED,NA,NA,BLUE,NA,NA,NA,NA,NA,1.051,FALSE,FALSE,NA,parsed_table,FALSE,6760,818,211,32.03791469194313,314,NA,NA,6431.969552806851,20.483979467537743
20260331-clam-36C-C-vs-S,/Users/sr320/Documents/GitHub/resazurin-assay-development/data/clam/20260331-clam-36C-C-vs-S/plate-F-T3.5.txt,plate-F-T3.5.txt,f,3.5,2026-03-31T12:41:29Z,25.6,"528/20,528/20",A,2,A2,NA,SELECTED,NA,SELECTED,NA,NA,BLUE,NA,NA,NA,NA,NA,1.051,FALSE,FALSE,NA,parsed_table,FALSE,7343,583,210,34.96666666666667,314,NA,NA,6986.679352997146,22.250571187889
20260331-clam-36C-C-vs-S,/Users/sr320/Documents/GitHub/resazurin-assay-development/data/clam/20260331-clam-36C-C-vs-S/plate-F-T0.0.txt,plate-F-T0.0.txt,f,0,2026-03-31T08:53:10Z,23.7,"528/20,528/20",A,3,A3,NA,CONTROL,NA,CONTROL,NA,NA,TWEED,NA,NA,NA,NA,NA,0.918,FALSE,FALSE,NA,parsed_table,FALSE,261,0,204,1.2794117647058822,261,NA,NA,284.3137254901961,1.0893246187363834
20260331-clam-36C-C-vs-S,/Users/sr320/Documents/GitHub/resazurin-assay-development/data/clam/20260331-clam-36C-C-vs-S/plate-F-T0.5.txt,plate-F-T0.5.txt,f,0.5,2026-03-31T09:31:17Z,24.4,"528/20,528/20",A,3,A3,NA,CONTROL,NA,CONTROL,NA,NA,TWEED,NA,NA,NA,NA,NA,0.918,FALSE,FALSE,NA,parsed_table,FALSE,1099,838,202,5.4405940594059405,261,NA,NA,1197.1677559912853,4.586849639813353
20260331-clam-36C-C-vs-S,/Users/sr320/Documents/GitHub/resazurin-assay-development/data/clam/20260331-clam-36C-C-vs-S/plate-F-T1.0.txt,plate-F-T1.0.txt,f,1,2026-03-31T10:02:52Z,24.7,"528/20,528/20",A,3,A3,NA,CONTROL,NA,CONTROL,NA,NA,TWEED,NA,NA,NA,NA,NA,0.918,FALSE,FALSE,NA,parsed_table,FALSE,1661,562,204,8.142156862745098,261,NA,NA,1809.368191721133,6.932445179008171
20260331-clam-36C-C-vs-S,/Users/sr320/Documents/GitHub/resazurin-assay-development/data/clam/20260331-clam-36C-C-vs-S/plate-F-T1.5.txt,plate-F-T1.5.txt,f,1.5,2026-03-31T10:33:21Z,25,"528/20,528/20",A,3,A3,NA,CONTROL,NA,CONTROL,NA,NA,TWEED,NA,NA,NA,NA,NA,0.918,FALSE,FALSE,NA,parsed_table,FALSE,2431,770,205,11.858536585365854,261,NA,NA,2648.148148148148,10.146161487157656
20260331-clam-36C-C-vs-S,/Users/sr320/Documents/GitHub/resazurin-assay-development/data/clam/20260331-clam-36C-C-vs-S/plate-F-T2.5.txt,plate-F-T2.5.txt,f,2.5,2026-03-31T11:37:01Z,25.4,"528/20,528/20",A,3,A3,NA,CONTROL,NA,CONTROL,NA,NA,TWEED,NA,NA,NA,NA,NA,0.918,FALSE,FALSE,NA,parsed_table,FALSE,4202,1771,207,20.29951690821256,261,NA,NA,4577.342047930283,17.53770899590147
20260331-clam-36C-C-vs-S,/Users/sr320/Documents/GitHub/resazurin-assay-development/data/clam/20260331-clam-36C-C-vs-S/plate-F-T3.0.txt,plate-F-T3.0.txt,f,3,2026-03-31T12:10:01Z,25.5,"528/20,528/20",A,3,A3,NA,CONTROL,NA,CONTROL,NA,NA,TWEED,NA,NA,NA,NA,NA,0.918,FALSE,FALSE,NA,parsed_table,FALSE,6781,2579,211,32.13744075829384,261,NA,NA,7386.710239651416,28.301571799430715
20260331-clam-36C-C-vs-S,/Users/sr320/Documents/GitHub/resazurin-assay-development/data/clam/20260331-clam-36C-C-vs-S/plate-F-T3.5.txt,plate-F-T3.5.txt,f,3.5,2026-03-31T12:41:29Z,25.6,"528/20,528/20",A,3,A3,NA,CONTROL,NA,CONTROL,NA,NA,TWEED,NA,NA,NA,NA,NA,0.918,FALSE,FALSE,NA,parsed_table,FALSE,9142,2361,210,43.53333333333333,261,NA,NA,9958.605664488017,38.15557725857478
20260331-clam-36C-C-vs-S,/Users/sr320/Documents/GitHub/resazurin-assay-development/data/clam/20260331-clam-36C-C-vs-S/plate-F-T0.0.txt,plate-F-T0.0.txt,f,0,2026-03-31T08:53:10Z,23.7,"528/20,528/20",A,4,A4,NA,CONTROL,NA,CONTROL,NA,NA,BLUE,NA,NA,NA,NA,NA,1.251,FALSE,FALSE,NA,parsed_table,FALSE,386,0,204,1.892156862745098,386,NA,NA,308.5531574740208,0.7993605115907275
20260331-clam-36C-C-vs-S,/Users/sr320/Documents/GitHub/resazurin-assay-development/data/clam/20260331-clam-36C-C-vs-S/plate-F-T0.5.txt,plate-F-T0.5.txt,f,0.5,2026-03-31T09:31:17Z,24.4,"528/20,528/20",A,4,A4,NA,CONTROL,NA,CONTROL,NA,NA,BLUE,NA,NA,NA,NA,NA,1.251,FALSE,FALSE,NA,parsed_table,FALSE,1629,1243,202,8.064356435643564,386,NA,NA,1302.158273381295,3.3734670294852203
20260331-clam-36C-C-vs-S,/Users/sr320/Documents/GitHub/resazurin-assay-development/data/clam/20260331-clam-36C-C-vs-S/plate-F-T1.0.txt,plate-F-T1.0.txt,f,1,2026-03-31T10:02:52Z,24.7,"528/20,528/20",A,4,A4,NA,CONTROL,NA,CONTROL,NA,NA,BLUE,NA,NA,NA,NA,NA,1.251,FALSE,FALSE,NA,parsed_table,FALSE,2993,1364,204,14.67156862745098,386,NA,NA,2392.4860111910475,6.198150288059709
20260331-clam-36C-C-vs-S,/Users/sr320/Documents/GitHub/resazurin-assay-development/data/clam/20260331-clam-36C-C-vs-S/plate-F-T1.5.txt,plate-F-T1.5.txt,f,1.5,2026-03-31T10:33:21Z,25,"528/20,528/20",A,4,A4,NA,CONTROL,NA,CONTROL,NA,NA,BLUE,NA,NA,NA,NA,NA,1.251,FALSE,FALSE,NA,parsed_table,FALSE,4961,1968,205,24.2,386,NA,NA,3965.627498001599,10.27364636787979
20260331-clam-36C-C-vs-S,/Users/sr320/Documents/GitHub/resazurin-assay-development/data/clam/20260331-clam-36C-C-vs-S/plate-F-T2.5.txt,plate-F-T2.5.txt,f,2.5,2026-03-31T11:37:01Z,25.4,"528/20,528/20",A,4,A4,NA,CONTROL,NA,CONTROL,NA,NA,BLUE,NA,NA,NA,NA,NA,1.251,FALSE,FALSE,NA,parsed_table,FALSE,7550,2589,207,36.47342995169082,386,NA,NA,6035.171862509993,15.635160265569928
20260331-clam-36C-C-vs-S,/Users/sr320/Documents/GitHub/resazurin-assay-development/data/clam/20260331-clam-36C-C-vs-S/plate-F-T3.0.txt,plate-F-T3.0.txt,f,3,2026-03-31T12:10:01Z,25.5,"528/20,528/20",A,4,A4,NA,CONTROL,NA,CONTROL,NA,NA,BLUE,NA,NA,NA,NA,NA,1.251,FALSE,FALSE,NA,parsed_table,FALSE,7957,407,211,37.71090047393365,386,NA,NA,6360.5115907274185,16.47800930240264
20260331-clam-36C-C-vs-S,/Users/sr320/Documents/GitHub/resazurin-assay-development/data/clam/20260331-clam-36C-C-vs-S/plate-F-T3.5.txt,plate-F-T3.5.txt,f,3.5,2026-03-31T12:41:29Z,25.6,"528/20,528/20",A,4,A4,NA,CONTROL,NA,CONTROL,NA,NA,BLUE,NA,NA,NA,NA,NA,1.251,FALSE,FALSE,NA,parsed_table,FALSE,8347,390,210,39.74761904761905,386,NA,NA,6672.262190247802,17.28565334261089
20260331-clam-36C-C-vs-S,/Users/sr320/Documents/GitHub/resazurin-assay-development/data/clam/20260331-clam-36C-C-vs-S/plate-F-T0.0.txt,plate-F-T0.0.txt,f,0,2026-03-31T08:53:10Z,23.7,"528/20,528/20",B,1,B1,NA,SELECTED,NA,SELECTED,NA,NA,TWEED,NA,NA,NA,NA,NA,1.418,FALSE,FALSE,NA,parsed_table,FALSE,458,0,204,2.2450980392156863,458,NA,NA,322.9901269393512,0.7052186177715092
20260331-clam-36C-C-vs-S,/Users/sr320/Documents/GitHub/resazurin-assay-development/data/clam/20260331-clam-36C-C-vs-S/plate-F-T0.5.txt,plate-F-T0.5.txt,f,0.5,2026-03-31T09:31:17Z,24.4,"528/20,528/20",B,1,B1,NA,SELECTED,NA,SELECTED,NA,NA,TWEED,NA,NA,NA,NA,NA,1.418,FALSE,FALSE,NA,parsed_table,FALSE,1725,1267,202,8.53960396039604,458,NA,NA,1216.5021156558535,2.6561181564538283
20260331-clam-36C-C-vs-S,/Users/sr320/Documents/GitHub/resazurin-assay-development/data/clam/20260331-clam-36C-C-vs-S/plate-F-T1.0.txt,plate-F-T1.0.txt,f,1,2026-03-31T10:02:52Z,24.7,"528/20,528/20",B,1,B1,NA,SELECTED,NA,SELECTED,NA,NA,TWEED,NA,NA,NA,NA,NA,1.418,FALSE,FALSE,NA,parsed_table,FALSE,3320,1595,204,16.274509803921568,458,NA,NA,2341.325811001411,5.11206508952273
20260331-clam-36C-C-vs-S,/Users/sr320/Documents/GitHub/resazurin-assay-development/data/clam/20260331-clam-36C-C-vs-S/plate-F-T1.5.txt,plate-F-T1.5.txt,f,1.5,2026-03-31T10:33:21Z,25,"528/20,528/20",B,1,B1,NA,SELECTED,NA,SELECTED,NA,NA,TWEED,NA,NA,NA,NA,NA,1.418,FALSE,FALSE,NA,parsed_table,FALSE,5003,1683,205,24.40487804878049,458,NA,NA,3528.2087447108606,7.703512543036814
20260331-clam-36C-C-vs-S,/Users/sr320/Documents/GitHub/resazurin-assay-development/data/clam/20260331-clam-36C-C-vs-S/plate-F-T2.5.txt,plate-F-T2.5.txt,f,2.5,2026-03-31T11:37:01Z,25.4,"528/20,528/20",B,1,B1,NA,SELECTED,NA,SELECTED,NA,NA,TWEED,NA,NA,NA,NA,NA,1.418,FALSE,FALSE,NA,parsed_table,FALSE,7323,2320,207,35.3768115942029,458,NA,NA,5164.315937940762,11.275798991137034
20260331-clam-36C-C-vs-S,/Users/sr320/Documents/GitHub/resazurin-assay-development/data/clam/20260331-clam-36C-C-vs-S/plate-F-T3.0.txt,plate-F-T3.0.txt,f,3,2026-03-31T12:10:01Z,25.5,"528/20,528/20",B,1,B1,NA,SELECTED,NA,SELECTED,NA,NA,TWEED,NA,NA,NA,NA,NA,1.418,FALSE,FALSE,NA,parsed_table,FALSE,8367,1044,211,39.654028436018955,458,NA,NA,5900.564174894217,12.883327892782134
20260331-clam-36C-C-vs-S,/Users/sr320/Documents/GitHub/resazurin-assay-development/data/clam/20260331-clam-36C-C-vs-S/plate-F-T3.5.txt,plate-F-T3.5.txt,f,3.5,2026-03-31T12:41:29Z,25.6,"528/20,528/20",B,1,B1,NA,SELECTED,NA,SELECTED,NA,NA,TWEED,NA,NA,NA,NA,NA,1.418,FALSE,FALSE,NA,parsed_table,FALSE,8889,522,210,42.32857142857143,458,NA,NA,6268.688293370946,13.687092343604684
20260331-clam-36C-C-vs-S,/Users/sr320/Documents/GitHub/resazurin-assay-development/data/clam/20260331-clam-36C-C-vs-S/plate-F-T0.0.txt,plate-F-T0.0.txt,f,0,2026-03-31T08:53:10Z,23.7,"528/20,528/20",B,2,B2,NA,SELECTED,NA,SELECTED,NA,NA,BLUE,NA,NA,NA,NA,NA,1.045,FALSE,FALSE,NA,parsed_table,FALSE,278,0,204,1.3627450980392157,278,NA,NA,266.0287081339713,0.9569377990430623
20260331-clam-36C-C-vs-S,/Users/sr320/Documents/GitHub/resazurin-assay-development/data/clam/20260331-clam-36C-C-vs-S/plate-F-T0.5.txt,plate-F-T0.5.txt,f,0.5,2026-03-31T09:31:17Z,24.4,"528/20,528/20",B,2,B2,NA,SELECTED,NA,SELECTED,NA,NA,BLUE,NA,NA,NA,NA,NA,1.045,FALSE,FALSE,NA,parsed_table,FALSE,1706,1428,202,8.445544554455445,278,NA,NA,1632.5358851674641,5.872431241609584
20260331-clam-36C-C-vs-S,/Users/sr320/Documents/GitHub/resazurin-assay-development/data/clam/20260331-clam-36C-C-vs-S/plate-F-T1.0.txt,plate-F-T1.0.txt,f,1,2026-03-31T10:02:52Z,24.7,"528/20,528/20",B,2,B2,NA,SELECTED,NA,SELECTED,NA,NA,BLUE,NA,NA,NA,NA,NA,1.045,FALSE,FALSE,NA,parsed_table,FALSE,3682,1976,204,18.04901960784314,278,NA,NA,3523.444976076555,12.674262503872502
20260331-clam-36C-C-vs-S,/Users/sr320/Documents/GitHub/resazurin-assay-development/data/clam/20260331-clam-36C-C-vs-S/plate-F-T1.5.txt,plate-F-T1.5.txt,f,1.5,2026-03-31T10:33:21Z,25,"528/20,528/20",B,2,B2,NA,SELECTED,NA,SELECTED,NA,NA,BLUE,NA,NA,NA,NA,NA,1.045,FALSE,FALSE,NA,parsed_table,FALSE,5153,1471,205,25.13658536585366,278,NA,NA,4931.1004784689,17.737771505283813
20260331-clam-36C-C-vs-S,/Users/sr320/Documents/GitHub/resazurin-assay-development/data/clam/20260331-clam-36C-C-vs-S/plate-F-T2.5.txt,plate-F-T2.5.txt,f,2.5,2026-03-31T11:37:01Z,25.4,"528/20,528/20",B,2,B2,NA,SELECTED,NA,SELECTED,NA,NA,BLUE,NA,NA,NA,NA,NA,1.045,FALSE,FALSE,NA,parsed_table,FALSE,7968,2815,207,38.492753623188406,278,NA,NA,7624.88038277512,27.427627276169495
20260331-clam-36C-C-vs-S,/Users/sr320/Documents/GitHub/resazurin-assay-development/data/clam/20260331-clam-36C-C-vs-S/plate-F-T3.0.txt,plate-F-T3.0.txt,f,3,2026-03-31T12:10:01Z,25.5,"528/20,528/20",B,2,B2,NA,SELECTED,NA,SELECTED,NA,NA,BLUE,NA,NA,NA,NA,NA,1.045,FALSE,FALSE,NA,parsed_table,FALSE,8683,715,211,41.15165876777251,278,NA,NA,8309.09090909091,29.888816219751476
20260331-clam-36C-C-vs-S,/Users/sr320/Documents/GitHub/resazurin-assay-development/data/clam/20260331-clam-36C-C-vs-S/plate-F-T3.5.txt,plate-F-T3.5.txt,f,3.5,2026-03-31T12:41:29Z,25.6,"528/20,528/20",B,2,B2,NA,SELECTED,NA,SELECTED,NA,NA,BLUE,NA,NA,NA,NA,NA,1.045,FALSE,FALSE,NA,parsed_table,FALSE,8814,131,210,41.97142857142857,278,NA,NA,8434.44976076555,30.339747340883278
20260331-clam-36C-C-vs-S,/Users/sr320/Documents/GitHub/resazurin-assay-development/data/clam/20260331-clam-36C-C-vs-S/plate-F-T0.0.txt,plate-F-T0.0.txt,f,0,2026-03-31T08:53:10Z,23.7,"528/20,528/20",B,3,B3,NA,CONTROL,NA,CONTROL,NA,NA,TWEED,NA,NA,NA,NA,NA,0.636,FALSE,FALSE,NA,parsed_table,FALSE,255,0,204,1.25,255,NA,NA,400.9433962264151,1.572327044025157
20260331-clam-36C-C-vs-S,/Users/sr320/Documents/GitHub/resazurin-assay-development/data/clam/20260331-clam-36C-C-vs-S/plate-F-T0.5.txt,plate-F-T0.5.txt,f,0.5,2026-03-31T09:31:17Z,24.4,"528/20,528/20",B,3,B3,NA,CONTROL,NA,CONTROL,NA,NA,TWEED,NA,NA,NA,NA,NA,0.636,FALSE,FALSE,NA,parsed_table,FALSE,427,172,202,2.113861386138614,255,NA,NA,671.3836477987421,2.6328770501911456
20260331-clam-36C-C-vs-S,/Users/sr320/Documents/GitHub/resazurin-assay-development/data/clam/20260331-clam-36C-C-vs-S/plate-F-T1.0.txt,plate-F-T1.0.txt,f,1,2026-03-31T10:02:52Z,24.7,"528/20,528/20",B,3,B3,NA,CONTROL,NA,CONTROL,NA,NA,TWEED,NA,NA,NA,NA,NA,0.636,FALSE,FALSE,NA,parsed_table,FALSE,580,153,204,2.843137254901961,255,NA,NA,911.9496855345911,3.5762732766062397
20260331-clam-36C-C-vs-S,/Users/sr320/Documents/GitHub/resazurin-assay-development/data/clam/20260331-clam-36C-C-vs-S/plate-F-T1.5.txt,plate-F-T1.5.txt,f,1.5,2026-03-31T10:33:21Z,25,"528/20,528/20",B,3,B3,NA,CONTROL,NA,CONTROL,NA,NA,TWEED,NA,NA,NA,NA,NA,0.636,FALSE,FALSE,NA,parsed_table,FALSE,827,247,205,4.034146341463415,255,NA,NA,1300.314465408805,5.099272413367863
20260331-clam-36C-C-vs-S,/Users/sr320/Documents/GitHub/resazurin-assay-development/data/clam/20260331-clam-36C-C-vs-S/plate-F-T2.5.txt,plate-F-T2.5.txt,f,2.5,2026-03-31T11:37:01Z,25.4,"528/20,528/20",B,3,B3,NA,CONTROL,NA,CONTROL,NA,NA,TWEED,NA,NA,NA,NA,NA,0.636,FALSE,FALSE,NA,parsed_table,FALSE,1362,535,207,6.579710144927536,255,NA,NA,2141.509433962264,8.398076211616722
20260331-clam-36C-C-vs-S,/Users/sr320/Documents/GitHub/resazurin-assay-development/data/clam/20260331-clam-36C-C-vs-S/plate-F-T3.0.txt,plate-F-T3.0.txt,f,3,2026-03-31T12:10:01Z,25.5,"528/20,528/20",B,3,B3,NA,CONTROL,NA,CONTROL,NA,NA,TWEED,NA,NA,NA,NA,NA,0.636,FALSE,FALSE,NA,parsed_table,FALSE,1485,123,211,7.037914691943128,255,NA,NA,2334.9056603773583,9.156492785793562
20260331-clam-36C-C-vs-S,/Users/sr320/Documents/GitHub/resazurin-assay-development/data/clam/20260331-clam-36C-C-vs-S/plate-F-T3.5.txt,plate-F-T3.5.txt,f,3.5,2026-03-31T12:41:29Z,25.6,"528/20,528/20",B,3,B3,NA,CONTROL,NA,CONTROL,NA,NA,TWEED,NA,NA,NA,NA,NA,0.636,FALSE,FALSE,NA,parsed_table,FALSE,1715,230,210,8.166666666666666,255,NA,NA,2696.5408805031448,10.574670119620174
20260331-clam-36C-C-vs-S,/Users/sr320/Documents/GitHub/resazurin-assay-development/data/clam/20260331-clam-36C-C-vs-S/plate-F-T0.0.txt,plate-F-T0.0.txt,f,0,2026-03-31T08:53:10Z,23.7,"528/20,528/20",B,4,B4,NA,CONTROL,NA,CONTROL,NA,NA,BLUE,NA,NA,NA,NA,NA,1.142,FALSE,FALSE,NA,parsed_table,FALSE,310,0,204,1.5196078431372548,310,NA,NA,271.4535901926445,0.8756567425569177
20260331-clam-36C-C-vs-S,/Users/sr320/Documents/GitHub/resazurin-assay-development/data/clam/20260331-clam-36C-C-vs-S/plate-F-T0.5.txt,plate-F-T0.5.txt,f,0.5,2026-03-31T09:31:17Z,24.4,"528/20,528/20",B,4,B4,NA,CONTROL,NA,CONTROL,NA,NA,BLUE,NA,NA,NA,NA,NA,1.142,FALSE,FALSE,NA,parsed_table,FALSE,1922,1612,202,9.514851485148515,310,NA,NA,1683.012259194396,5.4290718038528905
20260331-clam-36C-C-vs-S,/Users/sr320/Documents/GitHub/resazurin-assay-development/data/clam/20260331-clam-36C-C-vs-S/plate-F-T1.0.txt,plate-F-T1.0.txt,f,1,2026-03-31T10:02:52Z,24.7,"528/20,528/20",B,4,B4,NA,CONTROL,NA,CONTROL,NA,NA,BLUE,NA,NA,NA,NA,NA,1.142,FALSE,FALSE,NA,parsed_table,FALSE,4050,2128,204,19.852941176470587,310,NA,NA,3546.409807355517,11.4400316366307
20260331-clam-36C-C-vs-S,/Users/sr320/Documents/GitHub/resazurin-assay-development/data/clam/20260331-clam-36C-C-vs-S/plate-F-T1.5.txt,plate-F-T1.5.txt,f,1.5,2026-03-31T10:33:21Z,25,"528/20,528/20",B,4,B4,NA,CONTROL,NA,CONTROL,NA,NA,BLUE,NA,NA,NA,NA,NA,1.142,FALSE,FALSE,NA,parsed_table,FALSE,8362,4312,205,40.79024390243902,310,NA,NA,7322.241681260946,23.62013445568047
20260331-clam-36C-C-vs-S,/Users/sr320/Documents/GitHub/resazurin-assay-development/data/clam/20260331-clam-36C-C-vs-S/plate-F-T2.5.txt,plate-F-T2.5.txt,f,2.5,2026-03-31T11:37:01Z,25.4,"528/20,528/20",B,4,B4,NA,CONTROL,NA,CONTROL,NA,NA,BLUE,NA,NA,NA,NA,NA,1.142,FALSE,FALSE,NA,parsed_table,FALSE,11284,2922,207,54.51207729468599,310,NA,NA,9880.91068301226,31.873905429071804
20260331-clam-36C-C-vs-S,/Users/sr320/Documents/GitHub/resazurin-assay-development/data/clam/20260331-clam-36C-C-vs-S/plate-F-T3.0.txt,plate-F-T3.0.txt,f,3,2026-03-31T12:10:01Z,25.5,"528/20,528/20",B,4,B4,NA,CONTROL,NA,CONTROL,NA,NA,BLUE,NA,NA,NA,NA,NA,1.142,FALSE,FALSE,NA,parsed_table,FALSE,11286,2,211,53.48815165876777,310,NA,NA,9882.661996497374,31.87955482741088
20260331-clam-36C-C-vs-S,/Users/sr320/Documents/GitHub/resazurin-assay-development/data/clam/20260331-clam-36C-C-vs-S/plate-F-T3.5.txt,plate-F-T3.5.txt,f,3.5,2026-03-31T12:41:29Z,25.6,"528/20,528/20",B,4,B4,NA,CONTROL,NA,CONTROL,NA,NA,BLUE,NA,NA,NA,NA,NA,1.142,FALSE,FALSE,NA,parsed_table,FALSE,11192,-94,210,53.2952380952381,310,NA,NA,9800.350262697024,31.614033105474267
20260331-clam-36C-C-vs-S,/Users/sr320/Documents/GitHub/resazurin-assay-development/data/clam/20260331-clam-36C-C-vs-S/plate-F-T0.0.txt,plate-F-T0.0.txt,f,0,2026-03-31T08:53:10Z,23.7,"528/20,528/20",C,1,C1,NA,SELECTED,NA,SELECTED,NA,NA,TWEED,NA,NA,NA,NA,NA,1.89,FALSE,FALSE,NA,parsed_table,FALSE,356,0,204,1.7450980392156863,356,NA,NA,188.35978835978838,0.5291005291005292
20260331-clam-36C-C-vs-S,/Users/sr320/Documents/GitHub/resazurin-assay-development/data/clam/20260331-clam-36C-C-vs-S/plate-F-T0.5.txt,plate-F-T0.5.txt,f,0.5,2026-03-31T09:31:17Z,24.4,"528/20,528/20",C,1,C1,NA,SELECTED,NA,SELECTED,NA,NA,TWEED,NA,NA,NA,NA,NA,1.89,FALSE,FALSE,NA,parsed_table,FALSE,2816,2460,202,13.94059405940594,356,NA,NA,1489.94708994709,4.185244634682837
20260331-clam-36C-C-vs-S,/Users/sr320/Documents/GitHub/resazurin-assay-development/data/clam/20260331-clam-36C-C-vs-S/plate-F-T1.0.txt,plate-F-T1.0.txt,f,1,2026-03-31T10:02:52Z,24.7,"528/20,528/20",C,1,C1,NA,SELECTED,NA,SELECTED,NA,NA,TWEED,NA,NA,NA,NA,NA,1.89,FALSE,FALSE,NA,parsed_table,FALSE,3793,977,204,18.59313725490196,356,NA,NA,2006.878306878307,5.6372986148267055
20260331-clam-36C-C-vs-S,/Users/sr320/Documents/GitHub/resazurin-assay-development/data/clam/20260331-clam-36C-C-vs-S/plate-F-T1.5.txt,plate-F-T1.5.txt,f,1.5,2026-03-31T10:33:21Z,25,"528/20,528/20",C,1,C1,NA,SELECTED,NA,SELECTED,NA,NA,TWEED,NA,NA,NA,NA,NA,1.89,FALSE,FALSE,NA,parsed_table,FALSE,4749,956,205,23.165853658536584,356,NA,NA,2512.698412698413,7.058141608703407
20260331-clam-36C-C-vs-S,/Users/sr320/Documents/GitHub/resazurin-assay-development/data/clam/20260331-clam-36C-C-vs-S/plate-F-T2.5.txt,plate-F-T2.5.txt,f,2.5,2026-03-31T11:37:01Z,25.4,"528/20,528/20",C,1,C1,NA,SELECTED,NA,SELECTED,NA,NA,TWEED,NA,NA,NA,NA,NA,1.89,FALSE,FALSE,NA,parsed_table,FALSE,6407,1658,207,30.95169082125604,356,NA,NA,3389.9470899470903,9.52232328636823
20260331-clam-36C-C-vs-S,/Users/sr320/Documents/GitHub/resazurin-assay-development/data/clam/20260331-clam-36C-C-vs-S/plate-F-T3.0.txt,plate-F-T3.0.txt,f,3,2026-03-31T12:10:01Z,25.5,"528/20,528/20",C,1,C1,NA,SELECTED,NA,SELECTED,NA,NA,TWEED,NA,NA,NA,NA,NA,1.89,FALSE,FALSE,NA,parsed_table,FALSE,7421,1014,211,35.170616113744074,356,NA,NA,3926.4550264550267,11.029368051839963
20260331-clam-36C-C-vs-S,/Users/sr320/Documents/GitHub/resazurin-assay-development/data/clam/20260331-clam-36C-C-vs-S/plate-F-T3.5.txt,plate-F-T3.5.txt,f,3.5,2026-03-31T12:41:29Z,25.6,"528/20,528/20",C,1,C1,NA,SELECTED,NA,SELECTED,NA,NA,TWEED,NA,NA,NA,NA,NA,1.89,FALSE,FALSE,NA,parsed_table,FALSE,8249,828,210,39.28095238095238,356,NA,NA,4364.550264550265,12.259972653231081
20260331-clam-36C-C-vs-S,/Users/sr320/Documents/GitHub/resazurin-assay-development/data/clam/20260331-clam-36C-C-vs-S/plate-F-T0.0.txt,plate-F-T0.0.txt,f,0,2026-03-31T08:53:10Z,23.7,"528/20,528/20",C,2,C2,NA,NA,NA,NA,NA,NA,NA,NA,NA,NA,NA,NA,NA,TRUE,FALSE,NA,parsed_table,FALSE,204,0,204,1,NA,NA,NA,NA,NA
20260331-clam-36C-C-vs-S,/Users/sr320/Documents/GitHub/resazurin-assay-development/data/clam/20260331-clam-36C-C-vs-S/plate-F-T0.5.txt,plate-F-T0.5.txt,f,0.5,2026-03-31T09:31:17Z,24.4,"528/20,528/20",C,2,C2,NA,NA,NA,NA,NA,NA,NA,NA,NA,NA,NA,NA,NA,TRUE,FALSE,NA,parsed_table,FALSE,202,-2,202,1,NA,NA,NA,NA,NA
20260331-clam-36C-C-vs-S,/Users/sr320/Documents/GitHub/resazurin-assay-development/data/clam/20260331-clam-36C-C-vs-S/plate-F-T1.0.txt,plate-F-T1.0.txt,f,1,2026-03-31T10:02:52Z,24.7,"528/20,528/20",C,2,C2,NA,NA,NA,NA,NA,NA,NA,NA,NA,NA,NA,NA,NA,TRUE,FALSE,NA,parsed_table,FALSE,204,2,204,1,NA,NA,NA,NA,NA
20260331-clam-36C-C-vs-S,/Users/sr320/Documents/GitHub/resazurin-assay-development/data/clam/20260331-clam-36C-C-vs-S/plate-F-T1.5.txt,plate-F-T1.5.txt,f,1.5,2026-03-31T10:33:21Z,25,"528/20,528/20",C,2,C2,NA,NA,NA,NA,NA,NA,NA,NA,NA,NA,NA,NA,NA,TRUE,FALSE,NA,parsed_table,FALSE,205,1,205,1,NA,NA,NA,NA,NA
20260331-clam-36C-C-vs-S,/Users/sr320/Documents/GitHub/resazurin-assay-development/data/clam/20260331-clam-36C-C-vs-S/plate-F-T2.5.txt,plate-F-T2.5.txt,f,2.5,2026-03-31T11:37:01Z,25.4,"528/20,528/20",C,2,C2,NA,NA,NA,NA,NA,NA,NA,NA,NA,NA,NA,NA,NA,TRUE,FALSE,NA,parsed_table,FALSE,207,2,207,1,NA,NA,NA,NA,NA
20260331-clam-36C-C-vs-S,/Users/sr320/Documents/GitHub/resazurin-assay-development/data/clam/20260331-clam-36C-C-vs-S/plate-F-T3.0.txt,plate-F-T3.0.txt,f,3,2026-03-31T12:10:01Z,25.5,"528/20,528/20",C,2,C2,NA,NA,NA,NA,NA,NA,NA,NA,NA,NA,NA,NA,NA,TRUE,FALSE,NA,parsed_table,FALSE,211,4,211,1,NA,NA,NA,NA,NA
20260331-clam-36C-C-vs-S,/Users/sr320/Documents/GitHub/resazurin-assay-development/data/clam/20260331-clam-36C-C-vs-S/plate-F-T3.5.txt,plate-F-T3.5.txt,f,3.5,2026-03-31T12:41:29Z,25.6,"528/20,528/20",C,2,C2,NA,NA,NA,NA,NA,NA,NA,NA,NA,NA,NA,NA,NA,TRUE,FALSE,NA,parsed_table,FALSE,210,-1,210,1,NA,NA,NA,NA,NA
20260331-clam-36C-C-vs-S,/Users/sr320/Documents/GitHub/resazurin-assay-development/data/clam/20260331-clam-36C-C-vs-S/plate-F-T0.0.txt,plate-F-T0.0.txt,f,0,2026-03-31T08:53:10Z,23.7,"528/20,528/20",C,3,C3,NA,CONTROL,NA,CONTROL,NA,NA,TWEED,NA,NA,NA,NA,NA,1.094,FALSE,FALSE,NA,parsed_table,FALSE,273,0,204,1.338235294117647,273,NA,NA,249.54296160877513,0.9140767824497257
20260331-clam-36C-C-vs-S,/Users/sr320/Documents/GitHub/resazurin-assay-development/data/clam/20260331-clam-36C-C-vs-S/plate-F-T0.5.txt,plate-F-T0.5.txt,f,0.5,2026-03-31T09:31:17Z,24.4,"528/20,528/20",C,3,C3,NA,CONTROL,NA,CONTROL,NA,NA,TWEED,NA,NA,NA,NA,NA,1.094,FALSE,FALSE,NA,parsed_table,FALSE,616,343,202,3.0495049504950495,273,NA,NA,563.071297989031,2.0625322270660478
20260331-clam-36C-C-vs-S,/Users/sr320/Documents/GitHub/resazurin-assay-development/data/clam/20260331-clam-36C-C-vs-S/plate-F-T1.0.txt,plate-F-T1.0.txt,f,1,2026-03-31T10:02:52Z,24.7,"528/20,528/20",C,3,C3,NA,CONTROL,NA,CONTROL,NA,NA,TWEED,NA,NA,NA,NA,NA,1.094,FALSE,FALSE,NA,parsed_table,FALSE,1040,424,204,5.098039215686274,273,NA,NA,950.6398537477147,3.4821972664751453
20260331-clam-36C-C-vs-S,/Users/sr320/Documents/GitHub/resazurin-assay-development/data/clam/20260331-clam-36C-C-vs-S/plate-F-T1.5.txt,plate-F-T1.5.txt,f,1.5,2026-03-31T10:33:21Z,25,"528/20,528/20",C,3,C3,NA,CONTROL,NA,CONTROL,NA,NA,TWEED,NA,NA,NA,NA,NA,1.094,FALSE,FALSE,NA,parsed_table,FALSE,1541,501,205,7.517073170731707,273,NA,NA,1408.5923217550273,5.1596788342675
20260331-clam-36C-C-vs-S,/Users/sr320/Documents/GitHub/resazurin-assay-development/data/clam/20260331-clam-36C-C-vs-S/plate-F-T2.5.txt,plate-F-T2.5.txt,f,2.5,2026-03-31T11:37:01Z,25.4,"528/20,528/20",C,3,C3,NA,CONTROL,NA,CONTROL,NA,NA,TWEED,NA,NA,NA,NA,NA,1.094,FALSE,FALSE,NA,parsed_table,FALSE,7141,5600,207,34.4975845410628,273,NA,NA,6527.422303473491,23.909971807595205
20260331-clam-36C-C-vs-S,/Users/sr320/Documents/GitHub/resazurin-assay-development/data/clam/20260331-clam-36C-C-vs-S/plate-F-T3.0.txt,plate-F-T3.0.txt,f,3,2026-03-31T12:10:01Z,25.5,"528/20,528/20",C,3,C3,NA,CONTROL,NA,CONTROL,NA,NA,TWEED,NA,NA,NA,NA,NA,1.094,FALSE,FALSE,NA,parsed_table,FALSE,10020,2879,211,47.48815165876777,273,NA,NA,9159.049360146251,33.549631355847076
20260331-clam-36C-C-vs-S,/Users/sr320/Documents/GitHub/resazurin-assay-development/data/clam/20260331-clam-36C-C-vs-S/plate-F-T3.5.txt,plate-F-T3.5.txt,f,3.5,2026-03-31T12:41:29Z,25.6,"528/20,528/20",C,3,C3,NA,CONTROL,NA,CONTROL,NA,NA,TWEED,NA,NA,NA,NA,NA,1.094,FALSE,FALSE,NA,parsed_table,FALSE,10936,916,210,52.076190476190476,273,NA,NA,9996.3436928702,36.61664356362711
20260331-clam-36C-C-vs-S,/Users/sr320/Documents/GitHub/resazurin-assay-development/data/clam/20260331-clam-36C-C-vs-S/plate-F-T0.0.txt,plate-F-T0.0.txt,f,0,2026-03-31T08:53:10Z,23.7,"528/20,528/20",C,4,C4,NA,CONTROL,NA,CONTROL,NA,NA,BLUE,NA,NA,NA,NA,NA,1.217,FALSE,FALSE,NA,parsed_table,FALSE,345,0,204,1.6911764705882353,345,NA,NA,283.48397699260477,0.8216926869350862
20260331-clam-36C-C-vs-S,/Users/sr320/Documents/GitHub/resazurin-assay-development/data/clam/20260331-clam-36C-C-vs-S/plate-F-T0.5.txt,plate-F-T0.5.txt,f,0.5,2026-03-31T09:31:17Z,24.4,"528/20,528/20",C,4,C4,NA,CONTROL,NA,CONTROL,NA,NA,BLUE,NA,NA,NA,NA,NA,1.217,FALSE,FALSE,NA,parsed_table,FALSE,2618,2273,202,12.96039603960396,345,NA,NA,2151.1914543960556,6.2353375489740746
20260331-clam-36C-C-vs-S,/Users/sr320/Documents/GitHub/resazurin-assay-development/data/clam/20260331-clam-36C-C-vs-S/plate-F-T1.0.txt,plate-F-T1.0.txt,f,1,2026-03-31T10:02:52Z,24.7,"528/20,528/20",C,4,C4,NA,CONTROL,NA,CONTROL,NA,NA,BLUE,NA,NA,NA,NA,NA,1.217,FALSE,FALSE,NA,parsed_table,FALSE,5687,3069,204,27.877450980392158,345,NA,NA,4672.966310599835,13.544829885796625
20260331-clam-36C-C-vs-S,/Users/sr320/Documents/GitHub/resazurin-assay-development/data/clam/20260331-clam-36C-C-vs-S/plate-F-T1.5.txt,plate-F-T1.5.txt,f,1.5,2026-03-31T10:33:21Z,25,"528/20,528/20",C,4,C4,NA,CONTROL,NA,CONTROL,NA,NA,BLUE,NA,NA,NA,NA,NA,1.217,FALSE,FALSE,NA,parsed_table,FALSE,7787,2100,205,37.985365853658536,345,NA,NA,6398.520953163516,18.546437545401496
20260331-clam-36C-C-vs-S,/Users/sr320/Documents/GitHub/resazurin-assay-development/data/clam/20260331-clam-36C-C-vs-S/plate-F-T2.5.txt,plate-F-T2.5.txt,f,2.5,2026-03-31T11:37:01Z,25.4,"528/20,528/20",C,4,C4,NA,CONTROL,NA,CONTROL,NA,NA,BLUE,NA,NA,NA,NA,NA,1.217,FALSE,FALSE,NA,parsed_table,FALSE,9405,1618,207,45.43478260869565,345,NA,NA,7728.019720624486,22.400057161230393
20260331-clam-36C-C-vs-S,/Users/sr320/Documents/GitHub/resazurin-assay-development/data/clam/20260331-clam-36C-C-vs-S/plate-F-T3.0.txt,plate-F-T3.0.txt,f,3,2026-03-31T12:10:01Z,25.5,"528/20,528/20",C,4,C4,NA,CONTROL,NA,CONTROL,NA,NA,BLUE,NA,NA,NA,NA,NA,1.217,FALSE,FALSE,NA,parsed_table,FALSE,10000,595,211,47.39336492890995,345,NA,NA,8216.926869350862,23.817179331451776
20260331-clam-36C-C-vs-S,/Users/sr320/Documents/GitHub/resazurin-assay-development/data/clam/20260331-clam-36C-C-vs-S/plate-F-T3.5.txt,plate-F-T3.5.txt,f,3.5,2026-03-31T12:41:29Z,25.6,"528/20,528/20",C,4,C4,NA,CONTROL,NA,CONTROL,NA,NA,BLUE,NA,NA,NA,NA,NA,1.217,FALSE,FALSE,NA,parsed_table,FALSE,9637,-363,210,45.89047619047619,345,NA,NA,7918.652423993426,22.952615721720075
20260401-clam-36C-C-vs-S,/Users/sr320/Documents/GitHub/resazurin-assay-development/data/clam/20260401-clam-36C-C-vs-S/plate-G-T0.0.txt,plate-G-T0.0.txt,g,0,2026-04-01T07:31:03Z,23,"528/20,528/20",A,1,A1,NA,SELECTED,NA,SELECTED,NA,NA,TWEED,1,NA,NA,NA,NA,1.585,FALSE,FALSE,NA,parsed_table,FALSE,350,0,73,4.794520547945205,350,NA,NA,220.82018927444796,0.6309148264984227
20260401-clam-36C-C-vs-S,/Users/sr320/Documents/GitHub/resazurin-assay-development/data/clam/20260401-clam-36C-C-vs-S/plate-G-T0.5.txt,plate-G-T0.5.txt,g,0.5,2026-04-01T08:05:24Z,23.8,"528/20,528/20",A,1,A1,NA,SELECTED,NA,SELECTED,NA,NA,TWEED,1,NA,NA,NA,NA,1.585,FALSE,FALSE,NA,parsed_table,FALSE,2508,2158,212,11.830188679245284,350,NA,NA,1582.3343848580441,4.520955385308698
20260401-clam-36C-C-vs-S,/Users/sr320/Documents/GitHub/resazurin-assay-development/data/clam/20260401-clam-36C-C-vs-S/plate-G-T1.0.txt,plate-G-T1.0.txt,g,1,2026-04-01T08:36:50Z,24.5,"528/20,528/20",A,1,A1,NA,SELECTED,NA,SELECTED,NA,NA,TWEED,1,NA,NA,NA,NA,1.585,FALSE,FALSE,NA,parsed_table,FALSE,3928,1420,207,18.97584541062802,350,NA,NA,2478.2334384858045,7.080666967102299
20260401-clam-36C-C-vs-S,/Users/sr320/Documents/GitHub/resazurin-assay-development/data/clam/20260401-clam-36C-C-vs-S/plate-G-T1.5.txt,plate-G-T1.5.txt,g,1.5,2026-04-01T09:08:55Z,25.1,"528/20,528/20",A,1,A1,NA,SELECTED,NA,SELECTED,NA,NA,TWEED,1,NA,NA,NA,NA,1.585,FALSE,FALSE,NA,parsed_table,FALSE,6578,2650,257,25.595330739299612,350,NA,NA,4150.157728706625,11.857593510590355
20260401-clam-36C-C-vs-S,/Users/sr320/Documents/GitHub/resazurin-assay-development/data/clam/20260401-clam-36C-C-vs-S/plate-G-T2.0.txt,plate-G-T2.0.txt,g,2,2026-04-01T09:40:33Z,25.4,"528/20,528/20",A,1,A1,NA,SELECTED,NA,SELECTED,NA,NA,TWEED,1,NA,NA,NA,NA,1.585,FALSE,FALSE,NA,parsed_table,FALSE,8758,2180,259,33.81467181467181,350,NA,NA,5525.552050473187,15.78729157278053
20260401-clam-36C-C-vs-S,/Users/sr320/Documents/GitHub/resazurin-assay-development/data/clam/20260401-clam-36C-C-vs-S/plate-G-T2.5.txt,plate-G-T2.5.txt,g,2.5,2026-04-01T10:13:05Z,25.7,"528/20,528/20",A,1,A1,NA,SELECTED,NA,SELECTED,NA,NA,TWEED,1,NA,NA,NA,NA,1.585,FALSE,FALSE,NA,parsed_table,FALSE,9141,383,257,35.568093385214006,350,NA,NA,5767.192429022082,16.477692654348804
20260401-clam-36C-C-vs-S,/Users/sr320/Documents/GitHub/resazurin-assay-development/data/clam/20260401-clam-36C-C-vs-S/plate-G-T3.0.txt,plate-G-T3.0.txt,g,3,2026-04-01T11:21:58Z,26.1,"528/20,528/20",A,1,A1,NA,SELECTED,NA,SELECTED,NA,NA,TWEED,1,NA,NA,NA,NA,1.585,FALSE,FALSE,NA,parsed_table,FALSE,8944,-197,260,34.4,350,NA,NA,5642.902208201893,16.122577737719695
20260401-clam-36C-C-vs-S,/Users/sr320/Documents/GitHub/resazurin-assay-development/data/clam/20260401-clam-36C-C-vs-S/plate-G-T3.5.txt,plate-G-T3.5.txt,g,3.5,2026-04-01T11:56:54Z,26.4,"528/20,528/20",A,1,A1,NA,SELECTED,NA,SELECTED,NA,NA,TWEED,1,NA,NA,NA,NA,1.585,FALSE,FALSE,NA,parsed_table,FALSE,8743,-201,263,33.243346007604565,350,NA,NA,5516.08832807571,15.7602523659306
20260401-clam-36C-C-vs-S,/Users/sr320/Documents/GitHub/resazurin-assay-development/data/clam/20260401-clam-36C-C-vs-S/plate-G-T4.0.txt,plate-G-T4.0.txt,g,4,2026-04-01T12:28:37Z,26.4,"528/20,528/20",A,1,A1,NA,SELECTED,NA,SELECTED,NA,NA,TWEED,1,NA,NA,NA,NA,1.585,FALSE,FALSE,NA,parsed_table,FALSE,9081,338,263,34.52851711026616,350,NA,NA,5729.3375394321765,16.369535826949075
20260401-clam-36C-C-vs-S,/Users/sr320/Documents/GitHub/resazurin-assay-development/data/clam/20260401-clam-36C-C-vs-S/plate-G-T0.0.txt,plate-G-T0.0.txt,g,0,2026-04-01T07:31:03Z,23,"528/20,528/20",A,2,A2,NA,SELECTED,NA,SELECTED,NA,NA,BLUE,2,NA,NA,NA,NA,1.311,FALSE,FALSE,NA,parsed_table,FALSE,75,0,73,1.0273972602739727,75,NA,NA,57.20823798627003,0.7627765064836003
20260401-clam-36C-C-vs-S,/Users/sr320/Documents/GitHub/resazurin-assay-development/data/clam/20260401-clam-36C-C-vs-S/plate-G-T0.5.txt,plate-G-T0.5.txt,g,0.5,2026-04-01T08:05:24Z,23.8,"528/20,528/20",A,2,A2,NA,SELECTED,NA,SELECTED,NA,NA,BLUE,2,NA,NA,NA,NA,1.311,FALSE,FALSE,NA,parsed_table,FALSE,1340,1265,212,6.320754716981132,75,NA,NA,1022.1205186880245,13.628273582506994
20260401-clam-36C-C-vs-S,/Users/sr320/Documents/GitHub/resazurin-assay-development/data/clam/20260401-clam-36C-C-vs-S/plate-G-T1.0.txt,plate-G-T1.0.txt,g,1,2026-04-01T08:36:50Z,24.5,"528/20,528/20",A,2,A2,NA,SELECTED,NA,SELECTED,NA,NA,BLUE,2,NA,NA,NA,NA,1.311,FALSE,FALSE,NA,parsed_table,FALSE,3150,1810,207,15.217391304347826,75,NA,NA,2402.745995423341,32.036613272311214
20260401-clam-36C-C-vs-S,/Users/sr320/Documents/GitHub/resazurin-assay-development/data/clam/20260401-clam-36C-C-vs-S/plate-G-T1.5.txt,plate-G-T1.5.txt,g,1.5,2026-04-01T09:08:55Z,25.1,"528/20,528/20",A,2,A2,NA,SELECTED,NA,SELECTED,NA,NA,BLUE,2,NA,NA,NA,NA,1.311,FALSE,FALSE,NA,parsed_table,FALSE,3660,510,257,14.24124513618677,75,NA,NA,2791.7620137299773,37.22349351639969
20260401-clam-36C-C-vs-S,/Users/sr320/Documents/GitHub/resazurin-assay-development/data/clam/20260401-clam-36C-C-vs-S/plate-G-T2.0.txt,plate-G-T2.0.txt,g,2,2026-04-01T09:40:33Z,25.4,"528/20,528/20",A,2,A2,NA,SELECTED,NA,SELECTED,NA,NA,BLUE,2,NA,NA,NA,NA,1.311,FALSE,FALSE,NA,parsed_table,FALSE,4836,1176,259,18.671814671814673,75,NA,NA,3688.7871853546912,49.183829138062556
20260401-clam-36C-C-vs-S,/Users/sr320/Documents/GitHub/resazurin-assay-development/data/clam/20260401-clam-36C-C-vs-S/plate-G-T2.5.txt,plate-G-T2.5.txt,g,2.5,2026-04-01T10:13:05Z,25.7,"528/20,528/20",A,2,A2,NA,SELECTED,NA,SELECTED,NA,NA,BLUE,2,NA,NA,NA,NA,1.311,FALSE,FALSE,NA,parsed_table,FALSE,5706,870,257,22.202334630350194,75,NA,NA,4352.402745995423,58.03203661327231
20260401-clam-36C-C-vs-S,/Users/sr320/Documents/GitHub/resazurin-assay-development/data/clam/20260401-clam-36C-C-vs-S/plate-G-T3.0.txt,plate-G-T3.0.txt,g,3,2026-04-01T11:21:58Z,26.1,"528/20,528/20",A,2,A2,NA,SELECTED,NA,SELECTED,NA,NA,BLUE,2,NA,NA,NA,NA,1.311,FALSE,FALSE,NA,parsed_table,FALSE,8048,2342,260,30.953846153846154,75,NA,NA,6138.825324180016,81.85100432240021
20260401-clam-36C-C-vs-S,/Users/sr320/Documents/GitHub/resazurin-assay-development/data/clam/20260401-clam-36C-C-vs-S/plate-G-T3.5.txt,plate-G-T3.5.txt,g,3.5,2026-04-01T11:56:54Z,26.4,"528/20,528/20",A,2,A2,NA,SELECTED,NA,SELECTED,NA,NA,BLUE,2,NA,NA,NA,NA,1.311,FALSE,FALSE,NA,parsed_table,FALSE,8138,90,263,30.94296577946768,75,NA,NA,6207.475209763539,82.76633613018052
20260401-clam-36C-C-vs-S,/Users/sr320/Documents/GitHub/resazurin-assay-development/data/clam/20260401-clam-36C-C-vs-S/plate-G-T4.0.txt,plate-G-T4.0.txt,g,4,2026-04-01T12:28:37Z,26.4,"528/20,528/20",A,2,A2,NA,SELECTED,NA,SELECTED,NA,NA,BLUE,2,NA,NA,NA,NA,1.311,FALSE,FALSE,NA,parsed_table,FALSE,8399,261,263,31.935361216730037,75,NA,NA,6406.5598779557595,85.42079837274345
20260401-clam-36C-C-vs-S,/Users/sr320/Documents/GitHub/resazurin-assay-development/data/clam/20260401-clam-36C-C-vs-S/plate-G-T0.0.txt,plate-G-T0.0.txt,g,0,2026-04-01T07:31:03Z,23,"528/20,528/20",A,3,A3,NA,CONTROL,NA,CONTROL,NA,NA,TWEED,3,NA,NA,NA,NA,1.83,FALSE,TRUE,volume loss,parsed_table,FALSE,417,0,73,5.712328767123288,NA,NA,NA,227.86885245901638,NA
20260401-clam-36C-C-vs-S,/Users/sr320/Documents/GitHub/resazurin-assay-development/data/clam/20260401-clam-36C-C-vs-S/plate-G-T0.5.txt,plate-G-T0.5.txt,g,0.5,2026-04-01T08:05:24Z,23.8,"528/20,528/20",A,3,A3,NA,CONTROL,NA,CONTROL,NA,NA,TWEED,3,NA,NA,NA,NA,1.83,FALSE,TRUE,volume loss,parsed_table,FALSE,2231,1814,212,10.523584905660377,NA,NA,NA,1219.1256830601092,NA
20260401-clam-36C-C-vs-S,/Users/sr320/Documents/GitHub/resazurin-assay-development/data/clam/20260401-clam-36C-C-vs-S/plate-G-T1.0.txt,plate-G-T1.0.txt,g,1,2026-04-01T08:36:50Z,24.5,"528/20,528/20",A,3,A3,NA,CONTROL,NA,CONTROL,NA,NA,TWEED,3,NA,NA,NA,NA,1.83,FALSE,TRUE,volume loss,parsed_table,FALSE,5012,2781,207,24.21256038647343,NA,NA,NA,2738.7978142076504,NA
20260401-clam-36C-C-vs-S,/Users/sr320/Documents/GitHub/resazurin-assay-development/data/clam/20260401-clam-36C-C-vs-S/plate-G-T1.5.txt,plate-G-T1.5.txt,g,1.5,2026-04-01T09:08:55Z,25.1,"528/20,528/20",A,3,A3,NA,CONTROL,NA,CONTROL,NA,NA,TWEED,3,NA,NA,NA,NA,1.83,FALSE,TRUE,volume loss,parsed_table,FALSE,5572,560,257,21.68093385214008,NA,NA,NA,3044.808743169399,NA
20260401-clam-36C-C-vs-S,/Users/sr320/Documents/GitHub/resazurin-assay-development/data/clam/20260401-clam-36C-C-vs-S/plate-G-T2.0.txt,plate-G-T2.0.txt,g,2,2026-04-01T09:40:33Z,25.4,"528/20,528/20",A,3,A3,NA,CONTROL,NA,CONTROL,NA,NA,TWEED,3,NA,NA,NA,NA,1.83,FALSE,TRUE,volume loss,parsed_table,FALSE,1537,-4035,259,5.934362934362935,NA,NA,NA,839.8907103825136,NA
20260401-clam-36C-C-vs-S,/Users/sr320/Documents/GitHub/resazurin-assay-development/data/clam/20260401-clam-36C-C-vs-S/plate-G-T2.5.txt,plate-G-T2.5.txt,g,2.5,2026-04-01T10:13:05Z,25.7,"528/20,528/20",A,3,A3,NA,CONTROL,NA,CONTROL,NA,NA,TWEED,3,NA,NA,NA,NA,1.83,FALSE,TRUE,volume loss,parsed_table,FALSE,3901,2364,257,15.178988326848248,NA,NA,NA,2131.6939890710382,NA
20260401-clam-36C-C-vs-S,/Users/sr320/Documents/GitHub/resazurin-assay-development/data/clam/20260401-clam-36C-C-vs-S/plate-G-T3.0.txt,plate-G-T3.0.txt,g,3,2026-04-01T11:21:58Z,26.1,"528/20,528/20",A,3,A3,NA,CONTROL,NA,CONTROL,NA,NA,TWEED,3,NA,NA,NA,NA,1.83,FALSE,TRUE,volume loss,parsed_table,FALSE,4266,365,260,16.407692307692308,NA,NA,NA,2331.1475409836066,NA
20260401-clam-36C-C-vs-S,/Users/sr320/Documents/GitHub/resazurin-assay-development/data/clam/20260401-clam-36C-C-vs-S/plate-G-T3.5.txt,plate-G-T3.5.txt,g,3.5,2026-04-01T11:56:54Z,26.4,"528/20,528/20",A,3,A3,NA,CONTROL,NA,CONTROL,NA,NA,TWEED,3,NA,NA,NA,NA,1.83,FALSE,TRUE,volume loss,parsed_table,FALSE,1488,-2778,263,5.657794676806084,NA,NA,NA,813.1147540983607,NA
20260401-clam-36C-C-vs-S,/Users/sr320/Documents/GitHub/resazurin-assay-development/data/clam/20260401-clam-36C-C-vs-S/plate-G-T4.0.txt,plate-G-T4.0.txt,g,4,2026-04-01T12:28:37Z,26.4,"528/20,528/20",A,3,A3,NA,CONTROL,NA,CONTROL,NA,NA,TWEED,3,NA,NA,NA,NA,1.83,FALSE,TRUE,volume loss,parsed_table,FALSE,2649,1161,263,10.072243346007605,NA,NA,NA,1447.5409836065573,NA
20260401-clam-36C-C-vs-S,/Users/sr320/Documents/GitHub/resazurin-assay-development/data/clam/20260401-clam-36C-C-vs-S/plate-G-T0.0.txt,plate-G-T0.0.txt,g,0,2026-04-01T07:31:03Z,23,"528/20,528/20",A,4,A4,NA,CONTROL,NA,CONTROL,NA,NA,BLUE,4,NA,NA,NA,NA,0.818,FALSE,FALSE,NA,parsed_table,FALSE,326,0,73,4.465753424657534,326,NA,NA,398.5330073349634,1.2224938875305624
20260401-clam-36C-C-vs-S,/Users/sr320/Documents/GitHub/resazurin-assay-development/data/clam/20260401-clam-36C-C-vs-S/plate-G-T0.5.txt,plate-G-T0.5.txt,g,0.5,2026-04-01T08:05:24Z,23.8,"528/20,528/20",A,4,A4,NA,CONTROL,NA,CONTROL,NA,NA,BLUE,4,NA,NA,NA,NA,0.818,FALSE,FALSE,NA,parsed_table,FALSE,1848,1522,212,8.716981132075471,326,NA,NA,2259.168704156479,6.92996535017325
20260401-clam-36C-C-vs-S,/Users/sr320/Documents/GitHub/resazurin-assay-development/data/clam/20260401-clam-36C-C-vs-S/plate-G-T1.0.txt,plate-G-T1.0.txt,g,1,2026-04-01T08:36:50Z,24.5,"528/20,528/20",A,4,A4,NA,CONTROL,NA,CONTROL,NA,NA,BLUE,4,NA,NA,NA,NA,0.818,FALSE,FALSE,NA,parsed_table,FALSE,3269,1421,207,15.792270531400966,326,NA,NA,3996.3325183374086,12.258688706556468
20260401-clam-36C-C-vs-S,/Users/sr320/Documents/GitHub/resazurin-assay-development/data/clam/20260401-clam-36C-C-vs-S/plate-G-T1.5.txt,plate-G-T1.5.txt,g,1.5,2026-04-01T09:08:55Z,25.1,"528/20,528/20",A,4,A4,NA,CONTROL,NA,CONTROL,NA,NA,BLUE,4,NA,NA,NA,NA,0.818,FALSE,FALSE,NA,parsed_table,FALSE,5795,2526,257,22.54863813229572,326,NA,NA,7084.352078239609,21.73114134429328
20260401-clam-36C-C-vs-S,/Users/sr320/Documents/GitHub/resazurin-assay-development/data/clam/20260401-clam-36C-C-vs-S/plate-G-T2.0.txt,plate-G-T2.0.txt,g,2,2026-04-01T09:40:33Z,25.4,"528/20,528/20",A,4,A4,NA,CONTROL,NA,CONTROL,NA,NA,BLUE,4,NA,NA,NA,NA,0.818,FALSE,FALSE,NA,parsed_table,FALSE,7446,1651,259,28.74903474903475,326,NA,NA,9102.689486552568,27.922360388198058
20260401-clam-36C-C-vs-S,/Users/sr320/Documents/GitHub/resazurin-assay-development/data/clam/20260401-clam-36C-C-vs-S/plate-G-T2.5.txt,plate-G-T2.5.txt,g,2.5,2026-04-01T10:13:05Z,25.7,"528/20,528/20",A,4,A4,NA,CONTROL,NA,CONTROL,NA,NA,BLUE,4,NA,NA,NA,NA,0.818,FALSE,FALSE,NA,parsed_table,FALSE,9063,1617,257,35.264591439688715,326,NA,NA,11079.462102689487,33.98608006959966
20260401-clam-36C-C-vs-S,/Users/sr320/Documents/GitHub/resazurin-assay-development/data/clam/20260401-clam-36C-C-vs-S/plate-G-T3.0.txt,plate-G-T3.0.txt,g,3,2026-04-01T11:21:58Z,26.1,"528/20,528/20",A,4,A4,NA,CONTROL,NA,CONTROL,NA,NA,BLUE,4,NA,NA,NA,NA,0.818,FALSE,FALSE,NA,parsed_table,FALSE,10336,1273,260,39.753846153846155,326,NA,NA,12635.696821515894,38.759806200969
20260401-clam-36C-C-vs-S,/Users/sr320/Documents/GitHub/resazurin-assay-development/data/clam/20260401-clam-36C-C-vs-S/plate-G-T3.5.txt,plate-G-T3.5.txt,g,3.5,2026-04-01T11:56:54Z,26.4,"528/20,528/20",A,4,A4,NA,CONTROL,NA,CONTROL,NA,NA,BLUE,4,NA,NA,NA,NA,0.818,FALSE,FALSE,NA,parsed_table,FALSE,10475,139,263,39.82889733840304,326,NA,NA,12805.623471882642,39.28105359473203
20260401-clam-36C-C-vs-S,/Users/sr320/Documents/GitHub/resazurin-assay-development/data/clam/20260401-clam-36C-C-vs-S/plate-G-T4.0.txt,plate-G-T4.0.txt,g,4,2026-04-01T12:28:37Z,26.4,"528/20,528/20",A,4,A4,NA,CONTROL,NA,CONTROL,NA,NA,BLUE,4,NA,NA,NA,NA,0.818,FALSE,FALSE,NA,parsed_table,FALSE,10533,58,263,40.049429657794676,326,NA,NA,12876.528117359414,39.49855250723747
20260401-clam-36C-C-vs-S,/Users/sr320/Documents/GitHub/resazurin-assay-development/data/clam/20260401-clam-36C-C-vs-S/plate-G-T0.0.txt,plate-G-T0.0.txt,g,0,2026-04-01T07:31:03Z,23,"528/20,528/20",A,5,A5,NA,NA,NA,NA,NA,NA,NA,NA,NA,NA,NA,NA,NA,FALSE,FALSE,NA,missing_or_unparsed,FALSE,303,0,73,4.1506849315068495,303,NA,NA,NA,NA
20260401-clam-36C-C-vs-S,/Users/sr320/Documents/GitHub/resazurin-assay-development/data/clam/20260401-clam-36C-C-vs-S/plate-G-T0.0.txt,plate-G-T0.0.txt,g,0,2026-04-01T07:31:03Z,23,"528/20,528/20",A,6,A6,NA,NA,NA,NA,NA,NA,NA,NA,NA,NA,NA,NA,NA,FALSE,FALSE,NA,missing_or_unparsed,FALSE,360,0,73,4.931506849315069,360,NA,NA,NA,NA
20260401-clam-36C-C-vs-S,/Users/sr320/Documents/GitHub/resazurin-assay-development/data/clam/20260401-clam-36C-C-vs-S/plate-G-T0.0.txt,plate-G-T0.0.txt,g,0,2026-04-01T07:31:03Z,23,"528/20,528/20",B,1,B1,NA,SELECTED,NA,SELECTED,NA,NA,TWEED,5,NA,NA,NA,NA,1.274,FALSE,FALSE,NA,parsed_table,FALSE,122,0,73,1.6712328767123288,122,NA,NA,95.76138147566719,0.7849293563579278
20260401-clam-36C-C-vs-S,/Users/sr320/Documents/GitHub/resazurin-assay-development/data/clam/20260401-clam-36C-C-vs-S/plate-G-T0.5.txt,plate-G-T0.5.txt,g,0.5,2026-04-01T08:05:24Z,23.8,"528/20,528/20",B,1,B1,NA,SELECTED,NA,SELECTED,NA,NA,TWEED,5,NA,NA,NA,NA,1.274,FALSE,FALSE,NA,parsed_table,FALSE,1589,1467,212,7.495283018867925,122,NA,NA,1247.2527472527472,10.223383174202846
20260401-clam-36C-C-vs-S,/Users/sr320/Documents/GitHub/resazurin-assay-development/data/clam/20260401-clam-36C-C-vs-S/plate-G-T1.0.txt,plate-G-T1.0.txt,g,1,2026-04-01T08:36:50Z,24.5,"528/20,528/20",B,1,B1,NA,SELECTED,NA,SELECTED,NA,NA,TWEED,5,NA,NA,NA,NA,1.274,FALSE,FALSE,NA,parsed_table,FALSE,2826,1237,207,13.652173913043478,122,NA,NA,2218.210361067504,18.182052139897575
20260401-clam-36C-C-vs-S,/Users/sr320/Documents/GitHub/resazurin-assay-development/data/clam/20260401-clam-36C-C-vs-S/plate-G-T1.5.txt,plate-G-T1.5.txt,g,1.5,2026-04-01T09:08:55Z,25.1,"528/20,528/20",B,1,B1,NA,SELECTED,NA,SELECTED,NA,NA,TWEED,5,NA,NA,NA,NA,1.274,FALSE,FALSE,NA,parsed_table,FALSE,3844,1018,257,14.957198443579767,122,NA,NA,3017.2684458398744,24.731708572457986
20260401-clam-36C-C-vs-S,/Users/sr320/Documents/GitHub/resazurin-assay-development/data/clam/20260401-clam-36C-C-vs-S/plate-G-T2.0.txt,plate-G-T2.0.txt,g,2,2026-04-01T09:40:33Z,25.4,"528/20,528/20",B,1,B1,NA,SELECTED,NA,SELECTED,NA,NA,TWEED,5,NA,NA,NA,NA,1.274,FALSE,FALSE,NA,parsed_table,FALSE,5421,1577,259,20.93050193050193,122,NA,NA,4255.102040816327,34.877885580461694
20260401-clam-36C-C-vs-S,/Users/sr320/Documents/GitHub/resazurin-assay-development/data/clam/20260401-clam-36C-C-vs-S/plate-G-T2.5.txt,plate-G-T2.5.txt,g,2.5,2026-04-01T10:13:05Z,25.7,"528/20,528/20",B,1,B1,NA,SELECTED,NA,SELECTED,NA,NA,TWEED,5,NA,NA,NA,NA,1.274,FALSE,FALSE,NA,parsed_table,FALSE,7697,2276,257,29.94941634241245,122,NA,NA,6041.60125588697,49.521321769565326
20260401-clam-36C-C-vs-S,/Users/sr320/Documents/GitHub/resazurin-assay-development/data/clam/20260401-clam-36C-C-vs-S/plate-G-T3.0.txt,plate-G-T3.0.txt,g,3,2026-04-01T11:21:58Z,26.1,"528/20,528/20",B,1,B1,NA,SELECTED,NA,SELECTED,NA,NA,TWEED,5,NA,NA,NA,NA,1.274,FALSE,FALSE,NA,parsed_table,FALSE,10277,2580,260,39.526923076923076,122,NA,NA,8066.718995290424,66.12064750238052
20260401-clam-36C-C-vs-S,/Users/sr320/Documents/GitHub/resazurin-assay-development/data/clam/20260401-clam-36C-C-vs-S/plate-G-T3.5.txt,plate-G-T3.5.txt,g,3.5,2026-04-01T11:56:54Z,26.4,"528/20,528/20",B,1,B1,NA,SELECTED,NA,SELECTED,NA,NA,TWEED,5,NA,NA,NA,NA,1.274,FALSE,FALSE,NA,parsed_table,FALSE,10512,235,263,39.96958174904943,122,NA,NA,8251.177394034537,67.63260159044702
20260401-clam-36C-C-vs-S,/Users/sr320/Documents/GitHub/resazurin-assay-development/data/clam/20260401-clam-36C-C-vs-S/plate-G-T4.0.txt,plate-G-T4.0.txt,g,4,2026-04-01T12:28:37Z,26.4,"528/20,528/20",B,1,B1,NA,SELECTED,NA,SELECTED,NA,NA,TWEED,5,NA,NA,NA,NA,1.274,FALSE,FALSE,NA,parsed_table,FALSE,10517,5,263,39.98859315589353,122,NA,NA,8255.102040816326,67.66477082636332
20260401-clam-36C-C-vs-S,/Users/sr320/Documents/GitHub/resazurin-assay-development/data/clam/20260401-clam-36C-C-vs-S/plate-G-T0.0.txt,plate-G-T0.0.txt,g,0,2026-04-01T07:31:03Z,23,"528/20,528/20",B,2,B2,NA,SELECTED,NA,SELECTED,NA,NA,BLUE,6,NA,NA,NA,NA,0.858,FALSE,FALSE,NA,parsed_table,FALSE,2,0,73,0.0273972602739726,2,NA,NA,2.331002331002331,1.1655011655011656
20260401-clam-36C-C-vs-S,/Users/sr320/Documents/GitHub/resazurin-assay-development/data/clam/20260401-clam-36C-C-vs-S/plate-G-T0.5.txt,plate-G-T0.5.txt,g,0.5,2026-04-01T08:05:24Z,23.8,"528/20,528/20",B,2,B2,NA,SELECTED,NA,SELECTED,NA,NA,BLUE,6,NA,NA,NA,NA,0.858,FALSE,FALSE,NA,parsed_table,FALSE,887,885,212,4.183962264150943,2,NA,NA,1033.7995337995337,516.8997668997669
20260401-clam-36C-C-vs-S,/Users/sr320/Documents/GitHub/resazurin-assay-development/data/clam/20260401-clam-36C-C-vs-S/plate-G-T1.0.txt,plate-G-T1.0.txt,g,1,2026-04-01T08:36:50Z,24.5,"528/20,528/20",B,2,B2,NA,SELECTED,NA,SELECTED,NA,NA,BLUE,6,NA,NA,NA,NA,0.858,FALSE,FALSE,NA,parsed_table,FALSE,1848,961,207,8.927536231884059,2,NA,NA,2153.846153846154,1076.923076923077
20260401-clam-36C-C-vs-S,/Users/sr320/Documents/GitHub/resazurin-assay-development/data/clam/20260401-clam-36C-C-vs-S/plate-G-T1.5.txt,plate-G-T1.5.txt,g,1.5,2026-04-01T09:08:55Z,25.1,"528/20,528/20",B,2,B2,NA,SELECTED,NA,SELECTED,NA,NA,BLUE,6,NA,NA,NA,NA,0.858,FALSE,FALSE,NA,parsed_table,FALSE,2516,668,257,9.789883268482491,2,NA,NA,2932.4009324009326,1466.2004662004663
20260401-clam-36C-C-vs-S,/Users/sr320/Documents/GitHub/resazurin-assay-development/data/clam/20260401-clam-36C-C-vs-S/plate-G-T2.0.txt,plate-G-T2.0.txt,g,2,2026-04-01T09:40:33Z,25.4,"528/20,528/20",B,2,B2,NA,SELECTED,NA,SELECTED,NA,NA,BLUE,6,NA,NA,NA,NA,0.858,FALSE,FALSE,NA,parsed_table,FALSE,3130,614,259,12.084942084942085,2,NA,NA,3648.018648018648,1824.009324009324
20260401-clam-36C-C-vs-S,/Users/sr320/Documents/GitHub/resazurin-assay-development/data/clam/20260401-clam-36C-C-vs-S/plate-G-T2.5.txt,plate-G-T2.5.txt,g,2.5,2026-04-01T10:13:05Z,25.7,"528/20,528/20",B,2,B2,NA,SELECTED,NA,SELECTED,NA,NA,BLUE,6,NA,NA,NA,NA,0.858,FALSE,FALSE,NA,parsed_table,FALSE,3937,807,257,15.319066147859923,2,NA,NA,4588.578088578089,2294.2890442890443
20260401-clam-36C-C-vs-S,/Users/sr320/Documents/GitHub/resazurin-assay-development/data/clam/20260401-clam-36C-C-vs-S/plate-G-T3.0.txt,plate-G-T3.0.txt,g,3,2026-04-01T11:21:58Z,26.1,"528/20,528/20",B,2,B2,NA,SELECTED,NA,SELECTED,NA,NA,BLUE,6,NA,NA,NA,NA,0.858,FALSE,FALSE,NA,parsed_table,FALSE,5245,1308,260,20.173076923076923,2,NA,NA,6113.053613053613,3056.5268065268065
20260401-clam-36C-C-vs-S,/Users/sr320/Documents/GitHub/resazurin-assay-development/data/clam/20260401-clam-36C-C-vs-S/plate-G-T3.5.txt,plate-G-T3.5.txt,g,3.5,2026-04-01T11:56:54Z,26.4,"528/20,528/20",B,2,B2,NA,SELECTED,NA,SELECTED,NA,NA,BLUE,6,NA,NA,NA,NA,0.858,FALSE,FALSE,NA,parsed_table,FALSE,5777,532,263,21.96577946768061,2,NA,NA,6733.100233100233,3366.5501165501164
20260401-clam-36C-C-vs-S,/Users/sr320/Documents/GitHub/resazurin-assay-development/data/clam/20260401-clam-36C-C-vs-S/plate-G-T4.0.txt,plate-G-T4.0.txt,g,4,2026-04-01T12:28:37Z,26.4,"528/20,528/20",B,2,B2,NA,SELECTED,NA,SELECTED,NA,NA,BLUE,6,NA,NA,NA,NA,0.858,FALSE,FALSE,NA,parsed_table,FALSE,6102,325,263,23.20152091254753,2,NA,NA,7111.888111888112,3555.944055944056
20260401-clam-36C-C-vs-S,/Users/sr320/Documents/GitHub/resazurin-assay-development/data/clam/20260401-clam-36C-C-vs-S/plate-G-T0.0.txt,plate-G-T0.0.txt,g,0,2026-04-01T07:31:03Z,23,"528/20,528/20",B,3,B3,NA,CONTROL,NA,CONTROL,NA,NA,TWEED,7,NA,NA,NA,NA,1.162,FALSE,FALSE,NA,parsed_table,FALSE,255,0,73,3.493150684931507,255,NA,NA,219.44922547332186,0.8605851979345955
20260401-clam-36C-C-vs-S,/Users/sr320/Documents/GitHub/resazurin-assay-development/data/clam/20260401-clam-36C-C-vs-S/plate-G-T0.5.txt,plate-G-T0.5.txt,g,0.5,2026-04-01T08:05:24Z,23.8,"528/20,528/20",B,3,B3,NA,CONTROL,NA,CONTROL,NA,NA,TWEED,7,NA,NA,NA,NA,1.162,FALSE,FALSE,NA,parsed_table,FALSE,1270,1015,212,5.990566037735849,255,NA,NA,1092.9432013769365,4.286051770105633
20260401-clam-36C-C-vs-S,/Users/sr320/Documents/GitHub/resazurin-assay-development/data/clam/20260401-clam-36C-C-vs-S/plate-G-T1.0.txt,plate-G-T1.0.txt,g,1,2026-04-01T08:36:50Z,24.5,"528/20,528/20",B,3,B3,NA,CONTROL,NA,CONTROL,NA,NA,TWEED,7,NA,NA,NA,NA,1.162,FALSE,FALSE,NA,parsed_table,FALSE,1666,396,207,8.048309178743962,255,NA,NA,1433.7349397590363,5.622489959839358
20260401-clam-36C-C-vs-S,/Users/sr320/Documents/GitHub/resazurin-assay-development/data/clam/20260401-clam-36C-C-vs-S/plate-G-T1.5.txt,plate-G-T1.5.txt,g,1.5,2026-04-01T09:08:55Z,25.1,"528/20,528/20",B,3,B3,NA,CONTROL,NA,CONTROL,NA,NA,TWEED,7,NA,NA,NA,NA,1.162,FALSE,FALSE,NA,parsed_table,FALSE,2570,904,257,10,255,NA,NA,2211.7039586919104,8.673348857615336
20260401-clam-36C-C-vs-S,/Users/sr320/Documents/GitHub/resazurin-assay-development/data/clam/20260401-clam-36C-C-vs-S/plate-G-T2.0.txt,plate-G-T2.0.txt,g,2,2026-04-01T09:40:33Z,25.4,"528/20,528/20",B,3,B3,NA,CONTROL,NA,CONTROL,NA,NA,TWEED,7,NA,NA,NA,NA,1.162,FALSE,FALSE,NA,parsed_table,FALSE,3475,905,259,13.416988416988417,255,NA,NA,2990.5335628227194,11.727582599304782
20260401-clam-36C-C-vs-S,/Users/sr320/Documents/GitHub/resazurin-assay-development/data/clam/20260401-clam-36C-C-vs-S/plate-G-T2.5.txt,plate-G-T2.5.txt,g,2.5,2026-04-01T10:13:05Z,25.7,"528/20,528/20",B,3,B3,NA,CONTROL,NA,CONTROL,NA,NA,TWEED,7,NA,NA,NA,NA,1.162,FALSE,FALSE,NA,parsed_table,FALSE,5204,1729,257,20.249027237354085,255,NA,NA,4478.485370051635,17.562687725692687
20260401-clam-36C-C-vs-S,/Users/sr320/Documents/GitHub/resazurin-assay-development/data/clam/20260401-clam-36C-C-vs-S/plate-G-T3.0.txt,plate-G-T3.0.txt,g,3,2026-04-01T11:21:58Z,26.1,"528/20,528/20",B,3,B3,NA,CONTROL,NA,CONTROL,NA,NA,TWEED,7,NA,NA,NA,NA,1.162,FALSE,FALSE,NA,parsed_table,FALSE,7642,2438,260,29.392307692307693,255,NA,NA,6576.592082616179,25.790557186730116
20260401-clam-36C-C-vs-S,/Users/sr320/Documents/GitHub/resazurin-assay-development/data/clam/20260401-clam-36C-C-vs-S/plate-G-T3.5.txt,plate-G-T3.5.txt,g,3.5,2026-04-01T11:56:54Z,26.4,"528/20,528/20",B,3,B3,NA,CONTROL,NA,CONTROL,NA,NA,TWEED,7,NA,NA,NA,NA,1.162,FALSE,FALSE,NA,parsed_table,FALSE,8244,602,263,31.346007604562736,255,NA,NA,7094.664371772806,27.822213222638453
20260401-clam-36C-C-vs-S,/Users/sr320/Documents/GitHub/resazurin-assay-development/data/clam/20260401-clam-36C-C-vs-S/plate-G-T4.0.txt,plate-G-T4.0.txt,g,4,2026-04-01T12:28:37Z,26.4,"528/20,528/20",B,3,B3,NA,CONTROL,NA,CONTROL,NA,NA,TWEED,7,NA,NA,NA,NA,1.162,FALSE,FALSE,NA,parsed_table,FALSE,8647,403,263,32.87832699619772,255,NA,NA,7441.480206540448,29.18227531976646
20260401-clam-36C-C-vs-S,/Users/sr320/Documents/GitHub/resazurin-assay-development/data/clam/20260401-clam-36C-C-vs-S/plate-G-T0.0.txt,plate-G-T0.0.txt,g,0,2026-04-01T07:31:03Z,23,"528/20,528/20",B,4,B4,NA,CONTROL,NA,CONTROL,NA,NA,BLUE,8,NA,NA,NA,NA,0.976,FALSE,FALSE,NA,parsed_table,FALSE,353,0,73,4.835616438356165,353,NA,NA,361.6803278688525,1.0245901639344261
20260401-clam-36C-C-vs-S,/Users/sr320/Documents/GitHub/resazurin-assay-development/data/clam/20260401-clam-36C-C-vs-S/plate-G-T0.5.txt,plate-G-T0.5.txt,g,0.5,2026-04-01T08:05:24Z,23.8,"528/20,528/20",B,4,B4,NA,CONTROL,NA,CONTROL,NA,NA,BLUE,8,NA,NA,NA,NA,0.976,FALSE,FALSE,NA,parsed_table,FALSE,1706,1353,212,8.047169811320755,353,NA,NA,1747.9508196721313,4.95170203873125
20260401-clam-36C-C-vs-S,/Users/sr320/Documents/GitHub/resazurin-assay-development/data/clam/20260401-clam-36C-C-vs-S/plate-G-T1.0.txt,plate-G-T1.0.txt,g,1,2026-04-01T08:36:50Z,24.5,"528/20,528/20",B,4,B4,NA,CONTROL,NA,CONTROL,NA,NA,BLUE,8,NA,NA,NA,NA,0.976,FALSE,FALSE,NA,parsed_table,FALSE,3816,2110,207,18.434782608695652,353,NA,NA,3909.8360655737706,11.076022848650908
20260401-clam-36C-C-vs-S,/Users/sr320/Documents/GitHub/resazurin-assay-development/data/clam/20260401-clam-36C-C-vs-S/plate-G-T1.5.txt,plate-G-T1.5.txt,g,1.5,2026-04-01T09:08:55Z,25.1,"528/20,528/20",B,4,B4,NA,CONTROL,NA,CONTROL,NA,NA,BLUE,8,NA,NA,NA,NA,0.976,FALSE,FALSE,NA,parsed_table,FALSE,6351,2535,257,24.71206225680934,353,NA,NA,6507.172131147541,18.433915385687087
20260401-clam-36C-C-vs-S,/Users/sr320/Documents/GitHub/resazurin-assay-development/data/clam/20260401-clam-36C-C-vs-S/plate-G-T2.0.txt,plate-G-T2.0.txt,g,2,2026-04-01T09:40:33Z,25.4,"528/20,528/20",B,4,B4,NA,CONTROL,NA,CONTROL,NA,NA,BLUE,8,NA,NA,NA,NA,0.976,FALSE,FALSE,NA,parsed_table,FALSE,7495,1144,259,28.93822393822394,353,NA,NA,7679.303278688525,21.754400222913667
20260401-clam-36C-C-vs-S,/Users/sr320/Documents/GitHub/resazurin-assay-development/data/clam/20260401-clam-36C-C-vs-S/plate-G-T2.5.txt,plate-G-T2.5.txt,g,2.5,2026-04-01T10:13:05Z,25.7,"528/20,528/20",B,4,B4,NA,CONTROL,NA,CONTROL,NA,NA,BLUE,8,NA,NA,NA,NA,0.976,FALSE,FALSE,NA,parsed_table,FALSE,8262,767,257,32.14785992217899,353,NA,NA,8465.16393442623,23.98063437514513
20260401-clam-36C-C-vs-S,/Users/sr320/Documents/GitHub/resazurin-assay-development/data/clam/20260401-clam-36C-C-vs-S/plate-G-T3.0.txt,plate-G-T3.0.txt,g,3,2026-04-01T11:21:58Z,26.1,"528/20,528/20",B,4,B4,NA,CONTROL,NA,CONTROL,NA,NA,BLUE,8,NA,NA,NA,NA,0.976,FALSE,FALSE,NA,parsed_table,FALSE,9797,1535,260,37.68076923076923,353,NA,NA,10037.909836065573,28.436005201318906
20260401-clam-36C-C-vs-S,/Users/sr320/Documents/GitHub/resazurin-assay-development/data/clam/20260401-clam-36C-C-vs-S/plate-G-T3.5.txt,plate-G-T3.5.txt,g,3.5,2026-04-01T11:56:54Z,26.4,"528/20,528/20",B,4,B4,NA,CONTROL,NA,CONTROL,NA,NA,BLUE,8,NA,NA,NA,NA,0.976,FALSE,FALSE,NA,parsed_table,FALSE,10322,525,263,39.247148288973385,353,NA,NA,10575.819672131147,29.959829099521663
20260401-clam-36C-C-vs-S,/Users/sr320/Documents/GitHub/resazurin-assay-development/data/clam/20260401-clam-36C-C-vs-S/plate-G-T4.0.txt,plate-G-T4.0.txt,g,4,2026-04-01T12:28:37Z,26.4,"528/20,528/20",B,4,B4,NA,CONTROL,NA,CONTROL,NA,NA,BLUE,8,NA,NA,NA,NA,0.976,FALSE,FALSE,NA,parsed_table,FALSE,10411,89,263,39.58555133079848,353,NA,NA,10667.008196721312,30.218153531788417
20260401-clam-36C-C-vs-S,/Users/sr320/Documents/GitHub/resazurin-assay-development/data/clam/20260401-clam-36C-C-vs-S/plate-G-T0.0.txt,plate-G-T0.0.txt,g,0,2026-04-01T07:31:03Z,23,"528/20,528/20",B,5,B5,NA,NA,NA,NA,NA,NA,NA,NA,NA,NA,NA,NA,NA,FALSE,FALSE,NA,missing_or_unparsed,FALSE,10,0,73,0.136986301369863,10,NA,NA,NA,NA
20260401-clam-36C-C-vs-S,/Users/sr320/Documents/GitHub/resazurin-assay-development/data/clam/20260401-clam-36C-C-vs-S/plate-G-T0.0.txt,plate-G-T0.0.txt,g,0,2026-04-01T07:31:03Z,23,"528/20,528/20",B,6,B6,NA,NA,NA,NA,NA,NA,NA,NA,NA,NA,NA,NA,NA,FALSE,FALSE,NA,missing_or_unparsed,FALSE,15,0,73,0.2054794520547945,15,NA,NA,NA,NA
20260401-clam-36C-C-vs-S,/Users/sr320/Documents/GitHub/resazurin-assay-development/data/clam/20260401-clam-36C-C-vs-S/plate-G-T0.0.txt,plate-G-T0.0.txt,g,0,2026-04-01T07:31:03Z,23,"528/20,528/20",C,1,C1,NA,NA,NA,NA,NA,NA,NA,NA,NA,NA,NA,NA,NA,TRUE,FALSE,NA,parsed_table,FALSE,73,0,73,1,NA,NA,NA,NA,NA
20260401-clam-36C-C-vs-S,/Users/sr320/Documents/GitHub/resazurin-assay-development/data/clam/20260401-clam-36C-C-vs-S/plate-G-T0.5.txt,plate-G-T0.5.txt,g,0.5,2026-04-01T08:05:24Z,23.8,"528/20,528/20",C,1,C1,NA,NA,NA,NA,NA,NA,NA,NA,NA,NA,NA,NA,NA,TRUE,FALSE,NA,parsed_table,FALSE,212,139,212,1,NA,NA,NA,NA,NA
20260401-clam-36C-C-vs-S,/Users/sr320/Documents/GitHub/resazurin-assay-development/data/clam/20260401-clam-36C-C-vs-S/plate-G-T1.0.txt,plate-G-T1.0.txt,g,1,2026-04-01T08:36:50Z,24.5,"528/20,528/20",C,1,C1,NA,NA,NA,NA,NA,NA,NA,NA,NA,NA,NA,NA,NA,TRUE,FALSE,NA,parsed_table,FALSE,207,-5,207,1,NA,NA,NA,NA,NA
20260401-clam-36C-C-vs-S,/Users/sr320/Documents/GitHub/resazurin-assay-development/data/clam/20260401-clam-36C-C-vs-S/plate-G-T1.5.txt,plate-G-T1.5.txt,g,1.5,2026-04-01T09:08:55Z,25.1,"528/20,528/20",C,1,C1,NA,NA,NA,NA,NA,NA,NA,NA,NA,NA,NA,NA,NA,TRUE,FALSE,NA,parsed_table,FALSE,257,50,257,1,NA,NA,NA,NA,NA
20260401-clam-36C-C-vs-S,/Users/sr320/Documents/GitHub/resazurin-assay-development/data/clam/20260401-clam-36C-C-vs-S/plate-G-T2.0.txt,plate-G-T2.0.txt,g,2,2026-04-01T09:40:33Z,25.4,"528/20,528/20",C,1,C1,NA,NA,NA,NA,NA,NA,NA,NA,NA,NA,NA,NA,NA,TRUE,FALSE,NA,parsed_table,FALSE,259,2,259,1,NA,NA,NA,NA,NA
20260401-clam-36C-C-vs-S,/Users/sr320/Documents/GitHub/resazurin-assay-development/data/clam/20260401-clam-36C-C-vs-S/plate-G-T2.5.txt,plate-G-T2.5.txt,g,2.5,2026-04-01T10:13:05Z,25.7,"528/20,528/20",C,1,C1,NA,NA,NA,NA,NA,NA,NA,NA,NA,NA,NA,NA,NA,TRUE,FALSE,NA,parsed_table,FALSE,257,-2,257,1,NA,NA,NA,NA,NA
20260401-clam-36C-C-vs-S,/Users/sr320/Documents/GitHub/resazurin-assay-development/data/clam/20260401-clam-36C-C-vs-S/plate-G-T3.0.txt,plate-G-T3.0.txt,g,3,2026-04-01T11:21:58Z,26.1,"528/20,528/20",C,1,C1,NA,NA,NA,NA,NA,NA,NA,NA,NA,NA,NA,NA,NA,TRUE,FALSE,NA,parsed_table,FALSE,260,3,260,1,NA,NA,NA,NA,NA
20260401-clam-36C-C-vs-S,/Users/sr320/Documents/GitHub/resazurin-assay-development/data/clam/20260401-clam-36C-C-vs-S/plate-G-T3.5.txt,plate-G-T3.5.txt,g,3.5,2026-04-01T11:56:54Z,26.4,"528/20,528/20",C,1,C1,NA,NA,NA,NA,NA,NA,NA,NA,NA,NA,NA,NA,NA,TRUE,FALSE,NA,parsed_table,FALSE,263,3,263,1,NA,NA,NA,NA,NA
20260401-clam-36C-C-vs-S,/Users/sr320/Documents/GitHub/resazurin-assay-development/data/clam/20260401-clam-36C-C-vs-S/plate-G-T4.0.txt,plate-G-T4.0.txt,g,4,2026-04-01T12:28:37Z,26.4,"528/20,528/20",C,1,C1,NA,NA,NA,NA,NA,NA,NA,NA,NA,NA,NA,NA,NA,TRUE,FALSE,NA,parsed_table,FALSE,263,0,263,1,NA,NA,NA,NA,NA
20260401-clam-36C-C-vs-S,/Users/sr320/Documents/GitHub/resazurin-assay-development/data/clam/20260401-clam-36C-C-vs-S/plate-G-T0.0.txt,plate-G-T0.0.txt,g,0,2026-04-01T07:31:03Z,23,"528/20,528/20",C,2,C2,NA,SELECTED,NA,SELECTED,NA,NA,BLUE,10,NA,NA,NA,NA,1.172,FALSE,FALSE,NA,parsed_table,FALSE,1,0,73,0.0136986301369863,1,NA,NA,0.8532423208191127,0.8532423208191127
20260401-clam-36C-C-vs-S,/Users/sr320/Documents/GitHub/resazurin-assay-development/data/clam/20260401-clam-36C-C-vs-S/plate-G-T0.5.txt,plate-G-T0.5.txt,g,0.5,2026-04-01T08:05:24Z,23.8,"528/20,528/20",C,2,C2,NA,SELECTED,NA,SELECTED,NA,NA,BLUE,10,NA,NA,NA,NA,1.172,FALSE,FALSE,NA,parsed_table,FALSE,1524,1523,212,7.188679245283019,1,NA,NA,1300.3412969283277,1300.3412969283277
20260401-clam-36C-C-vs-S,/Users/sr320/Documents/GitHub/resazurin-assay-development/data/clam/20260401-clam-36C-C-vs-S/plate-G-T1.0.txt,plate-G-T1.0.txt,g,1,2026-04-01T08:36:50Z,24.5,"528/20,528/20",C,2,C2,NA,SELECTED,NA,SELECTED,NA,NA,BLUE,10,NA,NA,NA,NA,1.172,FALSE,FALSE,NA,parsed_table,FALSE,2416,892,207,11.671497584541063,1,NA,NA,2061.433447098976,2061.433447098976
20260401-clam-36C-C-vs-S,/Users/sr320/Documents/GitHub/resazurin-assay-development/data/clam/20260401-clam-36C-C-vs-S/plate-G-T1.5.txt,plate-G-T1.5.txt,g,1.5,2026-04-01T09:08:55Z,25.1,"528/20,528/20",C,2,C2,NA,SELECTED,NA,SELECTED,NA,NA,BLUE,10,NA,NA,NA,NA,1.172,FALSE,FALSE,NA,parsed_table,FALSE,4553,2137,257,17.715953307392997,1,NA,NA,3884.81228668942,3884.81228668942
20260401-clam-36C-C-vs-S,/Users/sr320/Documents/GitHub/resazurin-assay-development/data/clam/20260401-clam-36C-C-vs-S/plate-G-T2.0.txt,plate-G-T2.0.txt,g,2,2026-04-01T09:40:33Z,25.4,"528/20,528/20",C,2,C2,NA,SELECTED,NA,SELECTED,NA,NA,BLUE,10,NA,NA,NA,NA,1.172,FALSE,FALSE,NA,parsed_table,FALSE,5091,538,259,19.656370656370655,1,NA,NA,4343.856655290103,4343.856655290103
20260401-clam-36C-C-vs-S,/Users/sr320/Documents/GitHub/resazurin-assay-development/data/clam/20260401-clam-36C-C-vs-S/plate-G-T2.5.txt,plate-G-T2.5.txt,g,2.5,2026-04-01T10:13:05Z,25.7,"528/20,528/20",C,2,C2,NA,SELECTED,NA,SELECTED,NA,NA,BLUE,10,NA,NA,NA,NA,1.172,FALSE,FALSE,NA,parsed_table,FALSE,5939,848,257,23.108949416342412,1,NA,NA,5067.4061433447105,5067.4061433447105
20260401-clam-36C-C-vs-S,/Users/sr320/Documents/GitHub/resazurin-assay-development/data/clam/20260401-clam-36C-C-vs-S/plate-G-T3.0.txt,plate-G-T3.0.txt,g,3,2026-04-01T11:21:58Z,26.1,"528/20,528/20",C,2,C2,NA,SELECTED,NA,SELECTED,NA,NA,BLUE,10,NA,NA,NA,NA,1.172,FALSE,FALSE,NA,parsed_table,FALSE,8549,2610,260,32.88076923076923,1,NA,NA,7294.368600682595,7294.368600682595
20260401-clam-36C-C-vs-S,/Users/sr320/Documents/GitHub/resazurin-assay-development/data/clam/20260401-clam-36C-C-vs-S/plate-G-T3.5.txt,plate-G-T3.5.txt,g,3.5,2026-04-01T11:56:54Z,26.4,"528/20,528/20",C,2,C2,NA,SELECTED,NA,SELECTED,NA,NA,BLUE,10,NA,NA,NA,NA,1.172,FALSE,FALSE,NA,parsed_table,FALSE,8880,331,263,33.76425855513308,1,NA,NA,7576.791808873721,7576.791808873721
20260401-clam-36C-C-vs-S,/Users/sr320/Documents/GitHub/resazurin-assay-development/data/clam/20260401-clam-36C-C-vs-S/plate-G-T4.0.txt,plate-G-T4.0.txt,g,4,2026-04-01T12:28:37Z,26.4,"528/20,528/20",C,2,C2,NA,SELECTED,NA,SELECTED,NA,NA,BLUE,10,NA,NA,NA,NA,1.172,FALSE,FALSE,NA,parsed_table,FALSE,9321,441,263,35.44106463878327,1,NA,NA,7953.071672354949,7953.071672354949
20260401-clam-36C-C-vs-S,/Users/sr320/Documents/GitHub/resazurin-assay-development/data/clam/20260401-clam-36C-C-vs-S/plate-G-T0.0.txt,plate-G-T0.0.txt,g,0,2026-04-01T07:31:03Z,23,"528/20,528/20",C,3,C3,NA,CONTROL,NA,CONTROL,NA,NA,TWEED,11,NA,NA,NA,NA,0.858,FALSE,FALSE,NA,parsed_table,FALSE,212,0,73,2.904109589041096,212,NA,NA,247.08624708624708,1.1655011655011656
20260401-clam-36C-C-vs-S,/Users/sr320/Documents/GitHub/resazurin-assay-development/data/clam/20260401-clam-36C-C-vs-S/plate-G-T0.5.txt,plate-G-T0.5.txt,g,0.5,2026-04-01T08:05:24Z,23.8,"528/20,528/20",C,3,C3,NA,CONTROL,NA,CONTROL,NA,NA,TWEED,11,NA,NA,NA,NA,0.858,FALSE,FALSE,NA,parsed_table,FALSE,759,547,212,3.580188679245283,212,NA,NA,884.6153846153846,4.172714078374455
20260401-clam-36C-C-vs-S,/Users/sr320/Documents/GitHub/resazurin-assay-development/data/clam/20260401-clam-36C-C-vs-S/plate-G-T1.0.txt,plate-G-T1.0.txt,g,1,2026-04-01T08:36:50Z,24.5,"528/20,528/20",C,3,C3,NA,CONTROL,NA,CONTROL,NA,NA,TWEED,11,NA,NA,NA,NA,0.858,FALSE,FALSE,NA,parsed_table,FALSE,1347,588,207,6.507246376811594,212,NA,NA,1569.93006993007,7.405330518538066
20260401-clam-36C-C-vs-S,/Users/sr320/Documents/GitHub/resazurin-assay-development/data/clam/20260401-clam-36C-C-vs-S/plate-G-T1.5.txt,plate-G-T1.5.txt,g,1.5,2026-04-01T09:08:55Z,25.1,"528/20,528/20",C,3,C3,NA,CONTROL,NA,CONTROL,NA,NA,TWEED,11,NA,NA,NA,NA,0.858,FALSE,FALSE,NA,parsed_table,FALSE,1605,258,257,6.245136186770428,212,NA,NA,1870.6293706293707,8.823723446364957
20260401-clam-36C-C-vs-S,/Users/sr320/Documents/GitHub/resazurin-assay-development/data/clam/20260401-clam-36C-C-vs-S/plate-G-T2.0.txt,plate-G-T2.0.txt,g,2,2026-04-01T09:40:33Z,25.4,"528/20,528/20",C,3,C3,NA,CONTROL,NA,CONTROL,NA,NA,TWEED,11,NA,NA,NA,NA,0.858,FALSE,FALSE,NA,parsed_table,FALSE,2396,791,259,9.250965250965251,212,NA,NA,2792.5407925407926,13.172362228966003
20260401-clam-36C-C-vs-S,/Users/sr320/Documents/GitHub/resazurin-assay-development/data/clam/20260401-clam-36C-C-vs-S/plate-G-T2.5.txt,plate-G-T2.5.txt,g,2.5,2026-04-01T10:13:05Z,25.7,"528/20,528/20",C,3,C3,NA,CONTROL,NA,CONTROL,NA,NA,TWEED,11,NA,NA,NA,NA,0.858,FALSE,FALSE,NA,parsed_table,FALSE,3461,1065,257,13.46692607003891,212,NA,NA,4033.799533799534,19.027356291507235
20260401-clam-36C-C-vs-S,/Users/sr320/Documents/GitHub/resazurin-assay-development/data/clam/20260401-clam-36C-C-vs-S/plate-G-T3.0.txt,plate-G-T3.0.txt,g,3,2026-04-01T11:21:58Z,26.1,"528/20,528/20",C,3,C3,NA,CONTROL,NA,CONTROL,NA,NA,TWEED,11,NA,NA,NA,NA,0.858,FALSE,FALSE,NA,parsed_table,FALSE,7971,4510,260,30.657692307692308,212,NA,NA,9290.20979020979,43.82174429344241
20260401-clam-36C-C-vs-S,/Users/sr320/Documents/GitHub/resazurin-assay-development/data/clam/20260401-clam-36C-C-vs-S/plate-G-T3.5.txt,plate-G-T3.5.txt,g,3.5,2026-04-01T11:56:54Z,26.4,"528/20,528/20",C,3,C3,NA,CONTROL,NA,CONTROL,NA,NA,TWEED,11,NA,NA,NA,NA,0.858,FALSE,FALSE,NA,parsed_table,FALSE,8648,677,263,32.88212927756654,212,NA,NA,10079.254079254079,47.543651317236225
20260401-clam-36C-C-vs-S,/Users/sr320/Documents/GitHub/resazurin-assay-development/data/clam/20260401-clam-36C-C-vs-S/plate-G-T4.0.txt,plate-G-T4.0.txt,g,4,2026-04-01T12:28:37Z,26.4,"528/20,528/20",C,3,C3,NA,CONTROL,NA,CONTROL,NA,NA,TWEED,11,NA,NA,NA,NA,0.858,FALSE,FALSE,NA,parsed_table,FALSE,8694,46,263,33.05703422053232,212,NA,NA,10132.867132867133,47.79654307956195
20260401-clam-36C-C-vs-S,/Users/sr320/Documents/GitHub/resazurin-assay-development/data/clam/20260401-clam-36C-C-vs-S/plate-G-T0.0.txt,plate-G-T0.0.txt,g,0,2026-04-01T07:31:03Z,23,"528/20,528/20",C,4,C4,NA,CONTROL,NA,CONTROL,NA,NA,BLUE,12,NA,NA,NA,NA,1.515,FALSE,FALSE,NA,parsed_table,FALSE,305,0,73,4.178082191780822,305,NA,NA,201.32013201320134,0.6600660066006601
20260401-clam-36C-C-vs-S,/Users/sr320/Documents/GitHub/resazurin-assay-development/data/clam/20260401-clam-36C-C-vs-S/plate-G-T0.5.txt,plate-G-T0.5.txt,g,0.5,2026-04-01T08:05:24Z,23.8,"528/20,528/20",C,4,C4,NA,CONTROL,NA,CONTROL,NA,NA,BLUE,12,NA,NA,NA,NA,1.515,FALSE,FALSE,NA,parsed_table,FALSE,1859,1554,212,8.768867924528301,305,NA,NA,1227.0627062706271,4.023156414002056
20260401-clam-36C-C-vs-S,/Users/sr320/Documents/GitHub/resazurin-assay-development/data/clam/20260401-clam-36C-C-vs-S/plate-G-T1.0.txt,plate-G-T1.0.txt,g,1,2026-04-01T08:36:50Z,24.5,"528/20,528/20",C,4,C4,NA,CONTROL,NA,CONTROL,NA,NA,BLUE,12,NA,NA,NA,NA,1.515,FALSE,FALSE,NA,parsed_table,FALSE,3604,1745,207,17.41062801932367,305,NA,NA,2378.877887788779,7.799599632094358
20260401-clam-36C-C-vs-S,/Users/sr320/Documents/GitHub/resazurin-assay-development/data/clam/20260401-clam-36C-C-vs-S/plate-G-T1.5.txt,plate-G-T1.5.txt,g,1.5,2026-04-01T09:08:55Z,25.1,"528/20,528/20",C,4,C4,NA,CONTROL,NA,CONTROL,NA,NA,BLUE,12,NA,NA,NA,NA,1.515,FALSE,FALSE,NA,parsed_table,FALSE,4587,983,257,17.848249027237355,305,NA,NA,3027.7227722772277,9.926959909105666
20260401-clam-36C-C-vs-S,/Users/sr320/Documents/GitHub/resazurin-assay-development/data/clam/20260401-clam-36C-C-vs-S/plate-G-T2.0.txt,plate-G-T2.0.txt,g,2,2026-04-01T09:40:33Z,25.4,"528/20,528/20",C,4,C4,NA,CONTROL,NA,CONTROL,NA,NA,BLUE,12,NA,NA,NA,NA,1.515,FALSE,FALSE,NA,parsed_table,FALSE,5709,1122,259,22.042471042471043,305,NA,NA,3768.3168316831684,12.35513715305957
20260401-clam-36C-C-vs-S,/Users/sr320/Documents/GitHub/resazurin-assay-development/data/clam/20260401-clam-36C-C-vs-S/plate-G-T2.5.txt,plate-G-T2.5.txt,g,2.5,2026-04-01T10:13:05Z,25.7,"528/20,528/20",C,4,C4,NA,CONTROL,NA,CONTROL,NA,NA,BLUE,12,NA,NA,NA,NA,1.515,FALSE,FALSE,NA,parsed_table,FALSE,6393,684,257,24.875486381322958,305,NA,NA,4219.80198019802,13.835416328518098
20260401-clam-36C-C-vs-S,/Users/sr320/Documents/GitHub/resazurin-assay-development/data/clam/20260401-clam-36C-C-vs-S/plate-G-T3.0.txt,plate-G-T3.0.txt,g,3,2026-04-01T11:21:58Z,26.1,"528/20,528/20",C,4,C4,NA,CONTROL,NA,CONTROL,NA,NA,BLUE,12,NA,NA,NA,NA,1.515,FALSE,FALSE,NA,parsed_table,FALSE,8271,1878,260,31.81153846153846,305,NA,NA,5459.40594059406,17.899691608505112
20260401-clam-36C-C-vs-S,/Users/sr320/Documents/GitHub/resazurin-assay-development/data/clam/20260401-clam-36C-C-vs-S/plate-G-T3.5.txt,plate-G-T3.5.txt,g,3.5,2026-04-01T11:56:54Z,26.4,"528/20,528/20",C,4,C4,NA,CONTROL,NA,CONTROL,NA,NA,BLUE,12,NA,NA,NA,NA,1.515,FALSE,FALSE,NA,parsed_table,FALSE,8880,609,263,33.76425855513308,305,NA,NA,5861.3861386138615,19.217659470865122
20260401-clam-36C-C-vs-S,/Users/sr320/Documents/GitHub/resazurin-assay-development/data/clam/20260401-clam-36C-C-vs-S/plate-G-T4.0.txt,plate-G-T4.0.txt,g,4,2026-04-01T12:28:37Z,26.4,"528/20,528/20",C,4,C4,NA,CONTROL,NA,CONTROL,NA,NA,BLUE,12,NA,NA,NA,NA,1.515,FALSE,FALSE,NA,parsed_table,FALSE,9295,415,263,35.342205323193916,305,NA,NA,6135.313531353136,20.11578207001028
20260401-clam-36C-C-vs-S,/Users/sr320/Documents/GitHub/resazurin-assay-development/data/clam/20260401-clam-36C-C-vs-S/plate-G-T0.0.txt,plate-G-T0.0.txt,g,0,2026-04-01T07:31:03Z,23,"528/20,528/20",C,5,C5,NA,NA,NA,NA,NA,NA,NA,NA,NA,NA,NA,NA,NA,FALSE,FALSE,NA,missing_or_unparsed,FALSE,5,0,73,0.0684931506849315,5,NA,NA,NA,NA
20260401-clam-36C-C-vs-S,/Users/sr320/Documents/GitHub/resazurin-assay-development/data/clam/20260401-clam-36C-C-vs-S/plate-G-T0.0.txt,plate-G-T0.0.txt,g,0,2026-04-01T07:31:03Z,23,"528/20,528/20",C,6,C6,NA,NA,NA,NA,NA,NA,NA,NA,NA,NA,NA,NA,NA,FALSE,FALSE,NA,missing_or_unparsed,FALSE,8,0,73,0.1095890410958904,8,NA,NA,NA,NA
20260401-clam-36C-C-vs-S,/Users/sr320/Documents/GitHub/resazurin-assay-development/data/clam/20260401-clam-36C-C-vs-S/plate-G-T0.0.txt,plate-G-T0.0.txt,g,0,2026-04-01T07:31:03Z,23,"528/20,528/20",D,1,D1,NA,NA,NA,NA,NA,NA,NA,NA,NA,NA,NA,NA,NA,FALSE,FALSE,NA,missing_or_unparsed,FALSE,222,0,73,3.041095890410959,222,NA,NA,NA,NA
20260401-clam-36C-C-vs-S,/Users/sr320/Documents/GitHub/resazurin-assay-development/data/clam/20260401-clam-36C-C-vs-S/plate-G-T0.0.txt,plate-G-T0.0.txt,g,0,2026-04-01T07:31:03Z,23,"528/20,528/20",D,2,D2,NA,NA,NA,NA,NA,NA,NA,NA,NA,NA,NA,NA,NA,FALSE,FALSE,NA,missing_or_unparsed,FALSE,54,0,73,0.7397260273972602,54,NA,NA,NA,NA
20260401-clam-36C-C-vs-S,/Users/sr320/Documents/GitHub/resazurin-assay-development/data/clam/20260401-clam-36C-C-vs-S/plate-G-T0.0.txt,plate-G-T0.0.txt,g,0,2026-04-01T07:31:03Z,23,"528/20,528/20",D,3,D3,NA,NA,NA,NA,NA,NA,NA,NA,NA,NA,NA,NA,NA,FALSE,FALSE,NA,missing_or_unparsed,FALSE,318,0,73,4.3561643835616435,318,NA,NA,NA,NA
20260401-clam-36C-C-vs-S,/Users/sr320/Documents/GitHub/resazurin-assay-development/data/clam/20260401-clam-36C-C-vs-S/plate-G-T0.0.txt,plate-G-T0.0.txt,g,0,2026-04-01T07:31:03Z,23,"528/20,528/20",D,4,D4,NA,NA,NA,NA,NA,NA,NA,NA,NA,NA,NA,NA,NA,FALSE,FALSE,NA,missing_or_unparsed,FALSE,257,0,73,3.5205479452054793,257,NA,NA,NA,NA
20260401-clam-36C-C-vs-S,/Users/sr320/Documents/GitHub/resazurin-assay-development/data/clam/20260401-clam-36C-C-vs-S/plate-G-T0.0.txt,plate-G-T0.0.txt,g,0,2026-04-01T07:31:03Z,23,"528/20,528/20",D,5,D5,NA,NA,NA,NA,NA,NA,NA,NA,NA,NA,NA,NA,NA,FALSE,FALSE,NA,missing_or_unparsed,FALSE,328,0,73,4.493150684931507,328,NA,NA,NA,NA
20260401-clam-36C-C-vs-S,/Users/sr320/Documents/GitHub/resazurin-assay-development/data/clam/20260401-clam-36C-C-vs-S/plate-G-T0.0.txt,plate-G-T0.0.txt,g,0,2026-04-01T07:31:03Z,23,"528/20,528/20",D,6,D6,NA,NA,NA,NA,NA,NA,NA,NA,NA,NA,NA,NA,NA,FALSE,FALSE,NA,missing_or_unparsed,FALSE,429,0,73,5.876712328767123,429,NA,NA,NA,NA
20260401-clam-36C-C-vs-S,/Users/sr320/Documents/GitHub/resazurin-assay-development/data/clam/20260401-clam-36C-C-vs-S/plate-H-T0.0.txt,plate-H-T0.0.txt,h,0,2026-04-01T07:35:53Z,23,"528/20,528/20",A,1,A1,NA,SELECTED,NA,SELECTED,NA,NA,TWEED,13,NA,NA,NA,NA,1.573,FALSE,FALSE,NA,parsed_table,FALSE,368,0,201,1.8308457711442787,368,NA,NA,233.94787031150668,0.6357279084551812
20260401-clam-36C-C-vs-S,/Users/sr320/Documents/GitHub/resazurin-assay-development/data/clam/20260401-clam-36C-C-vs-S/plate-H-T0.5.txt,plate-H-T0.5.txt,h,0.5,2026-04-01T08:07:13Z,23.8,"528/20,528/20",A,1,A1,NA,SELECTED,NA,SELECTED,NA,NA,TWEED,13,NA,NA,NA,NA,1.573,FALSE,FALSE,NA,parsed_table,FALSE,1634,1266,199,8.21105527638191,368,NA,NA,1038.779402415766,2.822770115260234
20260401-clam-36C-C-vs-S,/Users/sr320/Documents/GitHub/resazurin-assay-development/data/clam/20260401-clam-36C-C-vs-S/plate-H-T1.0.txt,plate-H-T1.0.txt,h,1,2026-04-01T08:37:51Z,24.6,"528/20,528/20",A,1,A1,NA,SELECTED,NA,SELECTED,NA,NA,TWEED,13,NA,NA,NA,NA,1.573,FALSE,FALSE,NA,parsed_table,FALSE,3523,1889,200,17.615,368,NA,NA,2239.6694214876034,6.086058210564139
20260401-clam-36C-C-vs-S,/Users/sr320/Documents/GitHub/resazurin-assay-development/data/clam/20260401-clam-36C-C-vs-S/plate-H-T1.5.txt,plate-H-T1.5.txt,h,1.5,2026-04-01T09:10:24Z,25.2,"528/20,528/20",A,1,A1,NA,SELECTED,NA,SELECTED,NA,NA,TWEED,13,NA,NA,NA,NA,1.573,FALSE,FALSE,NA,parsed_table,FALSE,6382,2859,200,31.91,368,NA,NA,4057.2155117609664,11.025042151524364
20260401-clam-36C-C-vs-S,/Users/sr320/Documents/GitHub/resazurin-assay-development/data/clam/20260401-clam-36C-C-vs-S/plate-H-T2.0.txt,plate-H-T2.0.txt,h,2,2026-04-01T09:41:53Z,25.5,"528/20,528/20",A,1,A1,NA,SELECTED,NA,SELECTED,NA,NA,TWEED,13,NA,NA,NA,NA,1.573,FALSE,FALSE,NA,parsed_table,FALSE,7725,1343,203,38.05418719211823,368,NA,NA,4910.998092816275,13.345103513087704
20260401-clam-36C-C-vs-S,/Users/sr320/Documents/GitHub/resazurin-assay-development/data/clam/20260401-clam-36C-C-vs-S/plate-H-T2.5.txt,plate-H-T2.5.txt,h,2.5,2026-04-01T10:14:35Z,25.7,"528/20,528/20",A,1,A1,NA,SELECTED,NA,SELECTED,NA,NA,TWEED,13,NA,NA,NA,NA,1.573,FALSE,FALSE,NA,parsed_table,FALSE,5561,-2164,8871,0.6268740840942396,368,NA,NA,3535.2828989192626,9.60674700793278
20260401-clam-36C-C-vs-S,/Users/sr320/Documents/GitHub/resazurin-assay-development/data/clam/20260401-clam-36C-C-vs-S/plate-H-T3.0.txt,plate-H-T3.0.txt,h,3,2026-04-01T11:23:24Z,26.1,"528/20,528/20",A,1,A1,NA,SELECTED,NA,SELECTED,NA,NA,TWEED,13,NA,NA,NA,NA,1.573,FALSE,FALSE,NA,parsed_table,FALSE,9901,4340,211,46.92417061611374,368,NA,NA,6294.342021614749,17.104190276127035
20260401-clam-36C-C-vs-S,/Users/sr320/Documents/GitHub/resazurin-assay-development/data/clam/20260401-clam-36C-C-vs-S/plate-H-T3.5.txt,plate-H-T3.5.txt,h,3.5,2026-04-01T11:58:19Z,26.4,"528/20,528/20",A,1,A1,NA,SELECTED,NA,SELECTED,NA,NA,TWEED,13,NA,NA,NA,NA,1.573,FALSE,FALSE,NA,parsed_table,FALSE,8541,-1360,212,40.2877358490566,368,NA,NA,5429.752066115702,14.754761049227453
20260401-clam-36C-C-vs-S,/Users/sr320/Documents/GitHub/resazurin-assay-development/data/clam/20260401-clam-36C-C-vs-S/plate-H-T4.0.txt,plate-H-T4.0.txt,h,4,2026-04-01T12:29:58Z,26.4,"528/20,528/20",A,1,A1,NA,SELECTED,NA,SELECTED,NA,NA,TWEED,13,NA,NA,NA,NA,1.573,FALSE,FALSE,NA,parsed_table,FALSE,8468,-73,215,39.38604651162791,368,NA,NA,5383.343928798475,14.628651980430636
20260401-clam-36C-C-vs-S,/Users/sr320/Documents/GitHub/resazurin-assay-development/data/clam/20260401-clam-36C-C-vs-S/plate-H-T0.0.txt,plate-H-T0.0.txt,h,0,2026-04-01T07:35:53Z,23,"528/20,528/20",A,2,A2,NA,SELECTED,NA,SELECTED,NA,NA,BLUE,14,NA,NA,NA,NA,1.31,FALSE,FALSE,NA,parsed_table,FALSE,350,0,201,1.7412935323383085,350,NA,NA,267.17557251908397,0.7633587786259541
20260401-clam-36C-C-vs-S,/Users/sr320/Documents/GitHub/resazurin-assay-development/data/clam/20260401-clam-36C-C-vs-S/plate-H-T0.5.txt,plate-H-T0.5.txt,h,0.5,2026-04-01T08:07:13Z,23.8,"528/20,528/20",A,2,A2,NA,SELECTED,NA,SELECTED,NA,NA,BLUE,14,NA,NA,NA,NA,1.31,FALSE,FALSE,NA,parsed_table,FALSE,991,641,199,4.9798994974874375,350,NA,NA,756.4885496183206,2.1613958560523443
20260401-clam-36C-C-vs-S,/Users/sr320/Documents/GitHub/resazurin-assay-development/data/clam/20260401-clam-36C-C-vs-S/plate-H-T1.0.txt,plate-H-T1.0.txt,h,1,2026-04-01T08:37:51Z,24.6,"528/20,528/20",A,2,A2,NA,SELECTED,NA,SELECTED,NA,NA,BLUE,14,NA,NA,NA,NA,1.31,FALSE,FALSE,NA,parsed_table,FALSE,2133,1142,200,10.665,350,NA,NA,1628.2442748091603,4.652126499454743
20260401-clam-36C-C-vs-S,/Users/sr320/Documents/GitHub/resazurin-assay-development/data/clam/20260401-clam-36C-C-vs-S/plate-H-T1.5.txt,plate-H-T1.5.txt,h,1.5,2026-04-01T09:10:24Z,25.2,"528/20,528/20",A,2,A2,NA,SELECTED,NA,SELECTED,NA,NA,BLUE,14,NA,NA,NA,NA,1.31,FALSE,FALSE,NA,parsed_table,FALSE,3784,1651,200,18.92,350,NA,NA,2888.5496183206105,8.25299890948746
20260401-clam-36C-C-vs-S,/Users/sr320/Documents/GitHub/resazurin-assay-development/data/clam/20260401-clam-36C-C-vs-S/plate-H-T2.0.txt,plate-H-T2.0.txt,h,2,2026-04-01T09:41:53Z,25.5,"528/20,528/20",A,2,A2,NA,SELECTED,NA,SELECTED,NA,NA,BLUE,14,NA,NA,NA,NA,1.31,FALSE,FALSE,NA,parsed_table,FALSE,5003,1219,203,24.645320197044335,350,NA,NA,3819.083969465649,10.911668484187567
20260401-clam-36C-C-vs-S,/Users/sr320/Documents/GitHub/resazurin-assay-development/data/clam/20260401-clam-36C-C-vs-S/plate-H-T2.5.txt,plate-H-T2.5.txt,h,2.5,2026-04-01T10:14:35Z,25.7,"528/20,528/20",A,2,A2,NA,SELECTED,NA,SELECTED,NA,NA,BLUE,14,NA,NA,NA,NA,1.31,FALSE,FALSE,NA,parsed_table,FALSE,7830,2827,8871,0.8826513358133243,350,NA,NA,5977.099236641221,17.077426390403488
20260401-clam-36C-C-vs-S,/Users/sr320/Documents/GitHub/resazurin-assay-development/data/clam/20260401-clam-36C-C-vs-S/plate-H-T3.0.txt,plate-H-T3.0.txt,h,3,2026-04-01T11:23:24Z,26.1,"528/20,528/20",A,2,A2,NA,SELECTED,NA,SELECTED,NA,NA,BLUE,14,NA,NA,NA,NA,1.31,FALSE,FALSE,NA,parsed_table,FALSE,8093,263,211,38.355450236966824,350,NA,NA,6177.862595419847,17.65103598691385
20260401-clam-36C-C-vs-S,/Users/sr320/Documents/GitHub/resazurin-assay-development/data/clam/20260401-clam-36C-C-vs-S/plate-H-T3.5.txt,plate-H-T3.5.txt,h,3.5,2026-04-01T11:58:19Z,26.4,"528/20,528/20",A,2,A2,NA,SELECTED,NA,SELECTED,NA,NA,BLUE,14,NA,NA,NA,NA,1.31,FALSE,FALSE,NA,parsed_table,FALSE,8782,689,212,41.424528301886795,350,NA,NA,6703.816793893129,19.153762268266085
20260401-clam-36C-C-vs-S,/Users/sr320/Documents/GitHub/resazurin-assay-development/data/clam/20260401-clam-36C-C-vs-S/plate-H-T4.0.txt,plate-H-T4.0.txt,h,4,2026-04-01T12:29:58Z,26.4,"528/20,528/20",A,2,A2,NA,SELECTED,NA,SELECTED,NA,NA,BLUE,14,NA,NA,NA,NA,1.31,FALSE,FALSE,NA,parsed_table,FALSE,8704,-78,215,40.48372093023256,350,NA,NA,6644.274809160305,18.983642311886587
20260401-clam-36C-C-vs-S,/Users/sr320/Documents/GitHub/resazurin-assay-development/data/clam/20260401-clam-36C-C-vs-S/plate-H-T0.0.txt,plate-H-T0.0.txt,h,0,2026-04-01T07:35:53Z,23,"528/20,528/20",A,3,A3,NA,CONTROL,NA,CONTROL,NA,NA,TWEED,15,NA,NA,NA,NA,1.105,FALSE,FALSE,NA,parsed_table,FALSE,302,0,201,1.5024875621890548,302,NA,NA,273.3031674208145,0.9049773755656109
20260401-clam-36C-C-vs-S,/Users/sr320/Documents/GitHub/resazurin-assay-development/data/clam/20260401-clam-36C-C-vs-S/plate-H-T0.5.txt,plate-H-T0.5.txt,h,0.5,2026-04-01T08:07:13Z,23.8,"528/20,528/20",A,3,A3,NA,CONTROL,NA,CONTROL,NA,NA,TWEED,15,NA,NA,NA,NA,1.105,FALSE,FALSE,NA,parsed_table,FALSE,910,608,199,4.57286432160804,302,NA,NA,823.5294117647059,2.7269185820023374
20260401-clam-36C-C-vs-S,/Users/sr320/Documents/GitHub/resazurin-assay-development/data/clam/20260401-clam-36C-C-vs-S/plate-H-T1.0.txt,plate-H-T1.0.txt,h,1,2026-04-01T08:37:51Z,24.6,"528/20,528/20",A,3,A3,NA,CONTROL,NA,CONTROL,NA,NA,TWEED,15,NA,NA,NA,NA,1.105,FALSE,FALSE,NA,parsed_table,FALSE,1786,876,200,8.93,302,NA,NA,1616.289592760181,5.351952293907884
20260401-clam-36C-C-vs-S,/Users/sr320/Documents/GitHub/resazurin-assay-development/data/clam/20260401-clam-36C-C-vs-S/plate-H-T1.5.txt,plate-H-T1.5.txt,h,1.5,2026-04-01T09:10:24Z,25.2,"528/20,528/20",A,3,A3,NA,CONTROL,NA,CONTROL,NA,NA,TWEED,15,NA,NA,NA,NA,1.105,FALSE,FALSE,NA,parsed_table,FALSE,5348,3562,200,26.74,302,NA,NA,4839.819004524887,16.025890743459893
20260401-clam-36C-C-vs-S,/Users/sr320/Documents/GitHub/resazurin-assay-development/data/clam/20260401-clam-36C-C-vs-S/plate-H-T2.0.txt,plate-H-T2.0.txt,h,2,2026-04-01T09:41:53Z,25.5,"528/20,528/20",A,3,A3,NA,CONTROL,NA,CONTROL,NA,NA,TWEED,15,NA,NA,NA,NA,1.105,FALSE,FALSE,NA,parsed_table,FALSE,7070,1722,203,34.827586206896555,302,NA,NA,6398.190045248869,21.186059752479697
20260401-clam-36C-C-vs-S,/Users/sr320/Documents/GitHub/resazurin-assay-development/data/clam/20260401-clam-36C-C-vs-S/plate-H-T2.5.txt,plate-H-T2.5.txt,h,2.5,2026-04-01T10:14:35Z,25.7,"528/20,528/20",A,3,A3,NA,CONTROL,NA,CONTROL,NA,NA,TWEED,15,NA,NA,NA,NA,1.105,FALSE,FALSE,NA,parsed_table,FALSE,7797,727,8871,0.8789313493405478,302,NA,NA,7056.108597285068,23.364598004255193
20260401-clam-36C-C-vs-S,/Users/sr320/Documents/GitHub/resazurin-assay-development/data/clam/20260401-clam-36C-C-vs-S/plate-H-T3.0.txt,plate-H-T3.0.txt,h,3,2026-04-01T11:23:24Z,26.1,"528/20,528/20",A,3,A3,NA,CONTROL,NA,CONTROL,NA,NA,TWEED,15,NA,NA,NA,NA,1.105,FALSE,FALSE,NA,parsed_table,FALSE,9037,1240,211,42.829383886255926,302,NA,NA,8178.280542986426,27.08039914896167
20260401-clam-36C-C-vs-S,/Users/sr320/Documents/GitHub/resazurin-assay-development/data/clam/20260401-clam-36C-C-vs-S/plate-H-T3.5.txt,plate-H-T3.5.txt,h,3.5,2026-04-01T11:58:19Z,26.4,"528/20,528/20",A,3,A3,NA,CONTROL,NA,CONTROL,NA,NA,TWEED,15,NA,NA,NA,NA,1.105,FALSE,FALSE,NA,parsed_table,FALSE,9398,361,212,44.33018867924528,302,NA,NA,8504.977375565612,28.16217674028348
20260401-clam-36C-C-vs-S,/Users/sr320/Documents/GitHub/resazurin-assay-development/data/clam/20260401-clam-36C-C-vs-S/plate-H-T4.0.txt,plate-H-T4.0.txt,h,4,2026-04-01T12:29:58Z,26.4,"528/20,528/20",A,3,A3,NA,CONTROL,NA,CONTROL,NA,NA,TWEED,15,NA,NA,NA,NA,1.105,FALSE,FALSE,NA,parsed_table,FALSE,9745,347,215,45.325581395348834,302,NA,NA,8819.004524886877,29.20200173803602
20260401-clam-36C-C-vs-S,/Users/sr320/Documents/GitHub/resazurin-assay-development/data/clam/20260401-clam-36C-C-vs-S/plate-H-T0.0.txt,plate-H-T0.0.txt,h,0,2026-04-01T07:35:53Z,23,"528/20,528/20",A,4,A4,NA,CONTROL,NA,CONTROL,NA,NA,BLUE,16,NA,NA,NA,NA,1.084,FALSE,FALSE,NA,parsed_table,FALSE,310,0,201,1.5422885572139304,310,NA,NA,285.97785977859775,0.9225092250922509
20260401-clam-36C-C-vs-S,/Users/sr320/Documents/GitHub/resazurin-assay-development/data/clam/20260401-clam-36C-C-vs-S/plate-H-T0.5.txt,plate-H-T0.5.txt,h,0.5,2026-04-01T08:07:13Z,23.8,"528/20,528/20",A,4,A4,NA,CONTROL,NA,CONTROL,NA,NA,BLUE,16,NA,NA,NA,NA,1.084,FALSE,FALSE,NA,parsed_table,FALSE,2209,1899,199,11.100502512562814,310,NA,NA,2037.8228782287822,6.573622187834781
20260401-clam-36C-C-vs-S,/Users/sr320/Documents/GitHub/resazurin-assay-development/data/clam/20260401-clam-36C-C-vs-S/plate-H-T1.0.txt,plate-H-T1.0.txt,h,1,2026-04-01T08:37:51Z,24.6,"528/20,528/20",A,4,A4,NA,CONTROL,NA,CONTROL,NA,NA,BLUE,16,NA,NA,NA,NA,1.084,FALSE,FALSE,NA,parsed_table,FALSE,4031,1822,200,20.155,310,NA,NA,3718.6346863468634,11.995595762409236
20260401-clam-36C-C-vs-S,/Users/sr320/Documents/GitHub/resazurin-assay-development/data/clam/20260401-clam-36C-C-vs-S/plate-H-T1.5.txt,plate-H-T1.5.txt,h,1.5,2026-04-01T09:10:24Z,25.2,"528/20,528/20",A,4,A4,NA,CONTROL,NA,CONTROL,NA,NA,BLUE,16,NA,NA,NA,NA,1.084,FALSE,FALSE,NA,parsed_table,FALSE,5405,1374,200,27.025,310,NA,NA,4986.162361623616,16.08439471491489
20260401-clam-36C-C-vs-S,/Users/sr320/Documents/GitHub/resazurin-assay-development/data/clam/20260401-clam-36C-C-vs-S/plate-H-T2.0.txt,plate-H-T2.0.txt,h,2,2026-04-01T09:41:53Z,25.5,"528/20,528/20",A,4,A4,NA,CONTROL,NA,CONTROL,NA,NA,BLUE,16,NA,NA,NA,NA,1.084,FALSE,FALSE,NA,parsed_table,FALSE,6695,1290,203,32.98029556650246,310,NA,NA,6176.1992619926195,19.923223425782645
20260401-clam-36C-C-vs-S,/Users/sr320/Documents/GitHub/resazurin-assay-development/data/clam/20260401-clam-36C-C-vs-S/plate-H-T2.5.txt,plate-H-T2.5.txt,h,2.5,2026-04-01T10:14:35Z,25.7,"528/20,528/20",A,4,A4,NA,CONTROL,NA,CONTROL,NA,NA,BLUE,16,NA,NA,NA,NA,1.084,FALSE,FALSE,NA,parsed_table,FALSE,8477,1782,8871,0.9555856160523053,310,NA,NA,7820.110701107011,25.2261635519581
20260401-clam-36C-C-vs-S,/Users/sr320/Documents/GitHub/resazurin-assay-development/data/clam/20260401-clam-36C-C-vs-S/plate-H-T3.0.txt,plate-H-T3.0.txt,h,3,2026-04-01T11:23:24Z,26.1,"528/20,528/20",A,4,A4,NA,CONTROL,NA,CONTROL,NA,NA,BLUE,16,NA,NA,NA,NA,1.084,FALSE,FALSE,NA,parsed_table,FALSE,9609,1132,211,45.540284360189574,310,NA,NA,8864.391143911438,28.594810141649802
20260401-clam-36C-C-vs-S,/Users/sr320/Documents/GitHub/resazurin-assay-development/data/clam/20260401-clam-36C-C-vs-S/plate-H-T3.5.txt,plate-H-T3.5.txt,h,3.5,2026-04-01T11:58:19Z,26.4,"528/20,528/20",A,4,A4,NA,CONTROL,NA,CONTROL,NA,NA,BLUE,16,NA,NA,NA,NA,1.084,FALSE,FALSE,NA,parsed_table,FALSE,9775,166,212,46.10849056603774,310,NA,NA,9017.527675276751,29.088798952505652
20260401-clam-36C-C-vs-S,/Users/sr320/Documents/GitHub/resazurin-assay-development/data/clam/20260401-clam-36C-C-vs-S/plate-H-T4.0.txt,plate-H-T4.0.txt,h,4,2026-04-01T12:29:58Z,26.4,"528/20,528/20",A,4,A4,NA,CONTROL,NA,CONTROL,NA,NA,BLUE,16,NA,NA,NA,NA,1.084,FALSE,FALSE,NA,parsed_table,FALSE,9590,-185,215,44.604651162790695,310,NA,NA,8846.863468634685,28.538269253660275
20260401-clam-36C-C-vs-S,/Users/sr320/Documents/GitHub/resazurin-assay-development/data/clam/20260401-clam-36C-C-vs-S/plate-H-T0.0.txt,plate-H-T0.0.txt,h,0,2026-04-01T07:35:53Z,23,"528/20,528/20",B,1,B1,NA,SELECTED,NA,SELECTED,NA,NA,TWEED,17,NA,NA,NA,NA,1.234,FALSE,FALSE,NA,parsed_table,FALSE,316,0,201,1.572139303482587,316,NA,NA,256.0777957860616,0.8103727714748784
20260401-clam-36C-C-vs-S,/Users/sr320/Documents/GitHub/resazurin-assay-development/data/clam/20260401-clam-36C-C-vs-S/plate-H-T0.5.txt,plate-H-T0.5.txt,h,0.5,2026-04-01T08:07:13Z,23.8,"528/20,528/20",B,1,B1,NA,SELECTED,NA,SELECTED,NA,NA,TWEED,17,NA,NA,NA,NA,1.234,FALSE,FALSE,NA,parsed_table,FALSE,1591,1275,199,7.994974874371859,316,NA,NA,1289.3030794165315,4.080073036128264
20260401-clam-36C-C-vs-S,/Users/sr320/Documents/GitHub/resazurin-assay-development/data/clam/20260401-clam-36C-C-vs-S/plate-H-T1.0.txt,plate-H-T1.0.txt,h,1,2026-04-01T08:37:51Z,24.6,"528/20,528/20",B,1,B1,NA,SELECTED,NA,SELECTED,NA,NA,TWEED,17,NA,NA,NA,NA,1.234,FALSE,FALSE,NA,parsed_table,FALSE,3800,2209,200,19,316,NA,NA,3079.4165316045382,9.744989024064994
20260401-clam-36C-C-vs-S,/Users/sr320/Documents/GitHub/resazurin-assay-development/data/clam/20260401-clam-36C-C-vs-S/plate-H-T1.5.txt,plate-H-T1.5.txt,h,1.5,2026-04-01T09:10:24Z,25.2,"528/20,528/20",B,1,B1,NA,SELECTED,NA,SELECTED,NA,NA,TWEED,17,NA,NA,NA,NA,1.234,FALSE,FALSE,NA,parsed_table,FALSE,5925,2125,200,29.625,316,NA,NA,4801.458670988655,15.194489465153971
20260401-clam-36C-C-vs-S,/Users/sr320/Documents/GitHub/resazurin-assay-development/data/clam/20260401-clam-36C-C-vs-S/plate-H-T2.0.txt,plate-H-T2.0.txt,h,2,2026-04-01T09:41:53Z,25.5,"528/20,528/20",B,1,B1,NA,SELECTED,NA,SELECTED,NA,NA,TWEED,17,NA,NA,NA,NA,1.234,FALSE,FALSE,NA,parsed_table,FALSE,7831,1906,203,38.576354679802954,316,NA,NA,6346.0291734197735,20.082370801961307
20260401-clam-36C-C-vs-S,/Users/sr320/Documents/GitHub/resazurin-assay-development/data/clam/20260401-clam-36C-C-vs-S/plate-H-T2.5.txt,plate-H-T2.5.txt,h,2.5,2026-04-01T10:14:35Z,25.7,"528/20,528/20",B,1,B1,NA,SELECTED,NA,SELECTED,NA,NA,TWEED,17,NA,NA,NA,NA,1.234,FALSE,FALSE,NA,parsed_table,FALSE,7779,-52,8871,0.8769022658099425,316,NA,NA,6303.88978930308,19.949018320579366
20260401-clam-36C-C-vs-S,/Users/sr320/Documents/GitHub/resazurin-assay-development/data/clam/20260401-clam-36C-C-vs-S/plate-H-T3.0.txt,plate-H-T3.0.txt,h,3,2026-04-01T11:23:24Z,26.1,"528/20,528/20",B,1,B1,NA,SELECTED,NA,SELECTED,NA,NA,TWEED,17,NA,NA,NA,NA,1.234,FALSE,FALSE,NA,parsed_table,FALSE,8951,1172,211,42.4218009478673,316,NA,NA,7253.646677471637,22.954578093264676
20260401-clam-36C-C-vs-S,/Users/sr320/Documents/GitHub/resazurin-assay-development/data/clam/20260401-clam-36C-C-vs-S/plate-H-T3.5.txt,plate-H-T3.5.txt,h,3.5,2026-04-01T11:58:19Z,26.4,"528/20,528/20",B,1,B1,NA,SELECTED,NA,SELECTED,NA,NA,TWEED,17,NA,NA,NA,NA,1.234,FALSE,FALSE,NA,parsed_table,FALSE,8842,-109,212,41.70754716981132,316,NA,NA,7165.316045380875,22.675050776521758
20260401-clam-36C-C-vs-S,/Users/sr320/Documents/GitHub/resazurin-assay-development/data/clam/20260401-clam-36C-C-vs-S/plate-H-T4.0.txt,plate-H-T4.0.txt,h,4,2026-04-01T12:29:58Z,26.4,"528/20,528/20",B,1,B1,NA,SELECTED,NA,SELECTED,NA,NA,TWEED,17,NA,NA,NA,NA,1.234,FALSE,FALSE,NA,parsed_table,FALSE,8895,53,215,41.372093023255815,316,NA,NA,7208.265802269044,22.810967728699506
20260401-clam-36C-C-vs-S,/Users/sr320/Documents/GitHub/resazurin-assay-development/data/clam/20260401-clam-36C-C-vs-S/plate-H-T0.0.txt,plate-H-T0.0.txt,h,0,2026-04-01T07:35:53Z,23,"528/20,528/20",B,2,B2,NA,SELECTED,NA,SELECTED,NA,NA,BLUE,18,NA,NA,NA,NA,0.937,FALSE,FALSE,NA,parsed_table,FALSE,309,0,201,1.537313432835821,309,NA,NA,329.77588046958374,1.0672358591248665
20260401-clam-36C-C-vs-S,/Users/sr320/Documents/GitHub/resazurin-assay-development/data/clam/20260401-clam-36C-C-vs-S/plate-H-T0.5.txt,plate-H-T0.5.txt,h,0.5,2026-04-01T08:07:13Z,23.8,"528/20,528/20",B,2,B2,NA,SELECTED,NA,SELECTED,NA,NA,BLUE,18,NA,NA,NA,NA,0.937,FALSE,FALSE,NA,parsed_table,FALSE,834,525,199,4.190954773869347,309,NA,NA,890.0747065101386,2.880500668317601
20260401-clam-36C-C-vs-S,/Users/sr320/Documents/GitHub/resazurin-assay-development/data/clam/20260401-clam-36C-C-vs-S/plate-H-T1.0.txt,plate-H-T1.0.txt,h,1,2026-04-01T08:37:51Z,24.6,"528/20,528/20",B,2,B2,NA,SELECTED,NA,SELECTED,NA,NA,BLUE,18,NA,NA,NA,NA,0.937,FALSE,FALSE,NA,parsed_table,FALSE,1528,694,200,7.64,309,NA,NA,1630.7363927427962,5.277464054183806
20260401-clam-36C-C-vs-S,/Users/sr320/Documents/GitHub/resazurin-assay-development/data/clam/20260401-clam-36C-C-vs-S/plate-H-T1.5.txt,plate-H-T1.5.txt,h,1.5,2026-04-01T09:10:24Z,25.2,"528/20,528/20",B,2,B2,NA,SELECTED,NA,SELECTED,NA,NA,BLUE,18,NA,NA,NA,NA,0.937,FALSE,FALSE,NA,parsed_table,FALSE,2591,1063,200,12.955,309,NA,NA,2765.2081109925293,8.948893563082619
20260401-clam-36C-C-vs-S,/Users/sr320/Documents/GitHub/resazurin-assay-development/data/clam/20260401-clam-36C-C-vs-S/plate-H-T2.0.txt,plate-H-T2.0.txt,h,2,2026-04-01T09:41:53Z,25.5,"528/20,528/20",B,2,B2,NA,SELECTED,NA,SELECTED,NA,NA,BLUE,18,NA,NA,NA,NA,0.937,FALSE,FALSE,NA,parsed_table,FALSE,3490,899,203,17.192118226600986,309,NA,NA,3724.6531483457843,12.05389368396694
20260401-clam-36C-C-vs-S,/Users/sr320/Documents/GitHub/resazurin-assay-development/data/clam/20260401-clam-36C-C-vs-S/plate-H-T2.5.txt,plate-H-T2.5.txt,h,2.5,2026-04-01T10:14:35Z,25.7,"528/20,528/20",B,2,B2,NA,SELECTED,NA,SELECTED,NA,NA,BLUE,18,NA,NA,NA,NA,0.937,FALSE,FALSE,NA,parsed_table,FALSE,5223,1733,8871,0.5887724044639838,309,NA,NA,5574.172892209178,18.039394473168862
20260401-clam-36C-C-vs-S,/Users/sr320/Documents/GitHub/resazurin-assay-development/data/clam/20260401-clam-36C-C-vs-S/plate-H-T3.0.txt,plate-H-T3.0.txt,h,3,2026-04-01T11:23:24Z,26.1,"528/20,528/20",B,2,B2,NA,SELECTED,NA,SELECTED,NA,NA,BLUE,18,NA,NA,NA,NA,0.937,FALSE,FALSE,NA,parsed_table,FALSE,5787,564,211,27.42654028436019,309,NA,NA,6176.093916755603,19.987358953901627
20260401-clam-36C-C-vs-S,/Users/sr320/Documents/GitHub/resazurin-assay-development/data/clam/20260401-clam-36C-C-vs-S/plate-H-T3.5.txt,plate-H-T3.5.txt,h,3.5,2026-04-01T11:58:19Z,26.4,"528/20,528/20",B,2,B2,NA,SELECTED,NA,SELECTED,NA,NA,BLUE,18,NA,NA,NA,NA,0.937,FALSE,FALSE,NA,parsed_table,FALSE,6560,773,212,30.943396226415093,309,NA,NA,7001.067235859125,22.657175520579692
20260401-clam-36C-C-vs-S,/Users/sr320/Documents/GitHub/resazurin-assay-development/data/clam/20260401-clam-36C-C-vs-S/plate-H-T4.0.txt,plate-H-T4.0.txt,h,4,2026-04-01T12:29:58Z,26.4,"528/20,528/20",B,2,B2,NA,SELECTED,NA,SELECTED,NA,NA,BLUE,18,NA,NA,NA,NA,0.937,FALSE,FALSE,NA,parsed_table,FALSE,7094,534,215,32.9953488372093,309,NA,NA,7570.971184631803,24.501524869358583
20260401-clam-36C-C-vs-S,/Users/sr320/Documents/GitHub/resazurin-assay-development/data/clam/20260401-clam-36C-C-vs-S/plate-H-T0.0.txt,plate-H-T0.0.txt,h,0,2026-04-01T07:35:53Z,23,"528/20,528/20",B,3,B3,NA,CONTROL,NA,CONTROL,NA,NA,TWEED,19,NA,NA,NA,NA,0.93,FALSE,FALSE,NA,parsed_table,FALSE,256,0,201,1.2736318407960199,256,NA,NA,275.26881720430106,1.075268817204301
20260401-clam-36C-C-vs-S,/Users/sr320/Documents/GitHub/resazurin-assay-development/data/clam/20260401-clam-36C-C-vs-S/plate-H-T0.5.txt,plate-H-T0.5.txt,h,0.5,2026-04-01T08:07:13Z,23.8,"528/20,528/20",B,3,B3,NA,CONTROL,NA,CONTROL,NA,NA,TWEED,19,NA,NA,NA,NA,0.93,FALSE,FALSE,NA,parsed_table,FALSE,747,491,199,3.7537688442211055,256,NA,NA,803.2258064516128,3.1376008064516125
20260401-clam-36C-C-vs-S,/Users/sr320/Documents/GitHub/resazurin-assay-development/data/clam/20260401-clam-36C-C-vs-S/plate-H-T1.0.txt,plate-H-T1.0.txt,h,1,2026-04-01T08:37:51Z,24.6,"528/20,528/20",B,3,B3,NA,CONTROL,NA,CONTROL,NA,NA,TWEED,19,NA,NA,NA,NA,0.93,FALSE,FALSE,NA,parsed_table,FALSE,1846,1099,200,9.23,256,NA,NA,1984.9462365591396,7.753696236559139
20260401-clam-36C-C-vs-S,/Users/sr320/Documents/GitHub/resazurin-assay-development/data/clam/20260401-clam-36C-C-vs-S/plate-H-T1.5.txt,plate-H-T1.5.txt,h,1.5,2026-04-01T09:10:24Z,25.2,"528/20,528/20",B,3,B3,NA,CONTROL,NA,CONTROL,NA,NA,TWEED,19,NA,NA,NA,NA,0.93,FALSE,FALSE,NA,parsed_table,FALSE,3591,1745,200,17.955,256,NA,NA,3861.290322580645,15.083165322580644
20260401-clam-36C-C-vs-S,/Users/sr320/Documents/GitHub/resazurin-assay-development/data/clam/20260401-clam-36C-C-vs-S/plate-H-T2.0.txt,plate-H-T2.0.txt,h,2,2026-04-01T09:41:53Z,25.5,"528/20,528/20",B,3,B3,NA,CONTROL,NA,CONTROL,NA,NA,TWEED,19,NA,NA,NA,NA,0.93,FALSE,FALSE,NA,parsed_table,FALSE,5132,1541,203,25.2807881773399,256,NA,NA,5518.279569892473,21.555779569892472
20260401-clam-36C-C-vs-S,/Users/sr320/Documents/GitHub/resazurin-assay-development/data/clam/20260401-clam-36C-C-vs-S/plate-H-T2.5.txt,plate-H-T2.5.txt,h,2.5,2026-04-01T10:14:35Z,25.7,"528/20,528/20",B,3,B3,NA,CONTROL,NA,CONTROL,NA,NA,TWEED,19,NA,NA,NA,NA,0.93,FALSE,FALSE,NA,parsed_table,FALSE,3665,-1467,8871,0.41314395220381017,256,NA,NA,3940.860215053763,15.393985215053762
20260401-clam-36C-C-vs-S,/Users/sr320/Documents/GitHub/resazurin-assay-development/data/clam/20260401-clam-36C-C-vs-S/plate-H-T3.0.txt,plate-H-T3.0.txt,h,3,2026-04-01T11:23:24Z,26.1,"528/20,528/20",B,3,B3,NA,CONTROL,NA,CONTROL,NA,NA,TWEED,19,NA,NA,NA,NA,0.93,FALSE,FALSE,NA,parsed_table,FALSE,8816,5151,211,41.78199052132702,256,NA,NA,9479.569892473119,37.02956989247312
20260401-clam-36C-C-vs-S,/Users/sr320/Documents/GitHub/resazurin-assay-development/data/clam/20260401-clam-36C-C-vs-S/plate-H-T3.5.txt,plate-H-T3.5.txt,h,3.5,2026-04-01T11:58:19Z,26.4,"528/20,528/20",B,3,B3,NA,CONTROL,NA,CONTROL,NA,NA,TWEED,19,NA,NA,NA,NA,0.93,FALSE,FALSE,NA,parsed_table,FALSE,9565,749,212,45.117924528301884,256,NA,NA,10284.946236559139,40.175571236559136
20260401-clam-36C-C-vs-S,/Users/sr320/Documents/GitHub/resazurin-assay-development/data/clam/20260401-clam-36C-C-vs-S/plate-H-T4.0.txt,plate-H-T4.0.txt,h,4,2026-04-01T12:29:58Z,26.4,"528/20,528/20",B,3,B3,NA,CONTROL,NA,CONTROL,NA,NA,TWEED,19,NA,NA,NA,NA,0.93,FALSE,FALSE,NA,parsed_table,FALSE,9587,22,215,44.59069767441861,256,NA,NA,10308.602150537634,40.26797715053763
20260401-clam-36C-C-vs-S,/Users/sr320/Documents/GitHub/resazurin-assay-development/data/clam/20260401-clam-36C-C-vs-S/plate-H-T0.0.txt,plate-H-T0.0.txt,h,0,2026-04-01T07:35:53Z,23,"528/20,528/20",B,4,B4,NA,CONTROL,NA,CONTROL,NA,NA,BLUE,20,NA,NA,NA,NA,1.25,FALSE,FALSE,NA,parsed_table,FALSE,336,0,201,1.671641791044776,336,NA,NA,268.8,0.8
20260401-clam-36C-C-vs-S,/Users/sr320/Documents/GitHub/resazurin-assay-development/data/clam/20260401-clam-36C-C-vs-S/plate-H-T0.5.txt,plate-H-T0.5.txt,h,0.5,2026-04-01T08:07:13Z,23.8,"528/20,528/20",B,4,B4,NA,CONTROL,NA,CONTROL,NA,NA,BLUE,20,NA,NA,NA,NA,1.25,FALSE,FALSE,NA,parsed_table,FALSE,2719,2383,199,13.663316582914574,336,NA,NA,2175.2,6.473809523809524
20260401-clam-36C-C-vs-S,/Users/sr320/Documents/GitHub/resazurin-assay-development/data/clam/20260401-clam-36C-C-vs-S/plate-H-T1.0.txt,plate-H-T1.0.txt,h,1,2026-04-01T08:37:51Z,24.6,"528/20,528/20",B,4,B4,NA,CONTROL,NA,CONTROL,NA,NA,BLUE,20,NA,NA,NA,NA,1.25,FALSE,FALSE,NA,parsed_table,FALSE,5884,3165,200,29.42,336,NA,NA,4707.2,14.00952380952381
20260401-clam-36C-C-vs-S,/Users/sr320/Documents/GitHub/resazurin-assay-development/data/clam/20260401-clam-36C-C-vs-S/plate-H-T1.5.txt,plate-H-T1.5.txt,h,1.5,2026-04-01T09:10:24Z,25.2,"528/20,528/20",B,4,B4,NA,CONTROL,NA,CONTROL,NA,NA,BLUE,20,NA,NA,NA,NA,1.25,FALSE,FALSE,NA,parsed_table,FALSE,8722,2838,200,43.61,336,NA,NA,6977.6,20.766666666666666
20260401-clam-36C-C-vs-S,/Users/sr320/Documents/GitHub/resazurin-assay-development/data/clam/20260401-clam-36C-C-vs-S/plate-H-T2.0.txt,plate-H-T2.0.txt,h,2,2026-04-01T09:41:53Z,25.5,"528/20,528/20",B,4,B4,NA,CONTROL,NA,CONTROL,NA,NA,BLUE,20,NA,NA,NA,NA,1.25,FALSE,FALSE,NA,parsed_table,FALSE,9228,506,203,45.45812807881774,336,NA,NA,7382.4,21.97142857142857
20260401-clam-36C-C-vs-S,/Users/sr320/Documents/GitHub/resazurin-assay-development/data/clam/20260401-clam-36C-C-vs-S/plate-H-T2.5.txt,plate-H-T2.5.txt,h,2.5,2026-04-01T10:14:35Z,25.7,"528/20,528/20",B,4,B4,NA,CONTROL,NA,CONTROL,NA,NA,BLUE,20,NA,NA,NA,NA,1.25,FALSE,FALSE,NA,parsed_table,FALSE,6243,-2985,8871,0.7037538045316198,336,NA,NA,4994.4,14.864285714285714
20260401-clam-36C-C-vs-S,/Users/sr320/Documents/GitHub/resazurin-assay-development/data/clam/20260401-clam-36C-C-vs-S/plate-H-T3.0.txt,plate-H-T3.0.txt,h,3,2026-04-01T11:23:24Z,26.1,"528/20,528/20",B,4,B4,NA,CONTROL,NA,CONTROL,NA,NA,BLUE,20,NA,NA,NA,NA,1.25,FALSE,FALSE,NA,parsed_table,FALSE,9863,3620,211,46.74407582938389,336,NA,NA,7890.4,23.483333333333334
20260401-clam-36C-C-vs-S,/Users/sr320/Documents/GitHub/resazurin-assay-development/data/clam/20260401-clam-36C-C-vs-S/plate-H-T3.5.txt,plate-H-T3.5.txt,h,3.5,2026-04-01T11:58:19Z,26.4,"528/20,528/20",B,4,B4,NA,CONTROL,NA,CONTROL,NA,NA,BLUE,20,NA,NA,NA,NA,1.25,FALSE,FALSE,NA,parsed_table,FALSE,9662,-201,212,45.575471698113205,336,NA,NA,7729.6,23.004761904761903
20260401-clam-36C-C-vs-S,/Users/sr320/Documents/GitHub/resazurin-assay-development/data/clam/20260401-clam-36C-C-vs-S/plate-H-T4.0.txt,plate-H-T4.0.txt,h,4,2026-04-01T12:29:58Z,26.4,"528/20,528/20",B,4,B4,NA,CONTROL,NA,CONTROL,NA,NA,BLUE,20,NA,NA,NA,NA,1.25,FALSE,FALSE,NA,parsed_table,FALSE,10118,456,215,47.06046511627907,336,NA,NA,8094.4,24.09047619047619
20260401-clam-36C-C-vs-S,/Users/sr320/Documents/GitHub/resazurin-assay-development/data/clam/20260401-clam-36C-C-vs-S/plate-H-T0.0.txt,plate-H-T0.0.txt,h,0,2026-04-01T07:35:53Z,23,"528/20,528/20",C,1,C1,NA,SELECTED,NA,SELECTED,NA,NA,TWEED,21,NA,NA,NA,NA,1.584,FALSE,FALSE,NA,parsed_table,FALSE,318,0,201,1.5820895522388059,318,NA,NA,200.75757575757575,0.6313131313131313
20260401-clam-36C-C-vs-S,/Users/sr320/Documents/GitHub/resazurin-assay-development/data/clam/20260401-clam-36C-C-vs-S/plate-H-T0.5.txt,plate-H-T0.5.txt,h,0.5,2026-04-01T08:07:13Z,23.8,"528/20,528/20",C,1,C1,NA,SELECTED,NA,SELECTED,NA,NA,TWEED,21,NA,NA,NA,NA,1.584,FALSE,FALSE,NA,parsed_table,FALSE,1409,1091,199,7.080402010050252,318,NA,NA,889.520202020202,2.7972333396861697
20260401-clam-36C-C-vs-S,/Users/sr320/Documents/GitHub/resazurin-assay-development/data/clam/20260401-clam-36C-C-vs-S/plate-H-T1.0.txt,plate-H-T1.0.txt,h,1,2026-04-01T08:37:51Z,24.6,"528/20,528/20",C,1,C1,NA,SELECTED,NA,SELECTED,NA,NA,TWEED,21,NA,NA,NA,NA,1.584,FALSE,FALSE,NA,parsed_table,FALSE,3283,1874,200,16.415,318,NA,NA,2072.60101010101,6.517613239311352
20260401-clam-36C-C-vs-S,/Users/sr320/Documents/GitHub/resazurin-assay-development/data/clam/20260401-clam-36C-C-vs-S/plate-H-T1.5.txt,plate-H-T1.5.txt,h,1.5,2026-04-01T09:10:24Z,25.2,"528/20,528/20",C,1,C1,NA,SELECTED,NA,SELECTED,NA,NA,TWEED,21,NA,NA,NA,NA,1.584,FALSE,FALSE,NA,parsed_table,FALSE,4472,1189,200,22.36,318,NA,NA,2823.2323232323233,8.878089066768311
20260401-clam-36C-C-vs-S,/Users/sr320/Documents/GitHub/resazurin-assay-development/data/clam/20260401-clam-36C-C-vs-S/plate-H-T2.0.txt,plate-H-T2.0.txt,h,2,2026-04-01T09:41:53Z,25.5,"528/20,528/20",C,1,C1,NA,SELECTED,NA,SELECTED,NA,NA,TWEED,21,NA,NA,NA,NA,1.584,FALSE,FALSE,NA,parsed_table,FALSE,5361,889,203,26.408866995073893,318,NA,NA,3384.469696969697,10.642986468458167
20260401-clam-36C-C-vs-S,/Users/sr320/Documents/GitHub/resazurin-assay-development/data/clam/20260401-clam-36C-C-vs-S/plate-H-T2.5.txt,plate-H-T2.5.txt,h,2.5,2026-04-01T10:14:35Z,25.7,"528/20,528/20",C,1,C1,NA,SELECTED,NA,SELECTED,NA,NA,TWEED,21,NA,NA,NA,NA,1.584,FALSE,FALSE,NA,parsed_table,FALSE,6762,1401,8871,0.7622590463307406,318,NA,NA,4268.939393939394,13.424337716790546
20260401-clam-36C-C-vs-S,/Users/sr320/Documents/GitHub/resazurin-assay-development/data/clam/20260401-clam-36C-C-vs-S/plate-H-T3.0.txt,plate-H-T3.0.txt,h,3,2026-04-01T11:23:24Z,26.1,"528/20,528/20",C,1,C1,NA,SELECTED,NA,SELECTED,NA,NA,TWEED,21,NA,NA,NA,NA,1.584,FALSE,FALSE,NA,parsed_table,FALSE,7593,831,211,35.985781990521325,318,NA,NA,4793.560606060606,15.074089956165428
20260401-clam-36C-C-vs-S,/Users/sr320/Documents/GitHub/resazurin-assay-development/data/clam/20260401-clam-36C-C-vs-S/plate-H-T3.5.txt,plate-H-T3.5.txt,h,3.5,2026-04-01T11:58:19Z,26.4,"528/20,528/20",C,1,C1,NA,SELECTED,NA,SELECTED,NA,NA,TWEED,21,NA,NA,NA,NA,1.584,FALSE,FALSE,NA,parsed_table,FALSE,8290,697,212,39.10377358490566,318,NA,NA,5233.585858585859,16.457817165364336
20260401-clam-36C-C-vs-S,/Users/sr320/Documents/GitHub/resazurin-assay-development/data/clam/20260401-clam-36C-C-vs-S/plate-H-T4.0.txt,plate-H-T4.0.txt,h,4,2026-04-01T12:29:58Z,26.4,"528/20,528/20",C,1,C1,NA,SELECTED,NA,SELECTED,NA,NA,TWEED,21,NA,NA,NA,NA,1.584,FALSE,FALSE,NA,parsed_table,FALSE,8666,376,215,40.306976744186045,318,NA,NA,5470.959595959595,17.20427545899244
20260401-clam-36C-C-vs-S,/Users/sr320/Documents/GitHub/resazurin-assay-development/data/clam/20260401-clam-36C-C-vs-S/plate-H-T0.0.txt,plate-H-T0.0.txt,h,0,2026-04-01T07:35:53Z,23,"528/20,528/20",C,2,C2,NA,NA,NA,NA,NA,NA,NA,NA,NA,NA,NA,NA,NA,TRUE,FALSE,NA,parsed_table,FALSE,201,0,201,1,NA,NA,NA,NA,NA
20260401-clam-36C-C-vs-S,/Users/sr320/Documents/GitHub/resazurin-assay-development/data/clam/20260401-clam-36C-C-vs-S/plate-H-T0.5.txt,plate-H-T0.5.txt,h,0.5,2026-04-01T08:07:13Z,23.8,"528/20,528/20",C,2,C2,NA,NA,NA,NA,NA,NA,NA,NA,NA,NA,NA,NA,NA,TRUE,FALSE,NA,parsed_table,FALSE,199,-2,199,1,NA,NA,NA,NA,NA
20260401-clam-36C-C-vs-S,/Users/sr320/Documents/GitHub/resazurin-assay-development/data/clam/20260401-clam-36C-C-vs-S/plate-H-T1.0.txt,plate-H-T1.0.txt,h,1,2026-04-01T08:37:51Z,24.6,"528/20,528/20",C,2,C2,NA,NA,NA,NA,NA,NA,NA,NA,NA,NA,NA,NA,NA,TRUE,FALSE,NA,parsed_table,FALSE,200,1,200,1,NA,NA,NA,NA,NA
20260401-clam-36C-C-vs-S,/Users/sr320/Documents/GitHub/resazurin-assay-development/data/clam/20260401-clam-36C-C-vs-S/plate-H-T1.5.txt,plate-H-T1.5.txt,h,1.5,2026-04-01T09:10:24Z,25.2,"528/20,528/20",C,2,C2,NA,NA,NA,NA,NA,NA,NA,NA,NA,NA,NA,NA,NA,TRUE,FALSE,NA,parsed_table,FALSE,200,0,200,1,NA,NA,NA,NA,NA
20260401-clam-36C-C-vs-S,/Users/sr320/Documents/GitHub/resazurin-assay-development/data/clam/20260401-clam-36C-C-vs-S/plate-H-T2.0.txt,plate-H-T2.0.txt,h,2,2026-04-01T09:41:53Z,25.5,"528/20,528/20",C,2,C2,NA,NA,NA,NA,NA,NA,NA,NA,NA,NA,NA,NA,NA,TRUE,FALSE,NA,parsed_table,FALSE,203,3,203,1,NA,NA,NA,NA,NA
20260401-clam-36C-C-vs-S,/Users/sr320/Documents/GitHub/resazurin-assay-development/data/clam/20260401-clam-36C-C-vs-S/plate-H-T2.5.txt,plate-H-T2.5.txt,h,2.5,2026-04-01T10:14:35Z,25.7,"528/20,528/20",C,2,C2,NA,NA,NA,NA,NA,NA,NA,NA,NA,NA,NA,NA,NA,TRUE,FALSE,NA,parsed_table,FALSE,8871,8668,8871,1,NA,NA,NA,NA,NA
20260401-clam-36C-C-vs-S,/Users/sr320/Documents/GitHub/resazurin-assay-development/data/clam/20260401-clam-36C-C-vs-S/plate-H-T3.0.txt,plate-H-T3.0.txt,h,3,2026-04-01T11:23:24Z,26.1,"528/20,528/20",C,2,C2,NA,NA,NA,NA,NA,NA,NA,NA,NA,NA,NA,NA,NA,TRUE,FALSE,NA,parsed_table,FALSE,211,-8660,211,1,NA,NA,NA,NA,NA
20260401-clam-36C-C-vs-S,/Users/sr320/Documents/GitHub/resazurin-assay-development/data/clam/20260401-clam-36C-C-vs-S/plate-H-T3.5.txt,plate-H-T3.5.txt,h,3.5,2026-04-01T11:58:19Z,26.4,"528/20,528/20",C,2,C2,NA,NA,NA,NA,NA,NA,NA,NA,NA,NA,NA,NA,NA,TRUE,FALSE,NA,parsed_table,FALSE,212,1,212,1,NA,NA,NA,NA,NA
20260401-clam-36C-C-vs-S,/Users/sr320/Documents/GitHub/resazurin-assay-development/data/clam/20260401-clam-36C-C-vs-S/plate-H-T4.0.txt,plate-H-T4.0.txt,h,4,2026-04-01T12:29:58Z,26.4,"528/20,528/20",C,2,C2,NA,NA,NA,NA,NA,NA,NA,NA,NA,NA,NA,NA,NA,TRUE,FALSE,NA,parsed_table,FALSE,215,3,215,1,NA,NA,NA,NA,NA
20260401-clam-36C-C-vs-S,/Users/sr320/Documents/GitHub/resazurin-assay-development/data/clam/20260401-clam-36C-C-vs-S/plate-H-T0.0.txt,plate-H-T0.0.txt,h,0,2026-04-01T07:35:53Z,23,"528/20,528/20",C,3,C3,NA,CONTROL,NA,CONTROL,NA,NA,TWEED,23,NA,NA,NA,NA,1.307,FALSE,FALSE,NA,parsed_table,FALSE,317,0,201,1.5771144278606966,317,NA,NA,242.54016832440706,0.7651109410864576
20260401-clam-36C-C-vs-S,/Users/sr320/Documents/GitHub/resazurin-assay-development/data/clam/20260401-clam-36C-C-vs-S/plate-H-T0.5.txt,plate-H-T0.5.txt,h,0.5,2026-04-01T08:07:13Z,23.8,"528/20,528/20",C,3,C3,NA,CONTROL,NA,CONTROL,NA,NA,TWEED,23,NA,NA,NA,NA,1.307,FALSE,FALSE,NA,parsed_table,FALSE,1088,771,199,5.467336683417085,317,NA,NA,832.4407039020658,2.625995911362984
20260401-clam-36C-C-vs-S,/Users/sr320/Documents/GitHub/resazurin-assay-development/data/clam/20260401-clam-36C-C-vs-S/plate-H-T1.0.txt,plate-H-T1.0.txt,h,1,2026-04-01T08:37:51Z,24.6,"528/20,528/20",C,3,C3,NA,CONTROL,NA,CONTROL,NA,NA,TWEED,23,NA,NA,NA,NA,1.307,FALSE,FALSE,NA,parsed_table,FALSE,2129,1041,200,10.645,317,NA,NA,1628.9211935730682,5.1385526611137795
20260401-clam-36C-C-vs-S,/Users/sr320/Documents/GitHub/resazurin-assay-development/data/clam/20260401-clam-36C-C-vs-S/plate-H-T1.5.txt,plate-H-T1.5.txt,h,1.5,2026-04-01T09:10:24Z,25.2,"528/20,528/20",C,3,C3,NA,CONTROL,NA,CONTROL,NA,NA,TWEED,23,NA,NA,NA,NA,1.307,FALSE,FALSE,NA,parsed_table,FALSE,2971,842,200,14.855,317,NA,NA,2273.1446059678656,7.1708031734002065
20260401-clam-36C-C-vs-S,/Users/sr320/Documents/GitHub/resazurin-assay-development/data/clam/20260401-clam-36C-C-vs-S/plate-H-T2.0.txt,plate-H-T2.0.txt,h,2,2026-04-01T09:41:53Z,25.5,"528/20,528/20",C,3,C3,NA,CONTROL,NA,CONTROL,NA,NA,TWEED,23,NA,NA,NA,NA,1.307,FALSE,FALSE,NA,parsed_table,FALSE,4780,1809,203,23.54679802955665,317,NA,NA,3657.2302983932673,11.537004095877816
20260401-clam-36C-C-vs-S,/Users/sr320/Documents/GitHub/resazurin-assay-development/data/clam/20260401-clam-36C-C-vs-S/plate-H-T2.5.txt,plate-H-T2.5.txt,h,2.5,2026-04-01T10:14:35Z,25.7,"528/20,528/20",C,3,C3,NA,CONTROL,NA,CONTROL,NA,NA,TWEED,23,NA,NA,NA,NA,1.307,FALSE,FALSE,NA,parsed_table,FALSE,210,-4570,8871,0.023672641190395673,317,NA,NA,160.6732976281561,0.5068558284799877
20260401-clam-36C-C-vs-S,/Users/sr320/Documents/GitHub/resazurin-assay-development/data/clam/20260401-clam-36C-C-vs-S/plate-H-T3.0.txt,plate-H-T3.0.txt,h,3,2026-04-01T11:23:24Z,26.1,"528/20,528/20",C,3,C3,NA,CONTROL,NA,CONTROL,NA,NA,TWEED,23,NA,NA,NA,NA,1.307,FALSE,FALSE,NA,parsed_table,FALSE,7579,7369,211,35.91943127962085,317,NA,NA,5798.775822494262,18.29266820976108
20260401-clam-36C-C-vs-S,/Users/sr320/Documents/GitHub/resazurin-assay-development/data/clam/20260401-clam-36C-C-vs-S/plate-H-T3.5.txt,plate-H-T3.5.txt,h,3.5,2026-04-01T11:58:19Z,26.4,"528/20,528/20",C,3,C3,NA,CONTROL,NA,CONTROL,NA,NA,TWEED,23,NA,NA,NA,NA,1.307,FALSE,FALSE,NA,parsed_table,FALSE,8053,474,212,37.985849056603776,317,NA,NA,6161.438408569243,19.436714222615908
20260401-clam-36C-C-vs-S,/Users/sr320/Documents/GitHub/resazurin-assay-development/data/clam/20260401-clam-36C-C-vs-S/plate-H-T4.0.txt,plate-H-T4.0.txt,h,4,2026-04-01T12:29:58Z,26.4,"528/20,528/20",C,3,C3,NA,CONTROL,NA,CONTROL,NA,NA,TWEED,23,NA,NA,NA,NA,1.307,FALSE,FALSE,NA,parsed_table,FALSE,8659,606,215,40.27441860465116,317,NA,NA,6625.095638867636,20.89935532765816
20260401-clam-36C-C-vs-S,/Users/sr320/Documents/GitHub/resazurin-assay-development/data/clam/20260401-clam-36C-C-vs-S/plate-H-T0.0.txt,plate-H-T0.0.txt,h,0,2026-04-01T07:35:53Z,23,"528/20,528/20",C,4,C4,NA,CONTROL,NA,CONTROL,NA,NA,BLUE,24,NA,NA,NA,NA,1.215,FALSE,FALSE,NA,parsed_table,FALSE,306,0,201,1.5223880597014925,306,NA,NA,251.85185185185185,0.8230452674897119
20260401-clam-36C-C-vs-S,/Users/sr320/Documents/GitHub/resazurin-assay-development/data/clam/20260401-clam-36C-C-vs-S/plate-H-T0.5.txt,plate-H-T0.5.txt,h,0.5,2026-04-01T08:07:13Z,23.8,"528/20,528/20",C,4,C4,NA,CONTROL,NA,CONTROL,NA,NA,BLUE,24,NA,NA,NA,NA,1.215,FALSE,FALSE,NA,parsed_table,FALSE,2757,2451,199,13.85427135678392,306,NA,NA,2269.135802469136,7.415476478657306
20260401-clam-36C-C-vs-S,/Users/sr320/Documents/GitHub/resazurin-assay-development/data/clam/20260401-clam-36C-C-vs-S/plate-H-T1.0.txt,plate-H-T1.0.txt,h,1,2026-04-01T08:37:51Z,24.6,"528/20,528/20",C,4,C4,NA,CONTROL,NA,CONTROL,NA,NA,BLUE,24,NA,NA,NA,NA,1.215,FALSE,FALSE,NA,parsed_table,FALSE,6132,3375,200,30.66,306,NA,NA,5046.913580246914,16.493181634793835
20260401-clam-36C-C-vs-S,/Users/sr320/Documents/GitHub/resazurin-assay-development/data/clam/20260401-clam-36C-C-vs-S/plate-H-T1.5.txt,plate-H-T1.5.txt,h,1.5,2026-04-01T09:10:24Z,25.2,"528/20,528/20",C,4,C4,NA,CONTROL,NA,CONTROL,NA,NA,BLUE,24,NA,NA,NA,NA,1.215,FALSE,FALSE,NA,parsed_table,FALSE,7356,1224,200,36.78,306,NA,NA,6054.320987654321,19.785362704752682
20260401-clam-36C-C-vs-S,/Users/sr320/Documents/GitHub/resazurin-assay-development/data/clam/20260401-clam-36C-C-vs-S/plate-H-T2.0.txt,plate-H-T2.0.txt,h,2,2026-04-01T09:41:53Z,25.5,"528/20,528/20",C,4,C4,NA,CONTROL,NA,CONTROL,NA,NA,BLUE,24,NA,NA,NA,NA,1.215,FALSE,FALSE,NA,parsed_table,FALSE,7841,485,203,38.6256157635468,306,NA,NA,6453.497942386831,21.089862556819707
20260401-clam-36C-C-vs-S,/Users/sr320/Documents/GitHub/resazurin-assay-development/data/clam/20260401-clam-36C-C-vs-S/plate-H-T2.5.txt,plate-H-T2.5.txt,h,2.5,2026-04-01T10:14:35Z,25.7,"528/20,528/20",C,4,C4,NA,CONTROL,NA,CONTROL,NA,NA,BLUE,24,NA,NA,NA,NA,1.215,FALSE,FALSE,NA,parsed_table,FALSE,8795,954,8871,0.991432758426333,306,NA,NA,7238.683127572016,23.655827214287633
20260401-clam-36C-C-vs-S,/Users/sr320/Documents/GitHub/resazurin-assay-development/data/clam/20260401-clam-36C-C-vs-S/plate-H-T3.0.txt,plate-H-T3.0.txt,h,3,2026-04-01T11:23:24Z,26.1,"528/20,528/20",C,4,C4,NA,CONTROL,NA,CONTROL,NA,NA,BLUE,24,NA,NA,NA,NA,1.215,FALSE,FALSE,NA,parsed_table,FALSE,8619,-176,211,40.84834123222749,306,NA,NA,7093.827160493826,23.18244170096022
20260401-clam-36C-C-vs-S,/Users/sr320/Documents/GitHub/resazurin-assay-development/data/clam/20260401-clam-36C-C-vs-S/plate-H-T3.5.txt,plate-H-T3.5.txt,h,3.5,2026-04-01T11:58:19Z,26.4,"528/20,528/20",C,4,C4,NA,CONTROL,NA,CONTROL,NA,NA,BLUE,24,NA,NA,NA,NA,1.215,FALSE,FALSE,NA,parsed_table,FALSE,8683,64,212,40.95754716981132,306,NA,NA,7146.502057613168,23.354581887624732
20260401-clam-36C-C-vs-S,/Users/sr320/Documents/GitHub/resazurin-assay-development/data/clam/20260401-clam-36C-C-vs-S/plate-H-T4.0.txt,plate-H-T4.0.txt,h,4,2026-04-01T12:29:58Z,26.4,"528/20,528/20",C,4,C4,NA,CONTROL,NA,CONTROL,NA,NA,BLUE,24,NA,NA,NA,NA,1.215,FALSE,FALSE,NA,parsed_table,FALSE,8716,33,215,40.53953488372093,306,NA,NA,7173.662551440329,23.443341671373624
20260401-clam-36C-C-vs-S,/Users/sr320/Documents/GitHub/resazurin-assay-development/data/clam/20260401-clam-36C-C-vs-S/plate-I-T0.0.txt,plate-I-T0.0.txt,i,0,2026-04-01T07:36:48Z,23,"528/20,528/20",A,1,A1,NA,SELECTED,NA,SELECTED,NA,NA,TWEED,25,NA,NA,NA,NA,1.201,FALSE,FALSE,NA,parsed_table,FALSE,279,0,209,1.3349282296650717,279,NA,NA,232.30641132389675,0.832639467110741
20260401-clam-36C-C-vs-S,/Users/sr320/Documents/GitHub/resazurin-assay-development/data/clam/20260401-clam-36C-C-vs-S/plate-I-T0.5.txt,plate-I-T0.5.txt,i,0.5,2026-04-01T08:08:34Z,23.9,"528/20,528/20",A,1,A1,NA,SELECTED,NA,SELECTED,NA,NA,TWEED,25,NA,NA,NA,NA,1.201,FALSE,FALSE,NA,parsed_table,FALSE,1008,729,209,4.822966507177034,279,NA,NA,839.300582847627,3.008245816658161
20260401-clam-36C-C-vs-S,/Users/sr320/Documents/GitHub/resazurin-assay-development/data/clam/20260401-clam-36C-C-vs-S/plate-I-T1.0.txt,plate-I-T1.0.txt,i,1,2026-04-01T08:39:08Z,24.6,"528/20,528/20",A,1,A1,NA,SELECTED,NA,SELECTED,NA,NA,TWEED,25,NA,NA,NA,NA,1.201,FALSE,FALSE,NA,parsed_table,FALSE,2220,1212,210,10.571428571428571,279,NA,NA,1848.459616985845,6.6253032866876165
20260401-clam-36C-C-vs-S,/Users/sr320/Documents/GitHub/resazurin-assay-development/data/clam/20260401-clam-36C-C-vs-S/plate-I-T1.5.txt,plate-I-T1.5.txt,i,1.5,2026-04-01T09:11:54Z,25.2,"528/20,528/20",A,1,A1,NA,SELECTED,NA,SELECTED,NA,NA,TWEED,25,NA,NA,NA,NA,1.201,FALSE,FALSE,NA,parsed_table,FALSE,3473,1253,206,16.859223300970875,279,NA,NA,2891.7568692756035,10.364719961561303
20260401-clam-36C-C-vs-S,/Users/sr320/Documents/GitHub/resazurin-assay-development/data/clam/20260401-clam-36C-C-vs-S/plate-I-T2.0.txt,plate-I-T2.0.txt,i,2,2026-04-01T09:43:02Z,25.5,"528/20,528/20",A,1,A1,NA,SELECTED,NA,SELECTED,NA,NA,TWEED,25,NA,NA,NA,NA,1.201,FALSE,FALSE,NA,parsed_table,FALSE,4349,876,207,21.00966183574879,279,NA,NA,3621.1490424646126,12.97902882603804
20260401-clam-36C-C-vs-S,/Users/sr320/Documents/GitHub/resazurin-assay-development/data/clam/20260401-clam-36C-C-vs-S/plate-I-T2.5.txt,plate-I-T2.5.txt,i,2.5,2026-04-01T10:17:02Z,25.7,"528/20,528/20",A,1,A1,NA,SELECTED,NA,SELECTED,NA,NA,TWEED,25,NA,NA,NA,NA,1.201,FALSE,FALSE,NA,parsed_table,FALSE,5655,1306,209,27.057416267942585,279,NA,NA,4708.57618651124,16.876617155954268
20260401-clam-36C-C-vs-S,/Users/sr320/Documents/GitHub/resazurin-assay-development/data/clam/20260401-clam-36C-C-vs-S/plate-I-T3.0.txt,plate-I-T3.0.txt,i,3,2026-04-01T11:24:50Z,26.1,"528/20,528/20",A,1,A1,NA,SELECTED,NA,SELECTED,NA,NA,TWEED,25,NA,NA,NA,NA,1.201,FALSE,FALSE,NA,parsed_table,FALSE,9014,3359,212,42.5188679245283,279,NA,NA,7505.412156536219,26.90111884063161
20260401-clam-36C-C-vs-S,/Users/sr320/Documents/GitHub/resazurin-assay-development/data/clam/20260401-clam-36C-C-vs-S/plate-I-T3.5.txt,plate-I-T3.5.txt,i,3.5,2026-04-01T11:59:49Z,26.4,"528/20,528/20",A,1,A1,NA,SELECTED,NA,SELECTED,NA,NA,TWEED,25,NA,NA,NA,NA,1.201,FALSE,FALSE,NA,parsed_table,FALSE,9682,668,213,45.455399061032864,279,NA,NA,8061.615320566194,28.894678568337614
20260401-clam-36C-C-vs-S,/Users/sr320/Documents/GitHub/resazurin-assay-development/data/clam/20260401-clam-36C-C-vs-S/plate-I-T4.0.txt,plate-I-T4.0.txt,i,4,2026-04-01T12:31:03Z,26.4,"528/20,528/20",A,1,A1,NA,SELECTED,NA,SELECTED,NA,NA,TWEED,25,NA,NA,NA,NA,1.201,FALSE,FALSE,NA,parsed_table,FALSE,9971,289,215,46.37674418604651,279,NA,NA,8302.248126561199,29.75716174394695
20260401-clam-36C-C-vs-S,/Users/sr320/Documents/GitHub/resazurin-assay-development/data/clam/20260401-clam-36C-C-vs-S/plate-I-T0.0.txt,plate-I-T0.0.txt,i,0,2026-04-01T07:36:48Z,23,"528/20,528/20",A,2,A2,NA,SELECTED,NA,SELECTED,NA,NA,BLUE,26,NA,NA,NA,NA,1.251,FALSE,FALSE,NA,parsed_table,FALSE,431,0,209,2.062200956937799,431,NA,NA,344.52438049560357,0.7993605115907275
20260401-clam-36C-C-vs-S,/Users/sr320/Documents/GitHub/resazurin-assay-development/data/clam/20260401-clam-36C-C-vs-S/plate-I-T0.5.txt,plate-I-T0.5.txt,i,0.5,2026-04-01T08:08:34Z,23.9,"528/20,528/20",A,2,A2,NA,SELECTED,NA,SELECTED,NA,NA,BLUE,26,NA,NA,NA,NA,1.251,FALSE,FALSE,NA,parsed_table,FALSE,1593,1162,209,7.62200956937799,431,NA,NA,1273.381294964029,2.9544809627935704
20260401-clam-36C-C-vs-S,/Users/sr320/Documents/GitHub/resazurin-assay-development/data/clam/20260401-clam-36C-C-vs-S/plate-I-T1.0.txt,plate-I-T1.0.txt,i,1,2026-04-01T08:39:08Z,24.6,"528/20,528/20",A,2,A2,NA,SELECTED,NA,SELECTED,NA,NA,BLUE,26,NA,NA,NA,NA,1.251,FALSE,FALSE,NA,parsed_table,FALSE,2913,1320,210,13.871428571428572,431,NA,NA,2328.537170263789,5.4026384460876775
20260401-clam-36C-C-vs-S,/Users/sr320/Documents/GitHub/resazurin-assay-development/data/clam/20260401-clam-36C-C-vs-S/plate-I-T1.5.txt,plate-I-T1.5.txt,i,1.5,2026-04-01T09:11:54Z,25.2,"528/20,528/20",A,2,A2,NA,SELECTED,NA,SELECTED,NA,NA,BLUE,26,NA,NA,NA,NA,1.251,FALSE,FALSE,NA,parsed_table,FALSE,4846,1933,206,23.524271844660195,431,NA,NA,3873.7010391686654,8.987705427305489
20260401-clam-36C-C-vs-S,/Users/sr320/Documents/GitHub/resazurin-assay-development/data/clam/20260401-clam-36C-C-vs-S/plate-I-T2.0.txt,plate-I-T2.0.txt,i,2,2026-04-01T09:43:02Z,25.5,"528/20,528/20",A,2,A2,NA,SELECTED,NA,SELECTED,NA,NA,BLUE,26,NA,NA,NA,NA,1.251,FALSE,FALSE,NA,parsed_table,FALSE,6999,2153,207,33.81159420289855,431,NA,NA,5594.724220623501,12.980798655738983
20260401-clam-36C-C-vs-S,/Users/sr320/Documents/GitHub/resazurin-assay-development/data/clam/20260401-clam-36C-C-vs-S/plate-I-T2.5.txt,plate-I-T2.5.txt,i,2.5,2026-04-01T10:17:02Z,25.7,"528/20,528/20",A,2,A2,NA,SELECTED,NA,SELECTED,NA,NA,BLUE,26,NA,NA,NA,NA,1.251,FALSE,FALSE,NA,parsed_table,FALSE,8191,1192,209,39.19138755980861,431,NA,NA,6547.561950439649,15.191559049743965
20260401-clam-36C-C-vs-S,/Users/sr320/Documents/GitHub/resazurin-assay-development/data/clam/20260401-clam-36C-C-vs-S/plate-I-T3.0.txt,plate-I-T3.0.txt,i,3,2026-04-01T11:24:50Z,26.1,"528/20,528/20",A,2,A2,NA,SELECTED,NA,SELECTED,NA,NA,BLUE,26,NA,NA,NA,NA,1.251,FALSE,FALSE,NA,parsed_table,FALSE,9610,1419,212,45.33018867924528,431,NA,NA,7681.854516386891,17.82332834428513
20260401-clam-36C-C-vs-S,/Users/sr320/Documents/GitHub/resazurin-assay-development/data/clam/20260401-clam-36C-C-vs-S/plate-I-T3.5.txt,plate-I-T3.5.txt,i,3.5,2026-04-01T11:59:49Z,26.4,"528/20,528/20",A,2,A2,NA,SELECTED,NA,SELECTED,NA,NA,BLUE,26,NA,NA,NA,NA,1.251,FALSE,FALSE,NA,parsed_table,FALSE,10083,473,213,47.33802816901409,431,NA,NA,8059.952038369305,18.700584775798852
20260401-clam-36C-C-vs-S,/Users/sr320/Documents/GitHub/resazurin-assay-development/data/clam/20260401-clam-36C-C-vs-S/plate-I-T4.0.txt,plate-I-T4.0.txt,i,4,2026-04-01T12:31:03Z,26.4,"528/20,528/20",A,2,A2,NA,SELECTED,NA,SELECTED,NA,NA,BLUE,26,NA,NA,NA,NA,1.251,FALSE,FALSE,NA,parsed_table,FALSE,10446,363,215,48.586046511627906,431,NA,NA,8350.119904076739,19.373828083704733
20260401-clam-36C-C-vs-S,/Users/sr320/Documents/GitHub/resazurin-assay-development/data/clam/20260401-clam-36C-C-vs-S/plate-I-T0.0.txt,plate-I-T0.0.txt,i,0,2026-04-01T07:36:48Z,23,"528/20,528/20",A,3,A3,NA,CONTROL,NA,CONTROL,NA,NA,TWEED,27,NA,NA,NA,NA,1.251,FALSE,FALSE,NA,parsed_table,FALSE,267,0,209,1.277511961722488,267,NA,NA,213.42925659472425,0.7993605115907275
20260401-clam-36C-C-vs-S,/Users/sr320/Documents/GitHub/resazurin-assay-development/data/clam/20260401-clam-36C-C-vs-S/plate-I-T0.5.txt,plate-I-T0.5.txt,i,0.5,2026-04-01T08:08:34Z,23.9,"528/20,528/20",A,3,A3,NA,CONTROL,NA,CONTROL,NA,NA,TWEED,27,NA,NA,NA,NA,1.251,FALSE,FALSE,NA,parsed_table,FALSE,933,666,209,4.464114832535885,267,NA,NA,745.8033573141488,2.793271001176587
20260401-clam-36C-C-vs-S,/Users/sr320/Documents/GitHub/resazurin-assay-development/data/clam/20260401-clam-36C-C-vs-S/plate-I-T1.0.txt,plate-I-T1.0.txt,i,1,2026-04-01T08:39:08Z,24.6,"528/20,528/20",A,3,A3,NA,CONTROL,NA,CONTROL,NA,NA,TWEED,27,NA,NA,NA,NA,1.251,FALSE,FALSE,NA,parsed_table,FALSE,1527,594,210,7.271428571428571,267,NA,NA,1220.623501199041,4.571623599996408
20260401-clam-36C-C-vs-S,/Users/sr320/Documents/GitHub/resazurin-assay-development/data/clam/20260401-clam-36C-C-vs-S/plate-I-T1.5.txt,plate-I-T1.5.txt,i,1.5,2026-04-01T09:11:54Z,25.2,"528/20,528/20",A,3,A3,NA,CONTROL,NA,CONTROL,NA,NA,TWEED,27,NA,NA,NA,NA,1.251,FALSE,FALSE,NA,parsed_table,FALSE,3739,2212,206,18.150485436893202,267,NA,NA,2988.80895283773,11.194041021864157
20260401-clam-36C-C-vs-S,/Users/sr320/Documents/GitHub/resazurin-assay-development/data/clam/20260401-clam-36C-C-vs-S/plate-I-T2.0.txt,plate-I-T2.0.txt,i,2,2026-04-01T09:43:02Z,25.5,"528/20,528/20",A,3,A3,NA,CONTROL,NA,CONTROL,NA,NA,TWEED,27,NA,NA,NA,NA,1.251,FALSE,FALSE,NA,parsed_table,FALSE,6278,2539,207,30.32850241545894,267,NA,NA,5018.385291766587,18.795450530961
20260401-clam-36C-C-vs-S,/Users/sr320/Documents/GitHub/resazurin-assay-development/data/clam/20260401-clam-36C-C-vs-S/plate-I-T2.5.txt,plate-I-T2.5.txt,i,2.5,2026-04-01T10:17:02Z,25.7,"528/20,528/20",A,3,A3,NA,CONTROL,NA,CONTROL,NA,NA,TWEED,27,NA,NA,NA,NA,1.251,FALSE,FALSE,NA,parsed_table,FALSE,7930,1652,209,37.942583732057415,267,NA,NA,6338.928856914469,23.741306580204004
20260401-clam-36C-C-vs-S,/Users/sr320/Documents/GitHub/resazurin-assay-development/data/clam/20260401-clam-36C-C-vs-S/plate-I-T3.0.txt,plate-I-T3.0.txt,i,3,2026-04-01T11:24:50Z,26.1,"528/20,528/20",A,3,A3,NA,CONTROL,NA,CONTROL,NA,NA,TWEED,27,NA,NA,NA,NA,1.251,FALSE,FALSE,NA,parsed_table,FALSE,9546,1616,212,45.028301886792455,267,NA,NA,7630.695443645084,28.579383684063988
20260401-clam-36C-C-vs-S,/Users/sr320/Documents/GitHub/resazurin-assay-development/data/clam/20260401-clam-36C-C-vs-S/plate-I-T3.5.txt,plate-I-T3.5.txt,i,3.5,2026-04-01T11:59:49Z,26.4,"528/20,528/20",A,3,A3,NA,CONTROL,NA,CONTROL,NA,NA,TWEED,27,NA,NA,NA,NA,1.251,FALSE,FALSE,NA,parsed_table,FALSE,9823,277,213,46.117370892018776,267,NA,NA,7852.118305355716,29.40868279159444
20260401-clam-36C-C-vs-S,/Users/sr320/Documents/GitHub/resazurin-assay-development/data/clam/20260401-clam-36C-C-vs-S/plate-I-T4.0.txt,plate-I-T4.0.txt,i,4,2026-04-01T12:31:03Z,26.4,"528/20,528/20",A,3,A3,NA,CONTROL,NA,CONTROL,NA,NA,TWEED,27,NA,NA,NA,NA,1.251,FALSE,FALSE,NA,parsed_table,FALSE,9939,116,215,46.22790697674419,267,NA,NA,7944.84412470024,29.755970504495284
20260401-clam-36C-C-vs-S,/Users/sr320/Documents/GitHub/resazurin-assay-development/data/clam/20260401-clam-36C-C-vs-S/plate-I-T0.0.txt,plate-I-T0.0.txt,i,0,2026-04-01T07:36:48Z,23,"528/20,528/20",A,4,A4,NA,CONTROL,NA,CONTROL,NA,NA,BLUE,28,NA,NA,NA,NA,1.243,FALSE,FALSE,NA,parsed_table,FALSE,404,0,209,1.9330143540669857,404,NA,NA,325.02011263073206,0.8045052292839903
20260401-clam-36C-C-vs-S,/Users/sr320/Documents/GitHub/resazurin-assay-development/data/clam/20260401-clam-36C-C-vs-S/plate-I-T0.5.txt,plate-I-T0.5.txt,i,0.5,2026-04-01T08:08:34Z,23.9,"528/20,528/20",A,4,A4,NA,CONTROL,NA,CONTROL,NA,NA,BLUE,28,NA,NA,NA,NA,1.243,FALSE,FALSE,NA,parsed_table,FALSE,2455,2051,209,11.746411483253588,404,NA,NA,1975.0603378921962,4.888763212604446
20260401-clam-36C-C-vs-S,/Users/sr320/Documents/GitHub/resazurin-assay-development/data/clam/20260401-clam-36C-C-vs-S/plate-I-T1.0.txt,plate-I-T1.0.txt,i,1,2026-04-01T08:39:08Z,24.6,"528/20,528/20",A,4,A4,NA,CONTROL,NA,CONTROL,NA,NA,BLUE,28,NA,NA,NA,NA,1.243,FALSE,FALSE,NA,parsed_table,FALSE,4886,2431,210,23.266666666666666,404,NA,NA,3930.8125502815765,9.729734035350438
20260401-clam-36C-C-vs-S,/Users/sr320/Documents/GitHub/resazurin-assay-development/data/clam/20260401-clam-36C-C-vs-S/plate-I-T1.5.txt,plate-I-T1.5.txt,i,1.5,2026-04-01T09:11:54Z,25.2,"528/20,528/20",A,4,A4,NA,CONTROL,NA,CONTROL,NA,NA,BLUE,28,NA,NA,NA,NA,1.243,FALSE,FALSE,NA,parsed_table,FALSE,5860,974,206,28.446601941747574,404,NA,NA,4714.400643604183,11.66930852377273
20260401-clam-36C-C-vs-S,/Users/sr320/Documents/GitHub/resazurin-assay-development/data/clam/20260401-clam-36C-C-vs-S/plate-I-T2.0.txt,plate-I-T2.0.txt,i,2,2026-04-01T09:43:02Z,25.5,"528/20,528/20",A,4,A4,NA,CONTROL,NA,CONTROL,NA,NA,BLUE,28,NA,NA,NA,NA,1.243,FALSE,FALSE,NA,parsed_table,FALSE,8043,2183,207,38.85507246376812,404,NA,NA,6470.635559131134,16.016424651314686
20260401-clam-36C-C-vs-S,/Users/sr320/Documents/GitHub/resazurin-assay-development/data/clam/20260401-clam-36C-C-vs-S/plate-I-T2.5.txt,plate-I-T2.5.txt,i,2.5,2026-04-01T10:17:02Z,25.7,"528/20,528/20",A,4,A4,NA,CONTROL,NA,CONTROL,NA,NA,BLUE,28,NA,NA,NA,NA,1.243,FALSE,FALSE,NA,parsed_table,FALSE,8557,514,209,40.942583732057415,404,NA,NA,6884.151246983105,17.039978334116594
20260401-clam-36C-C-vs-S,/Users/sr320/Documents/GitHub/resazurin-assay-development/data/clam/20260401-clam-36C-C-vs-S/plate-I-T3.0.txt,plate-I-T3.0.txt,i,3,2026-04-01T11:24:50Z,26.1,"528/20,528/20",A,4,A4,NA,CONTROL,NA,CONTROL,NA,NA,BLUE,28,NA,NA,NA,NA,1.243,FALSE,FALSE,NA,parsed_table,FALSE,9137,580,212,43.09905660377358,404,NA,NA,7350.764279967819,18.194961089029256
20260401-clam-36C-C-vs-S,/Users/sr320/Documents/GitHub/resazurin-assay-development/data/clam/20260401-clam-36C-C-vs-S/plate-I-T3.5.txt,plate-I-T3.5.txt,i,3.5,2026-04-01T11:59:49Z,26.4,"528/20,528/20",A,4,A4,NA,CONTROL,NA,CONTROL,NA,NA,BLUE,28,NA,NA,NA,NA,1.243,FALSE,FALSE,NA,parsed_table,FALSE,9199,62,213,43.18779342723005,404,NA,NA,7400.643604183427,18.31842476283026
20260401-clam-36C-C-vs-S,/Users/sr320/Documents/GitHub/resazurin-assay-development/data/clam/20260401-clam-36C-C-vs-S/plate-I-T4.0.txt,plate-I-T4.0.txt,i,4,2026-04-01T12:31:03Z,26.4,"528/20,528/20",A,4,A4,NA,CONTROL,NA,CONTROL,NA,NA,BLUE,28,NA,NA,NA,NA,1.243,FALSE,FALSE,NA,parsed_table,FALSE,8943,-256,215,41.5953488372093,404,NA,NA,7194.690265486725,17.808639271006747
20260401-clam-36C-C-vs-S,/Users/sr320/Documents/GitHub/resazurin-assay-development/data/clam/20260401-clam-36C-C-vs-S/plate-I-T0.0.txt,plate-I-T0.0.txt,i,0,2026-04-01T07:36:48Z,23,"528/20,528/20",B,1,B1,NA,SELECTED,NA,SELECTED,NA,NA,TWEED,29,NA,NA,NA,NA,1.13,FALSE,FALSE,NA,parsed_table,FALSE,279,0,209,1.3349282296650717,279,NA,NA,246.90265486725667,0.8849557522123894
20260401-clam-36C-C-vs-S,/Users/sr320/Documents/GitHub/resazurin-assay-development/data/clam/20260401-clam-36C-C-vs-S/plate-I-T0.5.txt,plate-I-T0.5.txt,i,0.5,2026-04-01T08:08:34Z,23.9,"528/20,528/20",B,1,B1,NA,SELECTED,NA,SELECTED,NA,NA,TWEED,29,NA,NA,NA,NA,1.13,FALSE,FALSE,NA,parsed_table,FALSE,819,540,209,3.9186602870813396,279,NA,NA,724.778761061947,2.597773337139595
20260401-clam-36C-C-vs-S,/Users/sr320/Documents/GitHub/resazurin-assay-development/data/clam/20260401-clam-36C-C-vs-S/plate-I-T1.0.txt,plate-I-T1.0.txt,i,1,2026-04-01T08:39:08Z,24.6,"528/20,528/20",B,1,B1,NA,SELECTED,NA,SELECTED,NA,NA,TWEED,29,NA,NA,NA,NA,1.13,FALSE,FALSE,NA,parsed_table,FALSE,2423,1604,210,11.538095238095238,279,NA,NA,2144.2477876106195,7.685475941256701
20260401-clam-36C-C-vs-S,/Users/sr320/Documents/GitHub/resazurin-assay-development/data/clam/20260401-clam-36C-C-vs-S/plate-I-T1.5.txt,plate-I-T1.5.txt,i,1.5,2026-04-01T09:11:54Z,25.2,"528/20,528/20",B,1,B1,NA,SELECTED,NA,SELECTED,NA,NA,TWEED,29,NA,NA,NA,NA,1.13,FALSE,FALSE,NA,parsed_table,FALSE,4657,2234,206,22.606796116504853,279,NA,NA,4121.238938053098,14.77146572778888
20260401-clam-36C-C-vs-S,/Users/sr320/Documents/GitHub/resazurin-assay-development/data/clam/20260401-clam-36C-C-vs-S/plate-I-T2.0.txt,plate-I-T2.0.txt,i,2,2026-04-01T09:43:02Z,25.5,"528/20,528/20",B,1,B1,NA,SELECTED,NA,SELECTED,NA,NA,TWEED,29,NA,NA,NA,NA,1.13,FALSE,FALSE,NA,parsed_table,FALSE,6396,1739,207,30.89855072463768,279,NA,NA,5660.176991150443,20.28737272813779
20260401-clam-36C-C-vs-S,/Users/sr320/Documents/GitHub/resazurin-assay-development/data/clam/20260401-clam-36C-C-vs-S/plate-I-T2.5.txt,plate-I-T2.5.txt,i,2.5,2026-04-01T10:17:02Z,25.7,"528/20,528/20",B,1,B1,NA,SELECTED,NA,SELECTED,NA,NA,TWEED,29,NA,NA,NA,NA,1.13,FALSE,FALSE,NA,parsed_table,FALSE,7788,1392,209,37.26315789473684,279,NA,NA,6892.035398230089,24.70263583595014
20260401-clam-36C-C-vs-S,/Users/sr320/Documents/GitHub/resazurin-assay-development/data/clam/20260401-clam-36C-C-vs-S/plate-I-T3.0.txt,plate-I-T3.0.txt,i,3,2026-04-01T11:24:50Z,26.1,"528/20,528/20",B,1,B1,NA,SELECTED,NA,SELECTED,NA,NA,TWEED,29,NA,NA,NA,NA,1.13,FALSE,FALSE,NA,parsed_table,FALSE,9523,1735,212,44.91981132075472,279,NA,NA,8427.433628318586,30.20585529863292
20260401-clam-36C-C-vs-S,/Users/sr320/Documents/GitHub/resazurin-assay-development/data/clam/20260401-clam-36C-C-vs-S/plate-I-T3.5.txt,plate-I-T3.5.txt,i,3.5,2026-04-01T11:59:49Z,26.4,"528/20,528/20",B,1,B1,NA,SELECTED,NA,SELECTED,NA,NA,TWEED,29,NA,NA,NA,NA,1.13,FALSE,FALSE,NA,parsed_table,FALSE,9758,235,213,45.81220657276995,279,NA,NA,8635.398230088496,30.951248136517904
20260401-clam-36C-C-vs-S,/Users/sr320/Documents/GitHub/resazurin-assay-development/data/clam/20260401-clam-36C-C-vs-S/plate-I-T4.0.txt,plate-I-T4.0.txt,i,4,2026-04-01T12:31:03Z,26.4,"528/20,528/20",B,1,B1,NA,SELECTED,NA,SELECTED,NA,NA,TWEED,29,NA,NA,NA,NA,1.13,FALSE,FALSE,NA,parsed_table,FALSE,9981,223,215,46.42325581395349,279,NA,NA,8832.74336283186,31.658578361404512
20260401-clam-36C-C-vs-S,/Users/sr320/Documents/GitHub/resazurin-assay-development/data/clam/20260401-clam-36C-C-vs-S/plate-I-T0.0.txt,plate-I-T0.0.txt,i,0,2026-04-01T07:36:48Z,23,"528/20,528/20",B,2,B2,NA,SELECTED,NA,SELECTED,NA,NA,BLUE,30,NA,NA,NA,NA,0.826,FALSE,FALSE,NA,parsed_table,FALSE,298,0,209,1.4258373205741626,298,NA,NA,360.77481840193707,1.2106537530266344
20260401-clam-36C-C-vs-S,/Users/sr320/Documents/GitHub/resazurin-assay-development/data/clam/20260401-clam-36C-C-vs-S/plate-I-T0.5.txt,plate-I-T0.5.txt,i,0.5,2026-04-01T08:08:34Z,23.9,"528/20,528/20",B,2,B2,NA,SELECTED,NA,SELECTED,NA,NA,BLUE,30,NA,NA,NA,NA,0.826,FALSE,FALSE,NA,parsed_table,FALSE,753,455,209,3.602870813397129,298,NA,NA,911.6222760290557,3.0591351544599186
20260401-clam-36C-C-vs-S,/Users/sr320/Documents/GitHub/resazurin-assay-development/data/clam/20260401-clam-36C-C-vs-S/plate-I-T1.0.txt,plate-I-T1.0.txt,i,1,2026-04-01T08:39:08Z,24.6,"528/20,528/20",B,2,B2,NA,SELECTED,NA,SELECTED,NA,NA,BLUE,30,NA,NA,NA,NA,0.826,FALSE,FALSE,NA,parsed_table,FALSE,1427,674,210,6.795238095238095,298,NA,NA,1727.6029055690074,5.797325186473179
20260401-clam-36C-C-vs-S,/Users/sr320/Documents/GitHub/resazurin-assay-development/data/clam/20260401-clam-36C-C-vs-S/plate-I-T1.5.txt,plate-I-T1.5.txt,i,1.5,2026-04-01T09:11:54Z,25.2,"528/20,528/20",B,2,B2,NA,SELECTED,NA,SELECTED,NA,NA,BLUE,30,NA,NA,NA,NA,0.826,FALSE,FALSE,NA,parsed_table,FALSE,3133,1706,206,15.20873786407767,298,NA,NA,3792.978208232446,12.728114792726329
20260401-clam-36C-C-vs-S,/Users/sr320/Documents/GitHub/resazurin-assay-development/data/clam/20260401-clam-36C-C-vs-S/plate-I-T2.0.txt,plate-I-T2.0.txt,i,2,2026-04-01T09:43:02Z,25.5,"528/20,528/20",B,2,B2,NA,SELECTED,NA,SELECTED,NA,NA,BLUE,30,NA,NA,NA,NA,0.826,FALSE,FALSE,NA,parsed_table,FALSE,4216,1083,207,20.367149758454108,298,NA,NA,5104.116222760291,17.127906787786213
20260401-clam-36C-C-vs-S,/Users/sr320/Documents/GitHub/resazurin-assay-development/data/clam/20260401-clam-36C-C-vs-S/plate-I-T2.5.txt,plate-I-T2.5.txt,i,2.5,2026-04-01T10:17:02Z,25.7,"528/20,528/20",B,2,B2,NA,SELECTED,NA,SELECTED,NA,NA,BLUE,30,NA,NA,NA,NA,0.826,FALSE,FALSE,NA,parsed_table,FALSE,5446,1230,209,26.057416267942585,298,NA,NA,6593.220338983051,22.124900466386077
20260401-clam-36C-C-vs-S,/Users/sr320/Documents/GitHub/resazurin-assay-development/data/clam/20260401-clam-36C-C-vs-S/plate-I-T3.0.txt,plate-I-T3.0.txt,i,3,2026-04-01T11:24:50Z,26.1,"528/20,528/20",B,2,B2,NA,SELECTED,NA,SELECTED,NA,NA,BLUE,30,NA,NA,NA,NA,0.826,FALSE,FALSE,NA,parsed_table,FALSE,7039,1593,212,33.20283018867924,298,NA,NA,8521.79176755448,28.596616669645904
20260401-clam-36C-C-vs-S,/Users/sr320/Documents/GitHub/resazurin-assay-development/data/clam/20260401-clam-36C-C-vs-S/plate-I-T3.5.txt,plate-I-T3.5.txt,i,3.5,2026-04-01T11:59:49Z,26.4,"528/20,528/20",B,2,B2,NA,SELECTED,NA,SELECTED,NA,NA,BLUE,30,NA,NA,NA,NA,0.826,FALSE,FALSE,NA,parsed_table,FALSE,7618,579,213,35.76525821596244,298,NA,NA,9222.760290556902,30.948860035425845
20260401-clam-36C-C-vs-S,/Users/sr320/Documents/GitHub/resazurin-assay-development/data/clam/20260401-clam-36C-C-vs-S/plate-I-T4.0.txt,plate-I-T4.0.txt,i,4,2026-04-01T12:31:03Z,26.4,"528/20,528/20",B,2,B2,NA,SELECTED,NA,SELECTED,NA,NA,BLUE,30,NA,NA,NA,NA,0.826,FALSE,FALSE,NA,parsed_table,FALSE,8333,715,215,38.75813953488372,298,NA,NA,10088.377723970945,33.85361652339243
20260401-clam-36C-C-vs-S,/Users/sr320/Documents/GitHub/resazurin-assay-development/data/clam/20260401-clam-36C-C-vs-S/plate-I-T0.0.txt,plate-I-T0.0.txt,i,0,2026-04-01T07:36:48Z,23,"528/20,528/20",B,3,B3,NA,CONTROL,NA,CONTROL,NA,NA,TWEED,31,NA,NA,NA,NA,1.064,FALSE,FALSE,NA,parsed_table,FALSE,311,0,209,1.4880382775119618,311,NA,NA,292.29323308270676,0.9398496240601504
20260401-clam-36C-C-vs-S,/Users/sr320/Documents/GitHub/resazurin-assay-development/data/clam/20260401-clam-36C-C-vs-S/plate-I-T0.5.txt,plate-I-T0.5.txt,i,0.5,2026-04-01T08:08:34Z,23.9,"528/20,528/20",B,3,B3,NA,CONTROL,NA,CONTROL,NA,NA,TWEED,31,NA,NA,NA,NA,1.064,FALSE,FALSE,NA,parsed_table,FALSE,930,619,209,4.44976076555024,311,NA,NA,874.0601503759398,2.810482798636462
20260401-clam-36C-C-vs-S,/Users/sr320/Documents/GitHub/resazurin-assay-development/data/clam/20260401-clam-36C-C-vs-S/plate-I-T1.0.txt,plate-I-T1.0.txt,i,1,2026-04-01T08:39:08Z,24.6,"528/20,528/20",B,3,B3,NA,CONTROL,NA,CONTROL,NA,NA,TWEED,31,NA,NA,NA,NA,1.064,FALSE,FALSE,NA,parsed_table,FALSE,1431,501,210,6.814285714285714,311,NA,NA,1344.9248120300751,4.324517080482557
20260401-clam-36C-C-vs-S,/Users/sr320/Documents/GitHub/resazurin-assay-development/data/clam/20260401-clam-36C-C-vs-S/plate-I-T1.5.txt,plate-I-T1.5.txt,i,1.5,2026-04-01T09:11:54Z,25.2,"528/20,528/20",B,3,B3,NA,CONTROL,NA,CONTROL,NA,NA,TWEED,31,NA,NA,NA,NA,1.064,FALSE,FALSE,NA,parsed_table,FALSE,2055,624,206,9.975728155339805,311,NA,NA,1931.390977443609,6.210260377632183
20260401-clam-36C-C-vs-S,/Users/sr320/Documents/GitHub/resazurin-assay-development/data/clam/20260401-clam-36C-C-vs-S/plate-I-T2.0.txt,plate-I-T2.0.txt,i,2,2026-04-01T09:43:02Z,25.5,"528/20,528/20",B,3,B3,NA,CONTROL,NA,CONTROL,NA,NA,TWEED,31,NA,NA,NA,NA,1.064,FALSE,FALSE,NA,parsed_table,FALSE,2811,756,207,13.579710144927537,311,NA,NA,2641.9172932330825,8.494910910717309
20260401-clam-36C-C-vs-S,/Users/sr320/Documents/GitHub/resazurin-assay-development/data/clam/20260401-clam-36C-C-vs-S/plate-I-T2.5.txt,plate-I-T2.5.txt,i,2.5,2026-04-01T10:17:02Z,25.7,"528/20,528/20",B,3,B3,NA,CONTROL,NA,CONTROL,NA,NA,TWEED,31,NA,NA,NA,NA,1.064,FALSE,FALSE,NA,parsed_table,FALSE,3726,915,209,17.827751196172247,311,NA,NA,3501.8796992481202,11.260063341633826
20260401-clam-36C-C-vs-S,/Users/sr320/Documents/GitHub/resazurin-assay-development/data/clam/20260401-clam-36C-C-vs-S/plate-I-T3.0.txt,plate-I-T3.0.txt,i,3,2026-04-01T11:24:50Z,26.1,"528/20,528/20",B,3,B3,NA,CONTROL,NA,CONTROL,NA,NA,TWEED,31,NA,NA,NA,NA,1.064,FALSE,FALSE,NA,parsed_table,FALSE,7971,4245,212,37.59905660377358,311,NA,NA,7491.541353383458,24.088557406377678
20260401-clam-36C-C-vs-S,/Users/sr320/Documents/GitHub/resazurin-assay-development/data/clam/20260401-clam-36C-C-vs-S/plate-I-T3.5.txt,plate-I-T3.5.txt,i,3.5,2026-04-01T11:59:49Z,26.4,"528/20,528/20",B,3,B3,NA,CONTROL,NA,CONTROL,NA,NA,TWEED,31,NA,NA,NA,NA,1.064,FALSE,FALSE,NA,parsed_table,FALSE,9004,1033,213,42.27230046948357,311,NA,NA,8462.406015037594,27.210308730024416
20260401-clam-36C-C-vs-S,/Users/sr320/Documents/GitHub/resazurin-assay-development/data/clam/20260401-clam-36C-C-vs-S/plate-I-T4.0.txt,plate-I-T4.0.txt,i,4,2026-04-01T12:31:03Z,26.4,"528/20,528/20",B,3,B3,NA,CONTROL,NA,CONTROL,NA,NA,TWEED,31,NA,NA,NA,NA,1.064,FALSE,FALSE,NA,parsed_table,FALSE,9588,584,215,44.5953488372093,311,NA,NA,9011.278195488721,28.97517104658753
20260401-clam-36C-C-vs-S,/Users/sr320/Documents/GitHub/resazurin-assay-development/data/clam/20260401-clam-36C-C-vs-S/plate-I-T0.0.txt,plate-I-T0.0.txt,i,0,2026-04-01T07:36:48Z,23,"528/20,528/20",B,4,B4,NA,CONTROL,NA,CONTROL,NA,NA,BLUE,32,NA,NA,NA,NA,0.926,FALSE,FALSE,NA,parsed_table,FALSE,262,0,209,1.2535885167464116,262,NA,NA,282.9373650107991,1.079913606911447
20260401-clam-36C-C-vs-S,/Users/sr320/Documents/GitHub/resazurin-assay-development/data/clam/20260401-clam-36C-C-vs-S/plate-I-T0.5.txt,plate-I-T0.5.txt,i,0.5,2026-04-01T08:08:34Z,23.9,"528/20,528/20",B,4,B4,NA,CONTROL,NA,CONTROL,NA,NA,BLUE,32,NA,NA,NA,NA,0.926,FALSE,FALSE,NA,parsed_table,FALSE,1228,966,209,5.875598086124402,262,NA,NA,1326.133909287257,5.061579806439912
20260401-clam-36C-C-vs-S,/Users/sr320/Documents/GitHub/resazurin-assay-development/data/clam/20260401-clam-36C-C-vs-S/plate-I-T1.0.txt,plate-I-T1.0.txt,i,1,2026-04-01T08:39:08Z,24.6,"528/20,528/20",B,4,B4,NA,CONTROL,NA,CONTROL,NA,NA,BLUE,32,NA,NA,NA,NA,0.926,FALSE,FALSE,NA,parsed_table,FALSE,2689,1461,210,12.804761904761905,262,NA,NA,2903.887688984881,11.083540797652219
20260401-clam-36C-C-vs-S,/Users/sr320/Documents/GitHub/resazurin-assay-development/data/clam/20260401-clam-36C-C-vs-S/plate-I-T1.5.txt,plate-I-T1.5.txt,i,1.5,2026-04-01T09:11:54Z,25.2,"528/20,528/20",B,4,B4,NA,CONTROL,NA,CONTROL,NA,NA,BLUE,32,NA,NA,NA,NA,0.926,FALSE,FALSE,NA,parsed_table,FALSE,4077,1388,206,19.79126213592233,262,NA,NA,4402.80777537797,16.804609829686907
20260401-clam-36C-C-vs-S,/Users/sr320/Documents/GitHub/resazurin-assay-development/data/clam/20260401-clam-36C-C-vs-S/plate-I-T2.0.txt,plate-I-T2.0.txt,i,2,2026-04-01T09:43:02Z,25.5,"528/20,528/20",B,4,B4,NA,CONTROL,NA,CONTROL,NA,NA,BLUE,32,NA,NA,NA,NA,0.926,FALSE,FALSE,NA,parsed_table,FALSE,4548,471,207,21.971014492753625,262,NA,NA,4911.447084233261,18.74598123753153
20260401-clam-36C-C-vs-S,/Users/sr320/Documents/GitHub/resazurin-assay-development/data/clam/20260401-clam-36C-C-vs-S/plate-I-T2.5.txt,plate-I-T2.5.txt,i,2.5,2026-04-01T10:17:02Z,25.7,"528/20,528/20",B,4,B4,NA,CONTROL,NA,CONTROL,NA,NA,BLUE,32,NA,NA,NA,NA,0.926,FALSE,FALSE,NA,parsed_table,FALSE,6313,1765,209,30.205741626794257,262,NA,NA,6817.494600431965,26.020971757373914
20260401-clam-36C-C-vs-S,/Users/sr320/Documents/GitHub/resazurin-assay-development/data/clam/20260401-clam-36C-C-vs-S/plate-I-T3.0.txt,plate-I-T3.0.txt,i,3,2026-04-01T11:24:50Z,26.1,"528/20,528/20",B,4,B4,NA,CONTROL,NA,CONTROL,NA,NA,BLUE,32,NA,NA,NA,NA,0.926,FALSE,FALSE,NA,parsed_table,FALSE,7634,1321,212,36.009433962264154,262,NA,NA,8244.060475161987,31.465879676190788
20260401-clam-36C-C-vs-S,/Users/sr320/Documents/GitHub/resazurin-assay-development/data/clam/20260401-clam-36C-C-vs-S/plate-I-T3.5.txt,plate-I-T3.5.txt,i,3.5,2026-04-01T11:59:49Z,26.4,"528/20,528/20",B,4,B4,NA,CONTROL,NA,CONTROL,NA,NA,BLUE,32,NA,NA,NA,NA,0.926,FALSE,FALSE,NA,parsed_table,FALSE,7737,103,213,36.32394366197183,262,NA,NA,8355.291576673866,31.890425865167426
20260401-clam-36C-C-vs-S,/Users/sr320/Documents/GitHub/resazurin-assay-development/data/clam/20260401-clam-36C-C-vs-S/plate-I-T4.0.txt,plate-I-T4.0.txt,i,4,2026-04-01T12:31:03Z,26.4,"528/20,528/20",B,4,B4,NA,CONTROL,NA,CONTROL,NA,NA,BLUE,32,NA,NA,NA,NA,0.926,FALSE,FALSE,NA,parsed_table,FALSE,7920,183,215,36.83720930232558,262,NA,NA,8552.91576673866,32.644716666941456
20260401-clam-36C-C-vs-S,/Users/sr320/Documents/GitHub/resazurin-assay-development/data/clam/20260401-clam-36C-C-vs-S/plate-I-T0.0.txt,plate-I-T0.0.txt,i,0,2026-04-01T07:36:48Z,23,"528/20,528/20",C,1,C1,NA,SELECTED,NA,SELECTED,NA,NA,TWEED,33,NA,NA,NA,NA,1.221,FALSE,FALSE,NA,parsed_table,FALSE,301,0,209,1.4401913875598087,301,NA,NA,246.5192465192465,0.8190008190008189
20260401-clam-36C-C-vs-S,/Users/sr320/Documents/GitHub/resazurin-assay-development/data/clam/20260401-clam-36C-C-vs-S/plate-I-T0.5.txt,plate-I-T0.5.txt,i,0.5,2026-04-01T08:08:34Z,23.9,"528/20,528/20",C,1,C1,NA,SELECTED,NA,SELECTED,NA,NA,TWEED,33,NA,NA,NA,NA,1.221,FALSE,FALSE,NA,parsed_table,FALSE,1113,812,209,5.3253588516746415,301,NA,NA,911.5479115479114,3.0283983772355865
20260401-clam-36C-C-vs-S,/Users/sr320/Documents/GitHub/resazurin-assay-development/data/clam/20260401-clam-36C-C-vs-S/plate-I-T1.0.txt,plate-I-T1.0.txt,i,1,2026-04-01T08:39:08Z,24.6,"528/20,528/20",C,1,C1,NA,SELECTED,NA,SELECTED,NA,NA,TWEED,33,NA,NA,NA,NA,1.221,FALSE,FALSE,NA,parsed_table,FALSE,2037,924,210,9.7,301,NA,NA,1668.3046683046682,5.542540426261356
20260401-clam-36C-C-vs-S,/Users/sr320/Documents/GitHub/resazurin-assay-development/data/clam/20260401-clam-36C-C-vs-S/plate-I-T1.5.txt,plate-I-T1.5.txt,i,1.5,2026-04-01T09:11:54Z,25.2,"528/20,528/20",C,1,C1,NA,SELECTED,NA,SELECTED,NA,NA,TWEED,33,NA,NA,NA,NA,1.221,FALSE,FALSE,NA,parsed_table,FALSE,3915,1878,206,19.00485436893204,301,NA,NA,3206.388206388206,10.652452512917629
20260401-clam-36C-C-vs-S,/Users/sr320/Documents/GitHub/resazurin-assay-development/data/clam/20260401-clam-36C-C-vs-S/plate-I-T2.0.txt,plate-I-T2.0.txt,i,2,2026-04-01T09:43:02Z,25.5,"528/20,528/20",C,1,C1,NA,SELECTED,NA,SELECTED,NA,NA,TWEED,33,NA,NA,NA,NA,1.221,FALSE,FALSE,NA,parsed_table,FALSE,5500,1585,207,26.570048309178745,301,NA,NA,4504.504504504504,14.96513124420101
20260401-clam-36C-C-vs-S,/Users/sr320/Documents/GitHub/resazurin-assay-development/data/clam/20260401-clam-36C-C-vs-S/plate-I-T2.5.txt,plate-I-T2.5.txt,i,2.5,2026-04-01T10:17:02Z,25.7,"528/20,528/20",C,1,C1,NA,SELECTED,NA,SELECTED,NA,NA,TWEED,33,NA,NA,NA,NA,1.221,FALSE,FALSE,NA,parsed_table,FALSE,7107,1607,209,34.004784688995215,301,NA,NA,5820.63882063882,19.337670500461197
20260401-clam-36C-C-vs-S,/Users/sr320/Documents/GitHub/resazurin-assay-development/data/clam/20260401-clam-36C-C-vs-S/plate-I-T3.0.txt,plate-I-T3.0.txt,i,3,2026-04-01T11:24:50Z,26.1,"528/20,528/20",C,1,C1,NA,SELECTED,NA,SELECTED,NA,NA,TWEED,33,NA,NA,NA,NA,1.221,FALSE,FALSE,NA,parsed_table,FALSE,9154,2047,212,43.179245283018865,301,NA,NA,7497.133497133496,24.907420256257463
20260401-clam-36C-C-vs-S,/Users/sr320/Documents/GitHub/resazurin-assay-development/data/clam/20260401-clam-36C-C-vs-S/plate-I-T3.5.txt,plate-I-T3.5.txt,i,3.5,2026-04-01T11:59:49Z,26.4,"528/20,528/20",C,1,C1,NA,SELECTED,NA,SELECTED,NA,NA,TWEED,33,NA,NA,NA,NA,1.221,FALSE,FALSE,NA,parsed_table,FALSE,9875,721,213,46.36150234741784,301,NA,NA,8087.633087633087,26.869212915724543
20260401-clam-36C-C-vs-S,/Users/sr320/Documents/GitHub/resazurin-assay-development/data/clam/20260401-clam-36C-C-vs-S/plate-I-T4.0.txt,plate-I-T4.0.txt,i,4,2026-04-01T12:31:03Z,26.4,"528/20,528/20",C,1,C1,NA,SELECTED,NA,SELECTED,NA,NA,TWEED,33,NA,NA,NA,NA,1.221,FALSE,FALSE,NA,parsed_table,FALSE,10204,329,215,47.46046511627907,301,NA,NA,8357.084357084357,27.76439985742311
20260401-clam-36C-C-vs-S,/Users/sr320/Documents/GitHub/resazurin-assay-development/data/clam/20260401-clam-36C-C-vs-S/plate-I-T0.0.txt,plate-I-T0.0.txt,i,0,2026-04-01T07:36:48Z,23,"528/20,528/20",C,2,C2,NA,SELECTED,NA,SELECTED,NA,NA,BLUE,34,NA,NA,NA,NA,1.367,FALSE,FALSE,NA,parsed_table,FALSE,300,0,209,1.4354066985645932,300,NA,NA,219.45866861741038,0.731528895391368
20260401-clam-36C-C-vs-S,/Users/sr320/Documents/GitHub/resazurin-assay-development/data/clam/20260401-clam-36C-C-vs-S/plate-I-T0.5.txt,plate-I-T0.5.txt,i,0.5,2026-04-01T08:08:34Z,23.9,"528/20,528/20",C,2,C2,NA,SELECTED,NA,SELECTED,NA,NA,BLUE,34,NA,NA,NA,NA,1.367,FALSE,FALSE,NA,parsed_table,FALSE,1072,772,209,5.1291866028708135,300,NA,NA,784.1989758595464,2.613996586198488
20260401-clam-36C-C-vs-S,/Users/sr320/Documents/GitHub/resazurin-assay-development/data/clam/20260401-clam-36C-C-vs-S/plate-I-T1.0.txt,plate-I-T1.0.txt,i,1,2026-04-01T08:39:08Z,24.6,"528/20,528/20",C,2,C2,NA,SELECTED,NA,SELECTED,NA,NA,BLUE,34,NA,NA,NA,NA,1.367,FALSE,FALSE,NA,parsed_table,FALSE,2559,1487,210,12.185714285714285,300,NA,NA,1871.9824433065105,6.239941477688368
20260401-clam-36C-C-vs-S,/Users/sr320/Documents/GitHub/resazurin-assay-development/data/clam/20260401-clam-36C-C-vs-S/plate-I-T1.5.txt,plate-I-T1.5.txt,i,1.5,2026-04-01T09:11:54Z,25.2,"528/20,528/20",C,2,C2,NA,SELECTED,NA,SELECTED,NA,NA,BLUE,34,NA,NA,NA,NA,1.367,FALSE,FALSE,NA,parsed_table,FALSE,3901,1342,206,18.936893203883496,300,NA,NA,2853.6942209217264,9.512314069739089
20260401-clam-36C-C-vs-S,/Users/sr320/Documents/GitHub/resazurin-assay-development/data/clam/20260401-clam-36C-C-vs-S/plate-I-T2.0.txt,plate-I-T2.0.txt,i,2,2026-04-01T09:43:02Z,25.5,"528/20,528/20",C,2,C2,NA,SELECTED,NA,SELECTED,NA,NA,BLUE,34,NA,NA,NA,NA,1.367,FALSE,FALSE,NA,parsed_table,FALSE,6802,2901,207,32.85990338164251,300,NA,NA,4975.859546452085,16.586198488173615
20260401-clam-36C-C-vs-S,/Users/sr320/Documents/GitHub/resazurin-assay-development/data/clam/20260401-clam-36C-C-vs-S/plate-I-T2.5.txt,plate-I-T2.5.txt,i,2.5,2026-04-01T10:17:02Z,25.7,"528/20,528/20",C,2,C2,NA,SELECTED,NA,SELECTED,NA,NA,BLUE,34,NA,NA,NA,NA,1.367,FALSE,FALSE,NA,parsed_table,FALSE,9119,2317,209,43.63157894736842,300,NA,NA,6670.811997073884,22.236039990246283
20260401-clam-36C-C-vs-S,/Users/sr320/Documents/GitHub/resazurin-assay-development/data/clam/20260401-clam-36C-C-vs-S/plate-I-T3.0.txt,plate-I-T3.0.txt,i,3,2026-04-01T11:24:50Z,26.1,"528/20,528/20",C,2,C2,NA,SELECTED,NA,SELECTED,NA,NA,BLUE,34,NA,NA,NA,NA,1.367,FALSE,FALSE,NA,parsed_table,FALSE,10838,1719,212,51.12264150943396,300,NA,NA,7928.310168251646,26.42770056083882
20260401-clam-36C-C-vs-S,/Users/sr320/Documents/GitHub/resazurin-assay-development/data/clam/20260401-clam-36C-C-vs-S/plate-I-T3.5.txt,plate-I-T3.5.txt,i,3.5,2026-04-01T11:59:49Z,26.4,"528/20,528/20",C,2,C2,NA,SELECTED,NA,SELECTED,NA,NA,BLUE,34,NA,NA,NA,NA,1.367,FALSE,FALSE,NA,parsed_table,FALSE,11013,175,213,51.70422535211268,300,NA,NA,8056.327724945136,26.854425749817118
20260401-clam-36C-C-vs-S,/Users/sr320/Documents/GitHub/resazurin-assay-development/data/clam/20260401-clam-36C-C-vs-S/plate-I-T4.0.txt,plate-I-T4.0.txt,i,4,2026-04-01T12:31:03Z,26.4,"528/20,528/20",C,2,C2,NA,SELECTED,NA,SELECTED,NA,NA,BLUE,34,NA,NA,NA,NA,1.367,FALSE,FALSE,NA,parsed_table,FALSE,11145,132,215,51.83720930232558,300,NA,NA,8152.889539136796,27.17629846378932
20260401-clam-36C-C-vs-S,/Users/sr320/Documents/GitHub/resazurin-assay-development/data/clam/20260401-clam-36C-C-vs-S/plate-I-T0.0.txt,plate-I-T0.0.txt,i,0,2026-04-01T07:36:48Z,23,"528/20,528/20",C,3,C3,NA,NA,NA,NA,NA,NA,NA,NA,NA,NA,NA,NA,NA,TRUE,FALSE,NA,parsed_table,FALSE,209,0,209,1,NA,NA,NA,NA,NA
20260401-clam-36C-C-vs-S,/Users/sr320/Documents/GitHub/resazurin-assay-development/data/clam/20260401-clam-36C-C-vs-S/plate-I-T0.5.txt,plate-I-T0.5.txt,i,0.5,2026-04-01T08:08:34Z,23.9,"528/20,528/20",C,3,C3,NA,NA,NA,NA,NA,NA,NA,NA,NA,NA,NA,NA,NA,TRUE,FALSE,NA,parsed_table,FALSE,209,0,209,1,NA,NA,NA,NA,NA
20260401-clam-36C-C-vs-S,/Users/sr320/Documents/GitHub/resazurin-assay-development/data/clam/20260401-clam-36C-C-vs-S/plate-I-T1.0.txt,plate-I-T1.0.txt,i,1,2026-04-01T08:39:08Z,24.6,"528/20,528/20",C,3,C3,NA,NA,NA,NA,NA,NA,NA,NA,NA,NA,NA,NA,NA,TRUE,FALSE,NA,parsed_table,FALSE,210,1,210,1,NA,NA,NA,NA,NA
20260401-clam-36C-C-vs-S,/Users/sr320/Documents/GitHub/resazurin-assay-development/data/clam/20260401-clam-36C-C-vs-S/plate-I-T1.5.txt,plate-I-T1.5.txt,i,1.5,2026-04-01T09:11:54Z,25.2,"528/20,528/20",C,3,C3,NA,NA,NA,NA,NA,NA,NA,NA,NA,NA,NA,NA,NA,TRUE,FALSE,NA,parsed_table,FALSE,206,-4,206,1,NA,NA,NA,NA,NA
20260401-clam-36C-C-vs-S,/Users/sr320/Documents/GitHub/resazurin-assay-development/data/clam/20260401-clam-36C-C-vs-S/plate-I-T2.0.txt,plate-I-T2.0.txt,i,2,2026-04-01T09:43:02Z,25.5,"528/20,528/20",C,3,C3,NA,NA,NA,NA,NA,NA,NA,NA,NA,NA,NA,NA,NA,TRUE,FALSE,NA,parsed_table,FALSE,207,1,207,1,NA,NA,NA,NA,NA
20260401-clam-36C-C-vs-S,/Users/sr320/Documents/GitHub/resazurin-assay-development/data/clam/20260401-clam-36C-C-vs-S/plate-I-T2.5.txt,plate-I-T2.5.txt,i,2.5,2026-04-01T10:17:02Z,25.7,"528/20,528/20",C,3,C3,NA,NA,NA,NA,NA,NA,NA,NA,NA,NA,NA,NA,NA,TRUE,FALSE,NA,parsed_table,FALSE,209,2,209,1,NA,NA,NA,NA,NA
20260401-clam-36C-C-vs-S,/Users/sr320/Documents/GitHub/resazurin-assay-development/data/clam/20260401-clam-36C-C-vs-S/plate-I-T3.0.txt,plate-I-T3.0.txt,i,3,2026-04-01T11:24:50Z,26.1,"528/20,528/20",C,3,C3,NA,NA,NA,NA,NA,NA,NA,NA,NA,NA,NA,NA,NA,TRUE,FALSE,NA,parsed_table,FALSE,212,3,212,1,NA,NA,NA,NA,NA
20260401-clam-36C-C-vs-S,/Users/sr320/Documents/GitHub/resazurin-assay-development/data/clam/20260401-clam-36C-C-vs-S/plate-I-T3.5.txt,plate-I-T3.5.txt,i,3.5,2026-04-01T11:59:49Z,26.4,"528/20,528/20",C,3,C3,NA,NA,NA,NA,NA,NA,NA,NA,NA,NA,NA,NA,NA,TRUE,FALSE,NA,parsed_table,FALSE,213,1,213,1,NA,NA,NA,NA,NA
20260401-clam-36C-C-vs-S,/Users/sr320/Documents/GitHub/resazurin-assay-development/data/clam/20260401-clam-36C-C-vs-S/plate-I-T4.0.txt,plate-I-T4.0.txt,i,4,2026-04-01T12:31:03Z,26.4,"528/20,528/20",C,3,C3,NA,NA,NA,NA,NA,NA,NA,NA,NA,NA,NA,NA,NA,TRUE,FALSE,NA,parsed_table,FALSE,215,2,215,1,NA,NA,NA,NA,NA
20260401-clam-36C-C-vs-S,/Users/sr320/Documents/GitHub/resazurin-assay-development/data/clam/20260401-clam-36C-C-vs-S/plate-I-T0.0.txt,plate-I-T0.0.txt,i,0,2026-04-01T07:36:48Z,23,"528/20,528/20",C,4,C4,NA,CONTROL,NA,CONTROL,NA,NA,BLUE,36,NA,NA,NA,NA,0.955,FALSE,FALSE,NA,parsed_table,FALSE,303,0,209,1.4497607655502391,303,NA,NA,317.27748691099475,1.0471204188481675
20260401-clam-36C-C-vs-S,/Users/sr320/Documents/GitHub/resazurin-assay-development/data/clam/20260401-clam-36C-C-vs-S/plate-I-T0.5.txt,plate-I-T0.5.txt,i,0.5,2026-04-01T08:08:34Z,23.9,"528/20,528/20",C,4,C4,NA,CONTROL,NA,CONTROL,NA,NA,BLUE,36,NA,NA,NA,NA,0.955,FALSE,FALSE,NA,parsed_table,FALSE,1772,1469,209,8.47846889952153,303,NA,NA,1855.497382198953,6.123753736630208
20260401-clam-36C-C-vs-S,/Users/sr320/Documents/GitHub/resazurin-assay-development/data/clam/20260401-clam-36C-C-vs-S/plate-I-T1.0.txt,plate-I-T1.0.txt,i,1,2026-04-01T08:39:08Z,24.6,"528/20,528/20",C,4,C4,NA,CONTROL,NA,CONTROL,NA,NA,BLUE,36,NA,NA,NA,NA,0.955,FALSE,FALSE,NA,parsed_table,FALSE,4486,2714,210,21.36190476190476,303,NA,NA,4697.38219895288,15.502911547699272
20260401-clam-36C-C-vs-S,/Users/sr320/Documents/GitHub/resazurin-assay-development/data/clam/20260401-clam-36C-C-vs-S/plate-I-T1.5.txt,plate-I-T1.5.txt,i,1.5,2026-04-01T09:11:54Z,25.2,"528/20,528/20",C,4,C4,NA,CONTROL,NA,CONTROL,NA,NA,BLUE,36,NA,NA,NA,NA,0.955,FALSE,FALSE,NA,parsed_table,FALSE,7007,2521,206,34.01456310679612,303,NA,NA,7337.17277486911,24.215091666234688
20260401-clam-36C-C-vs-S,/Users/sr320/Documents/GitHub/resazurin-assay-development/data/clam/20260401-clam-36C-C-vs-S/plate-I-T2.0.txt,plate-I-T2.0.txt,i,2,2026-04-01T09:43:02Z,25.5,"528/20,528/20",C,4,C4,NA,CONTROL,NA,CONTROL,NA,NA,BLUE,36,NA,NA,NA,NA,0.955,FALSE,FALSE,NA,parsed_table,FALSE,7578,571,207,36.608695652173914,303,NA,NA,7935.078534031414,26.188378000103675
20260401-clam-36C-C-vs-S,/Users/sr320/Documents/GitHub/resazurin-assay-development/data/clam/20260401-clam-36C-C-vs-S/plate-I-T2.5.txt,plate-I-T2.5.txt,i,2.5,2026-04-01T10:17:02Z,25.7,"528/20,528/20",C,4,C4,NA,CONTROL,NA,CONTROL,NA,NA,BLUE,36,NA,NA,NA,NA,0.955,FALSE,FALSE,NA,parsed_table,FALSE,8860,1282,209,42.39234449760765,303,NA,NA,9277.486910994765,30.61876868315104
20260401-clam-36C-C-vs-S,/Users/sr320/Documents/GitHub/resazurin-assay-development/data/clam/20260401-clam-36C-C-vs-S/plate-I-T3.0.txt,plate-I-T3.0.txt,i,3,2026-04-01T11:24:50Z,26.1,"528/20,528/20",C,4,C4,NA,CONTROL,NA,CONTROL,NA,NA,BLUE,36,NA,NA,NA,NA,0.955,FALSE,FALSE,NA,parsed_table,FALSE,9796,936,212,46.20754716981132,303,NA,NA,10257.59162303665,33.85343769979092
20260401-clam-36C-C-vs-S,/Users/sr320/Documents/GitHub/resazurin-assay-development/data/clam/20260401-clam-36C-C-vs-S/plate-I-T3.5.txt,plate-I-T3.5.txt,i,3.5,2026-04-01T11:59:49Z,26.4,"528/20,528/20",C,4,C4,NA,CONTROL,NA,CONTROL,NA,NA,BLUE,36,NA,NA,NA,NA,0.955,FALSE,FALSE,NA,parsed_table,FALSE,10220,424,213,47.98122065727699,303,NA,NA,10701.570680628272,35.318715117585064
20260401-clam-36C-C-vs-S,/Users/sr320/Documents/GitHub/resazurin-assay-development/data/clam/20260401-clam-36C-C-vs-S/plate-I-T4.0.txt,plate-I-T4.0.txt,i,4,2026-04-01T12:31:03Z,26.4,"528/20,528/20",C,4,C4,NA,CONTROL,NA,CONTROL,NA,NA,BLUE,36,NA,NA,NA,NA,0.955,FALSE,FALSE,NA,parsed_table,FALSE,10373,153,215,48.246511627906976,303,NA,NA,10861.780104712043,35.84745909145888
20260401-clam-36C-C-vs-S,/Users/sr320/Documents/GitHub/resazurin-assay-development/data/clam/20260401-clam-36C-C-vs-S/plate-J-T0.0.txt,plate-J-T0.0.txt,j,0,2026-04-01T07:37:53Z,23.1,"528/20,528/20",A,1,A1,NA,SELECTED,NA,SELECTED,NA,NA,TWEED,37,NA,NA,NA,NA,1.376,FALSE,FALSE,NA,parsed_table,FALSE,374,0,213,1.755868544600939,374,NA,NA,271.8023255813954,0.7267441860465117
20260401-clam-36C-C-vs-S,/Users/sr320/Documents/GitHub/resazurin-assay-development/data/clam/20260401-clam-36C-C-vs-S/plate-J-T0.5.txt,plate-J-T0.5.txt,j,0.5,2026-04-01T08:09:36Z,23.9,"528/20,528/20",A,1,A1,NA,SELECTED,NA,SELECTED,NA,NA,TWEED,37,NA,NA,NA,NA,1.376,FALSE,FALSE,NA,parsed_table,FALSE,1654,1280,214,7.728971962616822,374,NA,NA,1202.0348837209303,3.2139970152966053
20260401-clam-36C-C-vs-S,/Users/sr320/Documents/GitHub/resazurin-assay-development/data/clam/20260401-clam-36C-C-vs-S/plate-J-T1.0.txt,plate-J-T1.0.txt,j,1,2026-04-01T08:40:37Z,24.7,"528/20,528/20",A,1,A1,NA,SELECTED,NA,SELECTED,NA,NA,TWEED,37,NA,NA,NA,NA,1.376,FALSE,FALSE,NA,parsed_table,FALSE,2979,1325,210,14.185714285714285,374,NA,NA,2164.970930232558,5.788692326825022
20260401-clam-36C-C-vs-S,/Users/sr320/Documents/GitHub/resazurin-assay-development/data/clam/20260401-clam-36C-C-vs-S/plate-J-T1.5.txt,plate-J-T1.5.txt,j,1.5,2026-04-01T09:13:50Z,25.2,"528/20,528/20",A,1,A1,NA,SELECTED,NA,SELECTED,NA,NA,TWEED,37,NA,NA,NA,NA,1.376,FALSE,FALSE,NA,parsed_table,FALSE,4339,1360,209,20.760765550239235,374,NA,NA,3153.3430232558144,8.431398457903246
20260401-clam-36C-C-vs-S,/Users/sr320/Documents/GitHub/resazurin-assay-development/data/clam/20260401-clam-36C-C-vs-S/plate-J-T2.0.txt,plate-J-T2.0.txt,j,2,2026-04-01T09:44:43Z,25.5,"528/20,528/20",A,1,A1,NA,SELECTED,NA,SELECTED,NA,NA,TWEED,37,NA,NA,NA,NA,1.376,FALSE,FALSE,NA,parsed_table,FALSE,5391,1052,210,25.67142857142857,374,NA,NA,3917.8779069767447,10.475609376943167
20260401-clam-36C-C-vs-S,/Users/sr320/Documents/GitHub/resazurin-assay-development/data/clam/20260401-clam-36C-C-vs-S/plate-J-T2.5.txt,plate-J-T2.5.txt,j,2.5,2026-04-01T10:18:14Z,25.7,"528/20,528/20",A,1,A1,NA,SELECTED,NA,SELECTED,NA,NA,TWEED,37,NA,NA,NA,NA,1.376,FALSE,FALSE,NA,parsed_table,FALSE,6287,896,210,29.938095238095237,374,NA,NA,4569.040697674419,12.216686357418231
20260401-clam-36C-C-vs-S,/Users/sr320/Documents/GitHub/resazurin-assay-development/data/clam/20260401-clam-36C-C-vs-S/plate-J-T3.0.txt,plate-J-T3.0.txt,j,3,2026-04-01T11:26:23Z,26.2,"528/20,528/20",A,1,A1,NA,SELECTED,NA,SELECTED,NA,NA,TWEED,37,NA,NA,NA,NA,1.376,FALSE,FALSE,NA,parsed_table,FALSE,9090,2803,212,42.87735849056604,374,NA,NA,6606.104651162791,17.663381420221366
20260401-clam-36C-C-vs-S,/Users/sr320/Documents/GitHub/resazurin-assay-development/data/clam/20260401-clam-36C-C-vs-S/plate-J-T3.5.txt,plate-J-T3.5.txt,j,3.5,2026-04-01T12:01:23Z,26.4,"528/20,528/20",A,1,A1,NA,SELECTED,NA,SELECTED,NA,NA,TWEED,37,NA,NA,NA,NA,1.376,FALSE,FALSE,NA,parsed_table,FALSE,9707,617,212,45.7877358490566,374,NA,NA,7054.5058139534885,18.862315010570825
20260401-clam-36C-C-vs-S,/Users/sr320/Documents/GitHub/resazurin-assay-development/data/clam/20260401-clam-36C-C-vs-S/plate-J-T4.0.txt,plate-J-T4.0.txt,j,4,2026-04-01T12:32:08Z,26.4,"528/20,528/20",A,1,A1,NA,SELECTED,NA,SELECTED,NA,NA,TWEED,37,NA,NA,NA,NA,1.376,FALSE,FALSE,NA,parsed_table,FALSE,9940,233,212,46.886792452830186,374,NA,NA,7223.837209302326,19.31507275214526
20260401-clam-36C-C-vs-S,/Users/sr320/Documents/GitHub/resazurin-assay-development/data/clam/20260401-clam-36C-C-vs-S/plate-J-T0.0.txt,plate-J-T0.0.txt,j,0,2026-04-01T07:37:53Z,23.1,"528/20,528/20",A,2,A2,NA,SELECTED,NA,SELECTED,NA,NA,BLUE,38,NA,NA,NA,NA,1.276,FALSE,FALSE,NA,parsed_table,FALSE,402,0,213,1.8873239436619718,402,NA,NA,315.04702194357367,0.7836990595611285
20260401-clam-36C-C-vs-S,/Users/sr320/Documents/GitHub/resazurin-assay-development/data/clam/20260401-clam-36C-C-vs-S/plate-J-T0.5.txt,plate-J-T0.5.txt,j,0.5,2026-04-01T08:09:36Z,23.9,"528/20,528/20",A,2,A2,NA,SELECTED,NA,SELECTED,NA,NA,BLUE,38,NA,NA,NA,NA,1.276,FALSE,FALSE,NA,parsed_table,FALSE,1639,1237,214,7.658878504672897,402,NA,NA,1284.4827586206895,3.195230742837536
20260401-clam-36C-C-vs-S,/Users/sr320/Documents/GitHub/resazurin-assay-development/data/clam/20260401-clam-36C-C-vs-S/plate-J-T1.0.txt,plate-J-T1.0.txt,j,1,2026-04-01T08:40:37Z,24.7,"528/20,528/20",A,2,A2,NA,SELECTED,NA,SELECTED,NA,NA,BLUE,38,NA,NA,NA,NA,1.276,FALSE,FALSE,NA,parsed_table,FALSE,3962,2323,210,18.866666666666667,402,NA,NA,3105.015673981191,7.723919587017888
20260401-clam-36C-C-vs-S,/Users/sr320/Documents/GitHub/resazurin-assay-development/data/clam/20260401-clam-36C-C-vs-S/plate-J-T1.5.txt,plate-J-T1.5.txt,j,1.5,2026-04-01T09:13:50Z,25.2,"528/20,528/20",A,2,A2,NA,SELECTED,NA,SELECTED,NA,NA,BLUE,38,NA,NA,NA,NA,1.276,FALSE,FALSE,NA,parsed_table,FALSE,5881,1919,209,28.138755980861244,402,NA,NA,4608.934169278997,11.465010371340789
20260401-clam-36C-C-vs-S,/Users/sr320/Documents/GitHub/resazurin-assay-development/data/clam/20260401-clam-36C-C-vs-S/plate-J-T2.0.txt,plate-J-T2.0.txt,j,2,2026-04-01T09:44:43Z,25.5,"528/20,528/20",A,2,A2,NA,SELECTED,NA,SELECTED,NA,NA,BLUE,38,NA,NA,NA,NA,1.276,FALSE,FALSE,NA,parsed_table,FALSE,6848,967,210,32.60952380952381,402,NA,NA,5366.771159874608,13.350177014613454
20260401-clam-36C-C-vs-S,/Users/sr320/Documents/GitHub/resazurin-assay-development/data/clam/20260401-clam-36C-C-vs-S/plate-J-T2.5.txt,plate-J-T2.5.txt,j,2.5,2026-04-01T10:18:14Z,25.7,"528/20,528/20",A,2,A2,NA,SELECTED,NA,SELECTED,NA,NA,BLUE,38,NA,NA,NA,NA,1.276,FALSE,FALSE,NA,parsed_table,FALSE,8295,1447,210,39.5,402,NA,NA,6500.783699059561,16.17110372900388
20260401-clam-36C-C-vs-S,/Users/sr320/Documents/GitHub/resazurin-assay-development/data/clam/20260401-clam-36C-C-vs-S/plate-J-T3.0.txt,plate-J-T3.0.txt,j,3,2026-04-01T11:26:23Z,26.2,"528/20,528/20",A,2,A2,NA,SELECTED,NA,SELECTED,NA,NA,BLUE,38,NA,NA,NA,NA,1.276,FALSE,FALSE,NA,parsed_table,FALSE,10310,2015,212,48.632075471698116,402,NA,NA,8079.937304075235,20.099346527550335
20260401-clam-36C-C-vs-S,/Users/sr320/Documents/GitHub/resazurin-assay-development/data/clam/20260401-clam-36C-C-vs-S/plate-J-T3.5.txt,plate-J-T3.5.txt,j,3.5,2026-04-01T12:01:23Z,26.4,"528/20,528/20",A,2,A2,NA,SELECTED,NA,SELECTED,NA,NA,BLUE,38,NA,NA,NA,NA,1.276,FALSE,FALSE,NA,parsed_table,FALSE,10754,444,212,50.72641509433962,402,NA,NA,8427.899686520375,20.964924593334267
20260401-clam-36C-C-vs-S,/Users/sr320/Documents/GitHub/resazurin-assay-development/data/clam/20260401-clam-36C-C-vs-S/plate-J-T4.0.txt,plate-J-T4.0.txt,j,4,2026-04-01T12:32:08Z,26.4,"528/20,528/20",A,2,A2,NA,SELECTED,NA,SELECTED,NA,NA,BLUE,38,NA,NA,NA,NA,1.276,FALSE,FALSE,NA,parsed_table,FALSE,10982,228,212,51.801886792452834,402,NA,NA,8606.583072100313,21.409410627115207
20260401-clam-36C-C-vs-S,/Users/sr320/Documents/GitHub/resazurin-assay-development/data/clam/20260401-clam-36C-C-vs-S/plate-J-T0.0.txt,plate-J-T0.0.txt,j,0,2026-04-01T07:37:53Z,23.1,"528/20,528/20",A,3,A3,NA,CONTROL,NA,CONTROL,NA,NA,TWEED,39,NA,NA,NA,NA,0.858,FALSE,FALSE,NA,parsed_table,FALSE,253,0,213,1.187793427230047,253,NA,NA,294.87179487179486,1.1655011655011656
20260401-clam-36C-C-vs-S,/Users/sr320/Documents/GitHub/resazurin-assay-development/data/clam/20260401-clam-36C-C-vs-S/plate-J-T0.5.txt,plate-J-T0.5.txt,j,0.5,2026-04-01T08:09:36Z,23.9,"528/20,528/20",A,3,A3,NA,CONTROL,NA,CONTROL,NA,NA,TWEED,39,NA,NA,NA,NA,0.858,FALSE,FALSE,NA,parsed_table,FALSE,1119,866,214,5.228971962616822,253,NA,NA,1304.1958041958042,5.154924127256143
20260401-clam-36C-C-vs-S,/Users/sr320/Documents/GitHub/resazurin-assay-development/data/clam/20260401-clam-36C-C-vs-S/plate-J-T1.0.txt,plate-J-T1.0.txt,j,1,2026-04-01T08:40:37Z,24.7,"528/20,528/20",A,3,A3,NA,CONTROL,NA,CONTROL,NA,NA,TWEED,39,NA,NA,NA,NA,0.858,FALSE,FALSE,NA,parsed_table,FALSE,1352,233,210,6.438095238095238,253,NA,NA,1575.7575757575758,6.228290813271051
20260401-clam-36C-C-vs-S,/Users/sr320/Documents/GitHub/resazurin-assay-development/data/clam/20260401-clam-36C-C-vs-S/plate-J-T1.5.txt,plate-J-T1.5.txt,j,1.5,2026-04-01T09:13:50Z,25.2,"528/20,528/20",A,3,A3,NA,CONTROL,NA,CONTROL,NA,NA,TWEED,39,NA,NA,NA,NA,0.858,FALSE,FALSE,NA,parsed_table,FALSE,2062,710,209,9.866028708133971,253,NA,NA,2403.2634032634032,9.499064835033215
20260401-clam-36C-C-vs-S,/Users/sr320/Documents/GitHub/resazurin-assay-development/data/clam/20260401-clam-36C-C-vs-S/plate-J-T2.0.txt,plate-J-T2.0.txt,j,2,2026-04-01T09:44:43Z,25.5,"528/20,528/20",A,3,A3,NA,CONTROL,NA,CONTROL,NA,NA,TWEED,39,NA,NA,NA,NA,0.858,FALSE,FALSE,NA,parsed_table,FALSE,2455,393,210,11.69047619047619,253,NA,NA,2861.305361305361,11.309507356938187
20260401-clam-36C-C-vs-S,/Users/sr320/Documents/GitHub/resazurin-assay-development/data/clam/20260401-clam-36C-C-vs-S/plate-J-T2.5.txt,plate-J-T2.5.txt,j,2.5,2026-04-01T10:18:14Z,25.7,"528/20,528/20",A,3,A3,NA,CONTROL,NA,CONTROL,NA,NA,TWEED,39,NA,NA,NA,NA,0.858,FALSE,FALSE,NA,parsed_table,FALSE,3385,930,210,16.11904761904762,253,NA,NA,3945.2214452214453,15.593760653049191
20260401-clam-36C-C-vs-S,/Users/sr320/Documents/GitHub/resazurin-assay-development/data/clam/20260401-clam-36C-C-vs-S/plate-J-T3.0.txt,plate-J-T3.0.txt,j,3,2026-04-01T11:26:23Z,26.2,"528/20,528/20",A,3,A3,NA,CONTROL,NA,CONTROL,NA,NA,TWEED,39,NA,NA,NA,NA,0.858,FALSE,FALSE,NA,parsed_table,FALSE,4560,1175,212,21.50943396226415,253,NA,NA,5314.685314685315,21.006661322866854
20260401-clam-36C-C-vs-S,/Users/sr320/Documents/GitHub/resazurin-assay-development/data/clam/20260401-clam-36C-C-vs-S/plate-J-T3.5.txt,plate-J-T3.5.txt,j,3.5,2026-04-01T12:01:23Z,26.4,"528/20,528/20",A,3,A3,NA,CONTROL,NA,CONTROL,NA,NA,TWEED,39,NA,NA,NA,NA,0.858,FALSE,FALSE,NA,parsed_table,FALSE,4920,360,212,23.20754716981132,253,NA,NA,5734.265734265734,22.665081953619506
20260401-clam-36C-C-vs-S,/Users/sr320/Documents/GitHub/resazurin-assay-development/data/clam/20260401-clam-36C-C-vs-S/plate-J-T4.0.txt,plate-J-T4.0.txt,j,4,2026-04-01T12:32:08Z,26.4,"528/20,528/20",A,3,A3,NA,CONTROL,NA,CONTROL,NA,NA,TWEED,39,NA,NA,NA,NA,0.858,FALSE,FALSE,NA,parsed_table,FALSE,5460,540,212,25.754716981132077,253,NA,NA,6363.636363636364,25.152712899748476
20260401-clam-36C-C-vs-S,/Users/sr320/Documents/GitHub/resazurin-assay-development/data/clam/20260401-clam-36C-C-vs-S/plate-J-T0.0.txt,plate-J-T0.0.txt,j,0,2026-04-01T07:37:53Z,23.1,"528/20,528/20",A,4,A4,NA,CONTROL,NA,CONTROL,NA,NA,BLUE,40,NA,NA,NA,NA,1.083,FALSE,FALSE,NA,parsed_table,FALSE,395,0,213,1.8544600938967135,395,NA,NA,364.7276084949215,0.9233610341643583
20260401-clam-36C-C-vs-S,/Users/sr320/Documents/GitHub/resazurin-assay-development/data/clam/20260401-clam-36C-C-vs-S/plate-J-T0.5.txt,plate-J-T0.5.txt,j,0.5,2026-04-01T08:09:36Z,23.9,"528/20,528/20",A,4,A4,NA,CONTROL,NA,CONTROL,NA,NA,BLUE,40,NA,NA,NA,NA,1.083,FALSE,FALSE,NA,parsed_table,FALSE,2354,1959,214,11,395,NA,NA,2173.5918744228993,5.502764239045315
20260401-clam-36C-C-vs-S,/Users/sr320/Documents/GitHub/resazurin-assay-development/data/clam/20260401-clam-36C-C-vs-S/plate-J-T1.0.txt,plate-J-T1.0.txt,j,1,2026-04-01T08:40:37Z,24.7,"528/20,528/20",A,4,A4,NA,CONTROL,NA,CONTROL,NA,NA,BLUE,40,NA,NA,NA,NA,1.083,FALSE,FALSE,NA,parsed_table,FALSE,5136,2782,210,24.457142857142856,395,NA,NA,4742.382271468145,12.00603106700796
20260401-clam-36C-C-vs-S,/Users/sr320/Documents/GitHub/resazurin-assay-development/data/clam/20260401-clam-36C-C-vs-S/plate-J-T1.5.txt,plate-J-T1.5.txt,j,1.5,2026-04-01T09:13:50Z,25.2,"528/20,528/20",A,4,A4,NA,CONTROL,NA,CONTROL,NA,NA,BLUE,40,NA,NA,NA,NA,1.083,FALSE,FALSE,NA,parsed_table,FALSE,8298,3162,209,39.70334928229665,395,NA,NA,7662.049861495845,19.39759458606543
20260401-clam-36C-C-vs-S,/Users/sr320/Documents/GitHub/resazurin-assay-development/data/clam/20260401-clam-36C-C-vs-S/plate-J-T2.0.txt,plate-J-T2.0.txt,j,2,2026-04-01T09:44:43Z,25.5,"528/20,528/20",A,4,A4,NA,CONTROL,NA,CONTROL,NA,NA,BLUE,40,NA,NA,NA,NA,1.083,FALSE,FALSE,NA,parsed_table,FALSE,8636,338,210,41.12380952380953,395,NA,NA,7974.1458910433985,20.187711116565566
20260401-clam-36C-C-vs-S,/Users/sr320/Documents/GitHub/resazurin-assay-development/data/clam/20260401-clam-36C-C-vs-S/plate-J-T2.5.txt,plate-J-T2.5.txt,j,2.5,2026-04-01T10:18:14Z,25.7,"528/20,528/20",A,4,A4,NA,CONTROL,NA,CONTROL,NA,NA,BLUE,40,NA,NA,NA,NA,1.083,FALSE,FALSE,NA,parsed_table,FALSE,7246,-1390,210,34.50476190476191,395,NA,NA,6690.674053554941,16.938415325455544
20260401-clam-36C-C-vs-S,/Users/sr320/Documents/GitHub/resazurin-assay-development/data/clam/20260401-clam-36C-C-vs-S/plate-J-T3.0.txt,plate-J-T3.0.txt,j,3,2026-04-01T11:26:23Z,26.2,"528/20,528/20",A,4,A4,NA,CONTROL,NA,CONTROL,NA,NA,BLUE,40,NA,NA,NA,NA,1.083,FALSE,FALSE,NA,parsed_table,FALSE,6720,-526,212,31.69811320754717,395,NA,NA,6204.986149584488,15.708825695150601
20260401-clam-36C-C-vs-S,/Users/sr320/Documents/GitHub/resazurin-assay-development/data/clam/20260401-clam-36C-C-vs-S/plate-J-T3.5.txt,plate-J-T3.5.txt,j,3.5,2026-04-01T12:01:23Z,26.4,"528/20,528/20",A,4,A4,NA,CONTROL,NA,CONTROL,NA,NA,BLUE,40,NA,NA,NA,NA,1.083,FALSE,FALSE,NA,parsed_table,FALSE,6770,50,212,31.933962264150942,395,NA,NA,6251.154201292706,15.825706838715709
20260401-clam-36C-C-vs-S,/Users/sr320/Documents/GitHub/resazurin-assay-development/data/clam/20260401-clam-36C-C-vs-S/plate-J-T4.0.txt,plate-J-T4.0.txt,j,4,2026-04-01T12:32:08Z,26.4,"528/20,528/20",A,4,A4,NA,CONTROL,NA,CONTROL,NA,NA,BLUE,40,NA,NA,NA,NA,1.083,FALSE,FALSE,NA,parsed_table,FALSE,7682,912,212,36.235849056603776,395,NA,NA,7093.259464450601,17.95761889734329
20260401-clam-36C-C-vs-S,/Users/sr320/Documents/GitHub/resazurin-assay-development/data/clam/20260401-clam-36C-C-vs-S/plate-J-T0.0.txt,plate-J-T0.0.txt,j,0,2026-04-01T07:37:53Z,23.1,"528/20,528/20",B,1,B1,NA,SELECTED,NA,SELECTED,NA,NA,TWEED,41,NA,NA,NA,NA,1.748,FALSE,TRUE,volume loss,parsed_table,FALSE,413,0,213,1.9389671361502347,NA,NA,NA,236.27002288329518,NA
20260401-clam-36C-C-vs-S,/Users/sr320/Documents/GitHub/resazurin-assay-development/data/clam/20260401-clam-36C-C-vs-S/plate-J-T0.5.txt,plate-J-T0.5.txt,j,0.5,2026-04-01T08:09:36Z,23.9,"528/20,528/20",B,1,B1,NA,SELECTED,NA,SELECTED,NA,NA,TWEED,41,NA,NA,NA,NA,1.748,FALSE,TRUE,volume loss,parsed_table,FALSE,2952,2539,214,13.794392523364486,NA,NA,NA,1688.787185354691,NA
20260401-clam-36C-C-vs-S,/Users/sr320/Documents/GitHub/resazurin-assay-development/data/clam/20260401-clam-36C-C-vs-S/plate-J-T1.0.txt,plate-J-T1.0.txt,j,1,2026-04-01T08:40:37Z,24.7,"528/20,528/20",B,1,B1,NA,SELECTED,NA,SELECTED,NA,NA,TWEED,41,NA,NA,NA,NA,1.748,FALSE,TRUE,volume loss,parsed_table,FALSE,5591,2639,210,26.623809523809523,NA,NA,NA,3198.512585812357,NA
20260401-clam-36C-C-vs-S,/Users/sr320/Documents/GitHub/resazurin-assay-development/data/clam/20260401-clam-36C-C-vs-S/plate-J-T1.5.txt,plate-J-T1.5.txt,j,1.5,2026-04-01T09:13:50Z,25.2,"528/20,528/20",B,1,B1,NA,SELECTED,NA,SELECTED,NA,NA,TWEED,41,NA,NA,NA,NA,1.748,FALSE,TRUE,volume loss,parsed_table,FALSE,6546,955,209,31.320574162679424,NA,NA,NA,3744.851258581236,NA
20260401-clam-36C-C-vs-S,/Users/sr320/Documents/GitHub/resazurin-assay-development/data/clam/20260401-clam-36C-C-vs-S/plate-J-T2.0.txt,plate-J-T2.0.txt,j,2,2026-04-01T09:44:43Z,25.5,"528/20,528/20",B,1,B1,NA,SELECTED,NA,SELECTED,NA,NA,TWEED,41,NA,NA,NA,NA,1.748,FALSE,TRUE,volume loss,parsed_table,FALSE,6280,-266,210,29.904761904761905,NA,NA,NA,3592.6773455377574,NA
20260401-clam-36C-C-vs-S,/Users/sr320/Documents/GitHub/resazurin-assay-development/data/clam/20260401-clam-36C-C-vs-S/plate-J-T2.5.txt,plate-J-T2.5.txt,j,2.5,2026-04-01T10:18:14Z,25.7,"528/20,528/20",B,1,B1,NA,SELECTED,NA,SELECTED,NA,NA,TWEED,41,NA,NA,NA,NA,1.748,FALSE,TRUE,volume loss,parsed_table,FALSE,5077,-1203,210,24.176190476190477,NA,NA,NA,2904.462242562929,NA
20260401-clam-36C-C-vs-S,/Users/sr320/Documents/GitHub/resazurin-assay-development/data/clam/20260401-clam-36C-C-vs-S/plate-J-T3.0.txt,plate-J-T3.0.txt,j,3,2026-04-01T11:26:23Z,26.2,"528/20,528/20",B,1,B1,NA,SELECTED,NA,SELECTED,NA,NA,TWEED,41,NA,NA,NA,NA,1.748,FALSE,TRUE,volume loss,parsed_table,FALSE,1039,-4038,212,4.900943396226415,NA,NA,NA,594.3935926773455,NA
20260401-clam-36C-C-vs-S,/Users/sr320/Documents/GitHub/resazurin-assay-development/data/clam/20260401-clam-36C-C-vs-S/plate-J-T3.5.txt,plate-J-T3.5.txt,j,3.5,2026-04-01T12:01:23Z,26.4,"528/20,528/20",B,1,B1,NA,SELECTED,NA,SELECTED,NA,NA,TWEED,41,NA,NA,NA,NA,1.748,FALSE,TRUE,volume loss,parsed_table,FALSE,878,-161,212,4.1415094339622645,NA,NA,NA,502.2883295194508,NA
20260401-clam-36C-C-vs-S,/Users/sr320/Documents/GitHub/resazurin-assay-development/data/clam/20260401-clam-36C-C-vs-S/plate-J-T4.0.txt,plate-J-T4.0.txt,j,4,2026-04-01T12:32:08Z,26.4,"528/20,528/20",B,1,B1,NA,SELECTED,NA,SELECTED,NA,NA,TWEED,41,NA,NA,NA,NA,1.748,FALSE,TRUE,volume loss,parsed_table,FALSE,819,-59,212,3.8632075471698113,NA,NA,NA,468.5354691075515,NA
20260401-clam-36C-C-vs-S,/Users/sr320/Documents/GitHub/resazurin-assay-development/data/clam/20260401-clam-36C-C-vs-S/plate-J-T0.0.txt,plate-J-T0.0.txt,j,0,2026-04-01T07:37:53Z,23.1,"528/20,528/20",B,2,B2,NA,SELECTED,NA,SELECTED,NA,NA,BLUE,42,NA,NA,NA,NA,1.163,FALSE,FALSE,NA,parsed_table,FALSE,305,0,213,1.431924882629108,305,NA,NA,262.25279449699053,0.8598452278589853
20260401-clam-36C-C-vs-S,/Users/sr320/Documents/GitHub/resazurin-assay-development/data/clam/20260401-clam-36C-C-vs-S/plate-J-T0.5.txt,plate-J-T0.5.txt,j,0.5,2026-04-01T08:09:36Z,23.9,"528/20,528/20",B,2,B2,NA,SELECTED,NA,SELECTED,NA,NA,BLUE,42,NA,NA,NA,NA,1.163,FALSE,FALSE,NA,parsed_table,FALSE,878,573,214,4.102803738317757,305,NA,NA,754.9441100601891,2.475226590361276
20260401-clam-36C-C-vs-S,/Users/sr320/Documents/GitHub/resazurin-assay-development/data/clam/20260401-clam-36C-C-vs-S/plate-J-T1.0.txt,plate-J-T1.0.txt,j,1,2026-04-01T08:40:37Z,24.7,"528/20,528/20",B,2,B2,NA,SELECTED,NA,SELECTED,NA,NA,BLUE,42,NA,NA,NA,NA,1.163,FALSE,FALSE,NA,parsed_table,FALSE,1621,743,210,7.719047619047619,305,NA,NA,1393.8091143594152,4.569865948719394
20260401-clam-36C-C-vs-S,/Users/sr320/Documents/GitHub/resazurin-assay-development/data/clam/20260401-clam-36C-C-vs-S/plate-J-T1.5.txt,plate-J-T1.5.txt,j,1.5,2026-04-01T09:13:50Z,25.2,"528/20,528/20",B,2,B2,NA,SELECTED,NA,SELECTED,NA,NA,BLUE,42,NA,NA,NA,NA,1.163,FALSE,FALSE,NA,parsed_table,FALSE,3121,1500,209,14.933014354066986,305,NA,NA,2683.5769561478933,8.7986129709767
20260401-clam-36C-C-vs-S,/Users/sr320/Documents/GitHub/resazurin-assay-development/data/clam/20260401-clam-36C-C-vs-S/plate-J-T2.0.txt,plate-J-T2.0.txt,j,2,2026-04-01T09:44:43Z,25.5,"528/20,528/20",B,2,B2,NA,SELECTED,NA,SELECTED,NA,NA,BLUE,42,NA,NA,NA,NA,1.163,FALSE,FALSE,NA,parsed_table,FALSE,4257,1136,210,20.271428571428572,305,NA,NA,3660.3611349957005,12.001184049166232
20260401-clam-36C-C-vs-S,/Users/sr320/Documents/GitHub/resazurin-assay-development/data/clam/20260401-clam-36C-C-vs-S/plate-J-T2.5.txt,plate-J-T2.5.txt,j,2.5,2026-04-01T10:18:14Z,25.7,"528/20,528/20",B,2,B2,NA,SELECTED,NA,SELECTED,NA,NA,BLUE,42,NA,NA,NA,NA,1.163,FALSE,FALSE,NA,parsed_table,FALSE,5079,822,210,24.185714285714287,305,NA,NA,4367.1539122957865,14.318537417363235
20260401-clam-36C-C-vs-S,/Users/sr320/Documents/GitHub/resazurin-assay-development/data/clam/20260401-clam-36C-C-vs-S/plate-J-T3.0.txt,plate-J-T3.0.txt,j,3,2026-04-01T11:26:23Z,26.2,"528/20,528/20",B,2,B2,NA,SELECTED,NA,SELECTED,NA,NA,BLUE,42,NA,NA,NA,NA,1.163,FALSE,FALSE,NA,parsed_table,FALSE,7150,2071,212,33.72641509433962,305,NA,NA,6147.893379191745,20.15702747275982
20260401-clam-36C-C-vs-S,/Users/sr320/Documents/GitHub/resazurin-assay-development/data/clam/20260401-clam-36C-C-vs-S/plate-J-T3.5.txt,plate-J-T3.5.txt,j,3.5,2026-04-01T12:01:23Z,26.4,"528/20,528/20",B,2,B2,NA,SELECTED,NA,SELECTED,NA,NA,BLUE,42,NA,NA,NA,NA,1.163,FALSE,FALSE,NA,parsed_table,FALSE,7734,584,212,36.4811320754717,305,NA,NA,6650.042992261393,21.803419646758666
20260401-clam-36C-C-vs-S,/Users/sr320/Documents/GitHub/resazurin-assay-development/data/clam/20260401-clam-36C-C-vs-S/plate-J-T4.0.txt,plate-J-T4.0.txt,j,4,2026-04-01T12:32:08Z,26.4,"528/20,528/20",B,2,B2,NA,SELECTED,NA,SELECTED,NA,NA,BLUE,42,NA,NA,NA,NA,1.163,FALSE,FALSE,NA,parsed_table,FALSE,8282,548,212,39.06603773584906,305,NA,NA,7121.238177128117,23.348321892223332
20260401-clam-36C-C-vs-S,/Users/sr320/Documents/GitHub/resazurin-assay-development/data/clam/20260401-clam-36C-C-vs-S/plate-J-T0.0.txt,plate-J-T0.0.txt,j,0,2026-04-01T07:37:53Z,23.1,"528/20,528/20",B,3,B3,NA,CONTROL,NA,CONTROL,NA,NA,TWEED,43,NA,NA,NA,NA,1.15,FALSE,FALSE,NA,parsed_table,FALSE,366,0,213,1.7183098591549295,366,NA,NA,318.26086956521743,0.8695652173913044
20260401-clam-36C-C-vs-S,/Users/sr320/Documents/GitHub/resazurin-assay-development/data/clam/20260401-clam-36C-C-vs-S/plate-J-T0.5.txt,plate-J-T0.5.txt,j,0.5,2026-04-01T08:09:36Z,23.9,"528/20,528/20",B,3,B3,NA,CONTROL,NA,CONTROL,NA,NA,TWEED,43,NA,NA,NA,NA,1.15,FALSE,FALSE,NA,parsed_table,FALSE,935,569,214,4.369158878504673,366,NA,NA,813.0434782608696,2.2214302684723215
20260401-clam-36C-C-vs-S,/Users/sr320/Documents/GitHub/resazurin-assay-development/data/clam/20260401-clam-36C-C-vs-S/plate-J-T1.0.txt,plate-J-T1.0.txt,j,1,2026-04-01T08:40:37Z,24.7,"528/20,528/20",B,3,B3,NA,CONTROL,NA,CONTROL,NA,NA,TWEED,43,NA,NA,NA,NA,1.15,FALSE,FALSE,NA,parsed_table,FALSE,1291,356,210,6.147619047619048,366,NA,NA,1122.608695652174,3.0672368733665953
20260401-clam-36C-C-vs-S,/Users/sr320/Documents/GitHub/resazurin-assay-development/data/clam/20260401-clam-36C-C-vs-S/plate-J-T1.5.txt,plate-J-T1.5.txt,j,1.5,2026-04-01T09:13:50Z,25.2,"528/20,528/20",B,3,B3,NA,CONTROL,NA,CONTROL,NA,NA,TWEED,43,NA,NA,NA,NA,1.15,FALSE,FALSE,NA,parsed_table,FALSE,2107,816,209,10.08133971291866,366,NA,NA,1832.1739130434785,5.005939653124258
20260401-clam-36C-C-vs-S,/Users/sr320/Documents/GitHub/resazurin-assay-development/data/clam/20260401-clam-36C-C-vs-S/plate-J-T2.0.txt,plate-J-T2.0.txt,j,2,2026-04-01T09:44:43Z,25.5,"528/20,528/20",B,3,B3,NA,CONTROL,NA,CONTROL,NA,NA,TWEED,43,NA,NA,NA,NA,1.15,FALSE,FALSE,NA,parsed_table,FALSE,2821,714,210,13.433333333333334,366,NA,NA,2453.04347826087,6.702304585412212
20260401-clam-36C-C-vs-S,/Users/sr320/Documents/GitHub/resazurin-assay-development/data/clam/20260401-clam-36C-C-vs-S/plate-J-T2.5.txt,plate-J-T2.5.txt,j,2.5,2026-04-01T10:18:14Z,25.7,"528/20,528/20",B,3,B3,NA,CONTROL,NA,CONTROL,NA,NA,TWEED,43,NA,NA,NA,NA,1.15,FALSE,FALSE,NA,parsed_table,FALSE,3657,836,210,17.414285714285715,366,NA,NA,3180.0000000000005,8.688524590163935
20260401-clam-36C-C-vs-S,/Users/sr320/Documents/GitHub/resazurin-assay-development/data/clam/20260401-clam-36C-C-vs-S/plate-J-T3.0.txt,plate-J-T3.0.txt,j,3,2026-04-01T11:26:23Z,26.2,"528/20,528/20",B,3,B3,NA,CONTROL,NA,CONTROL,NA,NA,TWEED,43,NA,NA,NA,NA,1.15,FALSE,FALSE,NA,parsed_table,FALSE,6323,2666,212,29.82547169811321,366,NA,NA,5498.260869565218,15.022570681872178
20260401-clam-36C-C-vs-S,/Users/sr320/Documents/GitHub/resazurin-assay-development/data/clam/20260401-clam-36C-C-vs-S/plate-J-T3.5.txt,plate-J-T3.5.txt,j,3.5,2026-04-01T12:01:23Z,26.4,"528/20,528/20",B,3,B3,NA,CONTROL,NA,CONTROL,NA,NA,TWEED,43,NA,NA,NA,NA,1.15,FALSE,FALSE,NA,parsed_table,FALSE,7273,950,212,34.306603773584904,366,NA,NA,6324.347826086957,17.279638869090046
20260401-clam-36C-C-vs-S,/Users/sr320/Documents/GitHub/resazurin-assay-development/data/clam/20260401-clam-36C-C-vs-S/plate-J-T4.0.txt,plate-J-T4.0.txt,j,4,2026-04-01T12:32:08Z,26.4,"528/20,528/20",B,3,B3,NA,CONTROL,NA,CONTROL,NA,NA,TWEED,43,NA,NA,NA,NA,1.15,FALSE,FALSE,NA,parsed_table,FALSE,9165,1892,212,43.2311320754717,366,NA,NA,7969.565217391305,21.774768353528156
20260401-clam-36C-C-vs-S,/Users/sr320/Documents/GitHub/resazurin-assay-development/data/clam/20260401-clam-36C-C-vs-S/plate-J-T0.0.txt,plate-J-T0.0.txt,j,0,2026-04-01T07:37:53Z,23.1,"528/20,528/20",B,4,B4,NA,CONTROL,NA,CONTROL,NA,NA,BLUE,44,NA,NA,NA,NA,0.918,FALSE,FALSE,NA,parsed_table,FALSE,381,0,213,1.7887323943661972,381,NA,NA,415.0326797385621,1.0893246187363834
20260401-clam-36C-C-vs-S,/Users/sr320/Documents/GitHub/resazurin-assay-development/data/clam/20260401-clam-36C-C-vs-S/plate-J-T0.5.txt,plate-J-T0.5.txt,j,0.5,2026-04-01T08:09:36Z,23.9,"528/20,528/20",B,4,B4,NA,CONTROL,NA,CONTROL,NA,NA,BLUE,44,NA,NA,NA,NA,0.918,FALSE,FALSE,NA,parsed_table,FALSE,1931,1550,214,9.023364485981308,381,NA,NA,2103.4858387799563,5.520960206771538
20260401-clam-36C-C-vs-S,/Users/sr320/Documents/GitHub/resazurin-assay-development/data/clam/20260401-clam-36C-C-vs-S/plate-J-T1.0.txt,plate-J-T1.0.txt,j,1,2026-04-01T08:40:37Z,24.7,"528/20,528/20",B,4,B4,NA,CONTROL,NA,CONTROL,NA,NA,BLUE,44,NA,NA,NA,NA,0.918,FALSE,FALSE,NA,parsed_table,FALSE,5538,3607,210,26.37142857142857,381,NA,NA,6032.679738562091,15.833805088089479
20260401-clam-36C-C-vs-S,/Users/sr320/Documents/GitHub/resazurin-assay-development/data/clam/20260401-clam-36C-C-vs-S/plate-J-T1.5.txt,plate-J-T1.5.txt,j,1.5,2026-04-01T09:13:50Z,25.2,"528/20,528/20",B,4,B4,NA,CONTROL,NA,CONTROL,NA,NA,BLUE,44,NA,NA,NA,NA,0.918,FALSE,FALSE,NA,parsed_table,FALSE,9395,3857,209,44.952153110047846,381,NA,NA,10234.204793028322,26.861429902961476
20260401-clam-36C-C-vs-S,/Users/sr320/Documents/GitHub/resazurin-assay-development/data/clam/20260401-clam-36C-C-vs-S/plate-J-T2.0.txt,plate-J-T2.0.txt,j,2,2026-04-01T09:44:43Z,25.5,"528/20,528/20",B,4,B4,NA,CONTROL,NA,CONTROL,NA,NA,BLUE,44,NA,NA,NA,NA,0.918,FALSE,FALSE,NA,parsed_table,FALSE,11079,1684,210,52.75714285714286,381,NA,NA,12068.627450980392,31.676187535381604
20260401-clam-36C-C-vs-S,/Users/sr320/Documents/GitHub/resazurin-assay-development/data/clam/20260401-clam-36C-C-vs-S/plate-J-T2.5.txt,plate-J-T2.5.txt,j,2.5,2026-04-01T10:18:14Z,25.7,"528/20,528/20",B,4,B4,NA,CONTROL,NA,CONTROL,NA,NA,BLUE,44,NA,NA,NA,NA,0.918,FALSE,FALSE,NA,parsed_table,FALSE,10903,-176,210,51.91904761904762,381,NA,NA,11876.906318082789,31.172982462159545
20260401-clam-36C-C-vs-S,/Users/sr320/Documents/GitHub/resazurin-assay-development/data/clam/20260401-clam-36C-C-vs-S/plate-J-T3.0.txt,plate-J-T3.0.txt,j,3,2026-04-01T11:26:23Z,26.2,"528/20,528/20",B,4,B4,NA,CONTROL,NA,CONTROL,NA,NA,BLUE,44,NA,NA,NA,NA,0.918,FALSE,FALSE,NA,parsed_table,FALSE,10713,-190,212,50.533018867924525,381,NA,NA,11669.934640522875,30.629749712658466
20260401-clam-36C-C-vs-S,/Users/sr320/Documents/GitHub/resazurin-assay-development/data/clam/20260401-clam-36C-C-vs-S/plate-J-T3.5.txt,plate-J-T3.5.txt,j,3.5,2026-04-01T12:01:23Z,26.4,"528/20,528/20",B,4,B4,NA,CONTROL,NA,CONTROL,NA,NA,BLUE,44,NA,NA,NA,NA,0.918,FALSE,FALSE,NA,parsed_table,FALSE,10706,-7,212,50.5,381,NA,NA,11662.30936819172,30.60973587451895
20260401-clam-36C-C-vs-S,/Users/sr320/Documents/GitHub/resazurin-assay-development/data/clam/20260401-clam-36C-C-vs-S/plate-J-T4.0.txt,plate-J-T4.0.txt,j,4,2026-04-01T12:32:08Z,26.4,"528/20,528/20",B,4,B4,NA,CONTROL,NA,CONTROL,NA,NA,BLUE,44,NA,NA,NA,NA,0.918,FALSE,FALSE,NA,parsed_table,FALSE,10600,-106,212,50,381,NA,NA,11546.840958605664,30.306669182692033
20260401-clam-36C-C-vs-S,/Users/sr320/Documents/GitHub/resazurin-assay-development/data/clam/20260401-clam-36C-C-vs-S/plate-J-T0.0.txt,plate-J-T0.0.txt,j,0,2026-04-01T07:37:53Z,23.1,"528/20,528/20",C,1,C1,NA,SELECTED,NA,SELECTED,NA,NA,TWEED,45,NA,NA,NA,NA,1.867,FALSE,FALSE,NA,parsed_table,FALSE,407,0,213,1.9107981220657277,407,NA,NA,217.99678628816284,0.5356186395286556
20260401-clam-36C-C-vs-S,/Users/sr320/Documents/GitHub/resazurin-assay-development/data/clam/20260401-clam-36C-C-vs-S/plate-J-T0.5.txt,plate-J-T0.5.txt,j,0.5,2026-04-01T08:09:36Z,23.9,"528/20,528/20",C,1,C1,NA,SELECTED,NA,SELECTED,NA,NA,TWEED,45,NA,NA,NA,NA,1.867,FALSE,FALSE,NA,parsed_table,FALSE,3216,2809,214,15.02803738317757,407,NA,NA,1722.5495447241565,4.232308463695716
20260401-clam-36C-C-vs-S,/Users/sr320/Documents/GitHub/resazurin-assay-development/data/clam/20260401-clam-36C-C-vs-S/plate-J-T1.0.txt,plate-J-T1.0.txt,j,1,2026-04-01T08:40:37Z,24.7,"528/20,528/20",C,1,C1,NA,SELECTED,NA,SELECTED,NA,NA,TWEED,45,NA,NA,NA,NA,1.867,FALSE,FALSE,NA,parsed_table,FALSE,6203,2987,210,29.538095238095238,407,NA,NA,3322.442420996251,8.163249191636979
20260401-clam-36C-C-vs-S,/Users/sr320/Documents/GitHub/resazurin-assay-development/data/clam/20260401-clam-36C-C-vs-S/plate-J-T1.5.txt,plate-J-T1.5.txt,j,1.5,2026-04-01T09:13:50Z,25.2,"528/20,528/20",C,1,C1,NA,SELECTED,NA,SELECTED,NA,NA,TWEED,45,NA,NA,NA,NA,1.867,FALSE,FALSE,NA,parsed_table,FALSE,6351,148,209,30.38755980861244,407,NA,NA,3401.7139796464917,8.358019606011036
20260401-clam-36C-C-vs-S,/Users/sr320/Documents/GitHub/resazurin-assay-development/data/clam/20260401-clam-36C-C-vs-S/plate-J-T2.0.txt,plate-J-T2.0.txt,j,2,2026-04-01T09:44:43Z,25.5,"528/20,528/20",C,1,C1,NA,SELECTED,NA,SELECTED,NA,NA,TWEED,45,NA,NA,NA,NA,1.867,FALSE,FALSE,NA,parsed_table,FALSE,5371,-980,210,25.576190476190476,407,NA,NA,2876.807712908409,7.068323618939581
20260401-clam-36C-C-vs-S,/Users/sr320/Documents/GitHub/resazurin-assay-development/data/clam/20260401-clam-36C-C-vs-S/plate-J-T2.5.txt,plate-J-T2.5.txt,j,2.5,2026-04-01T10:18:14Z,25.7,"528/20,528/20",C,1,C1,NA,SELECTED,NA,SELECTED,NA,NA,TWEED,45,NA,NA,NA,NA,1.867,FALSE,FALSE,NA,parsed_table,FALSE,5136,-235,210,24.457142857142856,407,NA,NA,2750.9373326191753,6.759059785305099
20260401-clam-36C-C-vs-S,/Users/sr320/Documents/GitHub/resazurin-assay-development/data/clam/20260401-clam-36C-C-vs-S/plate-J-T3.0.txt,plate-J-T3.0.txt,j,3,2026-04-01T11:26:23Z,26.2,"528/20,528/20",C,1,C1,NA,SELECTED,NA,SELECTED,NA,NA,TWEED,45,NA,NA,NA,NA,1.867,FALSE,FALSE,NA,parsed_table,FALSE,6200,1064,212,29.245283018867923,407,NA,NA,3320.835565077665,8.159301142696965
20260401-clam-36C-C-vs-S,/Users/sr320/Documents/GitHub/resazurin-assay-development/data/clam/20260401-clam-36C-C-vs-S/plate-J-T3.5.txt,plate-J-T3.5.txt,j,3.5,2026-04-01T12:01:23Z,26.4,"528/20,528/20",C,1,C1,NA,SELECTED,NA,SELECTED,NA,NA,TWEED,45,NA,NA,NA,NA,1.867,FALSE,FALSE,NA,parsed_table,FALSE,5551,-649,212,26.183962264150942,407,NA,NA,2973.219068023567,7.30520655534046
20260401-clam-36C-C-vs-S,/Users/sr320/Documents/GitHub/resazurin-assay-development/data/clam/20260401-clam-36C-C-vs-S/plate-J-T4.0.txt,plate-J-T4.0.txt,j,4,2026-04-01T12:32:08Z,26.4,"528/20,528/20",C,1,C1,NA,SELECTED,NA,SELECTED,NA,NA,TWEED,45,NA,NA,NA,NA,1.867,FALSE,FALSE,NA,parsed_table,FALSE,5846,295,212,27.57547169811321,407,NA,NA,3131.2265666845205,7.693431367775235
20260401-clam-36C-C-vs-S,/Users/sr320/Documents/GitHub/resazurin-assay-development/data/clam/20260401-clam-36C-C-vs-S/plate-J-T0.0.txt,plate-J-T0.0.txt,j,0,2026-04-01T07:37:53Z,23.1,"528/20,528/20",C,2,C2,NA,SELECTED,NA,SELECTED,NA,NA,BLUE,46,NA,NA,NA,NA,1.13,FALSE,FALSE,NA,parsed_table,FALSE,355,0,213,1.6666666666666667,355,NA,NA,314.15929203539827,0.8849557522123894
20260401-clam-36C-C-vs-S,/Users/sr320/Documents/GitHub/resazurin-assay-development/data/clam/20260401-clam-36C-C-vs-S/plate-J-T0.5.txt,plate-J-T0.5.txt,j,0.5,2026-04-01T08:09:36Z,23.9,"528/20,528/20",C,2,C2,NA,SELECTED,NA,SELECTED,NA,NA,BLUE,46,NA,NA,NA,NA,1.13,FALSE,FALSE,NA,parsed_table,FALSE,1559,1204,214,7.285046728971962,355,NA,NA,1379.6460176991152,3.8863268104200426
20260401-clam-36C-C-vs-S,/Users/sr320/Documents/GitHub/resazurin-assay-development/data/clam/20260401-clam-36C-C-vs-S/plate-J-T1.0.txt,plate-J-T1.0.txt,j,1,2026-04-01T08:40:37Z,24.7,"528/20,528/20",C,2,C2,NA,SELECTED,NA,SELECTED,NA,NA,BLUE,46,NA,NA,NA,NA,1.13,FALSE,FALSE,NA,parsed_table,FALSE,3995,2436,210,19.023809523809526,355,NA,NA,3535.398230088496,9.958868253770412
20260401-clam-36C-C-vs-S,/Users/sr320/Documents/GitHub/resazurin-assay-development/data/clam/20260401-clam-36C-C-vs-S/plate-J-T1.5.txt,plate-J-T1.5.txt,j,1.5,2026-04-01T09:13:50Z,25.2,"528/20,528/20",C,2,C2,NA,SELECTED,NA,SELECTED,NA,NA,BLUE,46,NA,NA,NA,NA,1.13,FALSE,FALSE,NA,parsed_table,FALSE,6851,2856,209,32.7799043062201,355,NA,NA,6062.83185840708,17.078399601146707
20260401-clam-36C-C-vs-S,/Users/sr320/Documents/GitHub/resazurin-assay-development/data/clam/20260401-clam-36C-C-vs-S/plate-J-T2.0.txt,plate-J-T2.0.txt,j,2,2026-04-01T09:44:43Z,25.5,"528/20,528/20",C,2,C2,NA,SELECTED,NA,SELECTED,NA,NA,BLUE,46,NA,NA,NA,NA,1.13,FALSE,FALSE,NA,parsed_table,FALSE,8730,1879,210,41.57142857142857,355,NA,NA,7725.66371681416,21.76243300511031
20260401-clam-36C-C-vs-S,/Users/sr320/Documents/GitHub/resazurin-assay-development/data/clam/20260401-clam-36C-C-vs-S/plate-J-T2.5.txt,plate-J-T2.5.txt,j,2.5,2026-04-01T10:18:14Z,25.7,"528/20,528/20",C,2,C2,NA,SELECTED,NA,SELECTED,NA,NA,BLUE,46,NA,NA,NA,NA,1.13,FALSE,FALSE,NA,parsed_table,FALSE,10276,1546,210,48.93333333333333,355,NA,NA,9093.805309734515,25.616352985167644
20260401-clam-36C-C-vs-S,/Users/sr320/Documents/GitHub/resazurin-assay-development/data/clam/20260401-clam-36C-C-vs-S/plate-J-T3.0.txt,plate-J-T3.0.txt,j,3,2026-04-01T11:26:23Z,26.2,"528/20,528/20",C,2,C2,NA,SELECTED,NA,SELECTED,NA,NA,BLUE,46,NA,NA,NA,NA,1.13,FALSE,FALSE,NA,parsed_table,FALSE,10785,509,212,50.87264150943396,355,NA,NA,9544.24778761062,26.885205035522873
20260401-clam-36C-C-vs-S,/Users/sr320/Documents/GitHub/resazurin-assay-development/data/clam/20260401-clam-36C-C-vs-S/plate-J-T3.5.txt,plate-J-T3.5.txt,j,3.5,2026-04-01T12:01:23Z,26.4,"528/20,528/20",C,2,C2,NA,SELECTED,NA,SELECTED,NA,NA,BLUE,46,NA,NA,NA,NA,1.13,FALSE,FALSE,NA,parsed_table,FALSE,10518,-267,212,49.613207547169814,355,NA,NA,9307.964601769912,26.219618596534964
20260401-clam-36C-C-vs-S,/Users/sr320/Documents/GitHub/resazurin-assay-development/data/clam/20260401-clam-36C-C-vs-S/plate-J-T4.0.txt,plate-J-T4.0.txt,j,4,2026-04-01T12:32:08Z,26.4,"528/20,528/20",C,2,C2,NA,SELECTED,NA,SELECTED,NA,NA,BLUE,46,NA,NA,NA,NA,1.13,FALSE,FALSE,NA,parsed_table,FALSE,10538,20,212,49.70754716981132,355,NA,NA,9325.66371681416,26.269475258631438
20260401-clam-36C-C-vs-S,/Users/sr320/Documents/GitHub/resazurin-assay-development/data/clam/20260401-clam-36C-C-vs-S/plate-J-T0.0.txt,plate-J-T0.0.txt,j,0,2026-04-01T07:37:53Z,23.1,"528/20,528/20",C,3,C3,NA,CONTROL,NA,CONTROL,NA,NA,TWEED,47,NA,NA,NA,NA,1.027,FALSE,FALSE,NA,parsed_table,FALSE,290,0,213,1.3615023474178405,290,NA,NA,282.3758519961052,0.9737098344693282
20260401-clam-36C-C-vs-S,/Users/sr320/Documents/GitHub/resazurin-assay-development/data/clam/20260401-clam-36C-C-vs-S/plate-J-T0.5.txt,plate-J-T0.5.txt,j,0.5,2026-04-01T08:09:36Z,23.9,"528/20,528/20",C,3,C3,NA,CONTROL,NA,CONTROL,NA,NA,TWEED,47,NA,NA,NA,NA,1.027,FALSE,FALSE,NA,parsed_table,FALSE,954,664,214,4.457943925233645,290,NA,NA,928.9191820837391,3.203169593392204
20260401-clam-36C-C-vs-S,/Users/sr320/Documents/GitHub/resazurin-assay-development/data/clam/20260401-clam-36C-C-vs-S/plate-J-T1.0.txt,plate-J-T1.0.txt,j,1,2026-04-01T08:40:37Z,24.7,"528/20,528/20",C,3,C3,NA,CONTROL,NA,CONTROL,NA,NA,TWEED,47,NA,NA,NA,NA,1.027,FALSE,FALSE,NA,parsed_table,FALSE,1869,915,210,8.9,290,NA,NA,1819.8636806231746,6.275392002148878
20260401-clam-36C-C-vs-S,/Users/sr320/Documents/GitHub/resazurin-assay-development/data/clam/20260401-clam-36C-C-vs-S/plate-J-T1.5.txt,plate-J-T1.5.txt,j,1.5,2026-04-01T09:13:50Z,25.2,"528/20,528/20",C,3,C3,NA,CONTROL,NA,CONTROL,NA,NA,TWEED,47,NA,NA,NA,NA,1.027,FALSE,FALSE,NA,parsed_table,FALSE,2483,614,209,11.880382775119617,290,NA,NA,2417.721518987342,8.336970755128766
20260401-clam-36C-C-vs-S,/Users/sr320/Documents/GitHub/resazurin-assay-development/data/clam/20260401-clam-36C-C-vs-S/plate-J-T2.0.txt,plate-J-T2.0.txt,j,2,2026-04-01T09:44:43Z,25.5,"528/20,528/20",C,3,C3,NA,CONTROL,NA,CONTROL,NA,NA,TWEED,47,NA,NA,NA,NA,1.027,FALSE,FALSE,NA,parsed_table,FALSE,3421,938,210,16.29047619047619,290,NA,NA,3331.061343719572,11.486418426619213
20260401-clam-36C-C-vs-S,/Users/sr320/Documents/GitHub/resazurin-assay-development/data/clam/20260401-clam-36C-C-vs-S/plate-J-T2.5.txt,plate-J-T2.5.txt,j,2.5,2026-04-01T10:18:14Z,25.7,"528/20,528/20",C,3,C3,NA,CONTROL,NA,CONTROL,NA,NA,TWEED,47,NA,NA,NA,NA,1.027,FALSE,FALSE,NA,parsed_table,FALSE,3961,540,210,18.86190476190476,290,NA,NA,3856.864654333009,13.29953329080348
20260401-clam-36C-C-vs-S,/Users/sr320/Documents/GitHub/resazurin-assay-development/data/clam/20260401-clam-36C-C-vs-S/plate-J-T3.0.txt,plate-J-T3.0.txt,j,3,2026-04-01T11:26:23Z,26.2,"528/20,528/20",C,3,C3,NA,CONTROL,NA,CONTROL,NA,NA,TWEED,47,NA,NA,NA,NA,1.027,FALSE,FALSE,NA,parsed_table,FALSE,5214,1253,212,24.59433962264151,290,NA,NA,5076.923076923077,17.50663129973475
20260401-clam-36C-C-vs-S,/Users/sr320/Documents/GitHub/resazurin-assay-development/data/clam/20260401-clam-36C-C-vs-S/plate-J-T3.5.txt,plate-J-T3.5.txt,j,3.5,2026-04-01T12:01:23Z,26.4,"528/20,528/20",C,3,C3,NA,CONTROL,NA,CONTROL,NA,NA,TWEED,47,NA,NA,NA,NA,1.027,FALSE,FALSE,NA,parsed_table,FALSE,5515,301,212,26.014150943396228,290,NA,NA,5370.009737098345,18.517274955511535
20260401-clam-36C-C-vs-S,/Users/sr320/Documents/GitHub/resazurin-assay-development/data/clam/20260401-clam-36C-C-vs-S/plate-J-T4.0.txt,plate-J-T4.0.txt,j,4,2026-04-01T12:32:08Z,26.4,"528/20,528/20",C,3,C3,NA,CONTROL,NA,CONTROL,NA,NA,TWEED,47,NA,NA,NA,NA,1.027,FALSE,FALSE,NA,parsed_table,FALSE,5728,213,212,27.0188679245283,290,NA,NA,5577.409931840312,19.23244804082866
20260401-clam-36C-C-vs-S,/Users/sr320/Documents/GitHub/resazurin-assay-development/data/clam/20260401-clam-36C-C-vs-S/plate-J-T0.0.txt,plate-J-T0.0.txt,j,0,2026-04-01T07:37:53Z,23.1,"528/20,528/20",C,4,C4,NA,NA,NA,NA,NA,NA,NA,NA,NA,NA,NA,NA,NA,TRUE,FALSE,NA,parsed_table,FALSE,213,0,213,1,NA,NA,NA,NA,NA
20260401-clam-36C-C-vs-S,/Users/sr320/Documents/GitHub/resazurin-assay-development/data/clam/20260401-clam-36C-C-vs-S/plate-J-T0.5.txt,plate-J-T0.5.txt,j,0.5,2026-04-01T08:09:36Z,23.9,"528/20,528/20",C,4,C4,NA,NA,NA,NA,NA,NA,NA,NA,NA,NA,NA,NA,NA,TRUE,FALSE,NA,parsed_table,FALSE,214,1,214,1,NA,NA,NA,NA,NA
20260401-clam-36C-C-vs-S,/Users/sr320/Documents/GitHub/resazurin-assay-development/data/clam/20260401-clam-36C-C-vs-S/plate-J-T1.0.txt,plate-J-T1.0.txt,j,1,2026-04-01T08:40:37Z,24.7,"528/20,528/20",C,4,C4,NA,NA,NA,NA,NA,NA,NA,NA,NA,NA,NA,NA,NA,TRUE,FALSE,NA,parsed_table,FALSE,210,-4,210,1,NA,NA,NA,NA,NA
20260401-clam-36C-C-vs-S,/Users/sr320/Documents/GitHub/resazurin-assay-development/data/clam/20260401-clam-36C-C-vs-S/plate-J-T1.5.txt,plate-J-T1.5.txt,j,1.5,2026-04-01T09:13:50Z,25.2,"528/20,528/20",C,4,C4,NA,NA,NA,NA,NA,NA,NA,NA,NA,NA,NA,NA,NA,TRUE,FALSE,NA,parsed_table,FALSE,209,-1,209,1,NA,NA,NA,NA,NA
20260401-clam-36C-C-vs-S,/Users/sr320/Documents/GitHub/resazurin-assay-development/data/clam/20260401-clam-36C-C-vs-S/plate-J-T2.0.txt,plate-J-T2.0.txt,j,2,2026-04-01T09:44:43Z,25.5,"528/20,528/20",C,4,C4,NA,NA,NA,NA,NA,NA,NA,NA,NA,NA,NA,NA,NA,TRUE,FALSE,NA,parsed_table,FALSE,210,1,210,1,NA,NA,NA,NA,NA
20260401-clam-36C-C-vs-S,/Users/sr320/Documents/GitHub/resazurin-assay-development/data/clam/20260401-clam-36C-C-vs-S/plate-J-T2.5.txt,plate-J-T2.5.txt,j,2.5,2026-04-01T10:18:14Z,25.7,"528/20,528/20",C,4,C4,NA,NA,NA,NA,NA,NA,NA,NA,NA,NA,NA,NA,NA,TRUE,FALSE,NA,parsed_table,FALSE,210,0,210,1,NA,NA,NA,NA,NA
20260401-clam-36C-C-vs-S,/Users/sr320/Documents/GitHub/resazurin-assay-development/data/clam/20260401-clam-36C-C-vs-S/plate-J-T3.0.txt,plate-J-T3.0.txt,j,3,2026-04-01T11:26:23Z,26.2,"528/20,528/20",C,4,C4,NA,NA,NA,NA,NA,NA,NA,NA,NA,NA,NA,NA,NA,TRUE,FALSE,NA,parsed_table,FALSE,212,2,212,1,NA,NA,NA,NA,NA
20260401-clam-36C-C-vs-S,/Users/sr320/Documents/GitHub/resazurin-assay-development/data/clam/20260401-clam-36C-C-vs-S/plate-J-T3.5.txt,plate-J-T3.5.txt,j,3.5,2026-04-01T12:01:23Z,26.4,"528/20,528/20",C,4,C4,NA,NA,NA,NA,NA,NA,NA,NA,NA,NA,NA,NA,NA,TRUE,FALSE,NA,parsed_table,FALSE,212,0,212,1,NA,NA,NA,NA,NA
20260401-clam-36C-C-vs-S,/Users/sr320/Documents/GitHub/resazurin-assay-development/data/clam/20260401-clam-36C-C-vs-S/plate-J-T4.0.txt,plate-J-T4.0.txt,j,4,2026-04-01T12:32:08Z,26.4,"528/20,528/20",C,4,C4,NA,NA,NA,NA,NA,NA,NA,NA,NA,NA,NA,NA,NA,TRUE,FALSE,NA,parsed_table,FALSE,212,0,212,1,NA,NA,NA,NA,NA
20260401-clam-36C-C-vs-S,/Users/sr320/Documents/GitHub/resazurin-assay-development/data/clam/20260401-clam-36C-C-vs-S/plate-K-T0.0.txt,plate-K-T0.0.txt,k,0,2026-04-01T07:38:44Z,23.1,"528/20,528/20",A,1,A1,NA,SELECTED,NA,SELECTED,NA,NA,TWEED,49,NA,NA,NA,NA,1.095,FALSE,FALSE,NA,parsed_table,FALSE,433,0,205,2.1121951219512196,433,NA,NA,395.4337899543379,0.9132420091324202
20260401-clam-36C-C-vs-S,/Users/sr320/Documents/GitHub/resazurin-assay-development/data/clam/20260401-clam-36C-C-vs-S/plate-K-T0.5.txt,plate-K-T0.5.txt,k,0.5,2026-04-01T08:10:41Z,24,"528/20,528/20",A,1,A1,NA,SELECTED,NA,SELECTED,NA,NA,TWEED,49,NA,NA,NA,NA,1.095,FALSE,FALSE,NA,parsed_table,FALSE,1596,1163,204,7.823529411764706,433,NA,NA,1457.5342465753424,3.3661298997121074
20260401-clam-36C-C-vs-S,/Users/sr320/Documents/GitHub/resazurin-assay-development/data/clam/20260401-clam-36C-C-vs-S/plate-K-T1.0.txt,plate-K-T1.0.txt,k,1,2026-04-01T08:41:50Z,24.7,"528/20,528/20",A,1,A1,NA,SELECTED,NA,SELECTED,NA,NA,TWEED,49,NA,NA,NA,NA,1.095,FALSE,FALSE,NA,parsed_table,FALSE,3699,2103,205,18.04390243902439,433,NA,NA,3378.082191780822,7.80157550064855
20260401-clam-36C-C-vs-S,/Users/sr320/Documents/GitHub/resazurin-assay-development/data/clam/20260401-clam-36C-C-vs-S/plate-K-T1.5.txt,plate-K-T1.5.txt,k,1.5,2026-04-01T09:15:06Z,25.3,"528/20,528/20",A,1,A1,NA,SELECTED,NA,SELECTED,NA,NA,TWEED,49,NA,NA,NA,NA,1.095,FALSE,FALSE,NA,parsed_table,FALSE,5169,1470,206,25.09223300970874,433,NA,NA,4720.54794520548,10.901958303014965
20260401-clam-36C-C-vs-S,/Users/sr320/Documents/GitHub/resazurin-assay-development/data/clam/20260401-clam-36C-C-vs-S/plate-K-T2.0.txt,plate-K-T2.0.txt,k,2,2026-04-01T09:45:55Z,25.5,"528/20,528/20",A,1,A1,NA,SELECTED,NA,SELECTED,NA,NA,TWEED,49,NA,NA,NA,NA,1.095,FALSE,FALSE,NA,parsed_table,FALSE,6786,1617,208,32.625,433,NA,NA,6197.260273972603,14.312379385618021
20260401-clam-36C-C-vs-S,/Users/sr320/Documents/GitHub/resazurin-assay-development/data/clam/20260401-clam-36C-C-vs-S/plate-K-T2.5.txt,plate-K-T2.5.txt,k,2.5,2026-04-01T10:19:22Z,25.7,"528/20,528/20",A,1,A1,NA,SELECTED,NA,SELECTED,NA,NA,TWEED,49,NA,NA,NA,NA,1.095,FALSE,FALSE,NA,parsed_table,FALSE,8214,1428,213,38.563380281690144,433,NA,NA,7501.369863013699,17.324179822202538
20260401-clam-36C-C-vs-S,/Users/sr320/Documents/GitHub/resazurin-assay-development/data/clam/20260401-clam-36C-C-vs-S/plate-K-T3.0.txt,plate-K-T3.0.txt,k,3,2026-04-01T11:27:59Z,26.2,"528/20,528/20",A,1,A1,NA,SELECTED,NA,SELECTED,NA,NA,TWEED,49,NA,NA,NA,NA,1.095,FALSE,FALSE,NA,parsed_table,FALSE,10393,2179,217,47.894009216589865,433,NA,NA,9491.324200913243,21.919917323125272
20260401-clam-36C-C-vs-S,/Users/sr320/Documents/GitHub/resazurin-assay-development/data/clam/20260401-clam-36C-C-vs-S/plate-K-T3.5.txt,plate-K-T3.5.txt,k,3.5,2026-04-01T12:02:29Z,26.4,"528/20,528/20",A,1,A1,NA,SELECTED,NA,SELECTED,NA,NA,TWEED,49,NA,NA,NA,NA,1.095,FALSE,FALSE,NA,parsed_table,FALSE,11013,620,218,50.518348623853214,433,NA,NA,10057.534246575342,23.227561770381854
20260401-clam-36C-C-vs-S,/Users/sr320/Documents/GitHub/resazurin-assay-development/data/clam/20260401-clam-36C-C-vs-S/plate-K-T4.0.txt,plate-K-T4.0.txt,k,4,2026-04-01T12:33:43Z,26.4,"528/20,528/20",A,1,A1,NA,SELECTED,NA,SELECTED,NA,NA,TWEED,49,NA,NA,NA,NA,1.095,FALSE,FALSE,NA,parsed_table,FALSE,11301,288,222,50.9054054054054,433,NA,NA,10320.54794520548,23.834983707172007
20260401-clam-36C-C-vs-S,/Users/sr320/Documents/GitHub/resazurin-assay-development/data/clam/20260401-clam-36C-C-vs-S/plate-K-T0.0.txt,plate-K-T0.0.txt,k,0,2026-04-01T07:38:44Z,23.1,"528/20,528/20",A,2,A2,NA,SELECTED,NA,SELECTED,NA,NA,BLUE,50,NA,NA,NA,NA,1.092,FALSE,TRUE,volume loss,parsed_table,FALSE,498,0,205,2.4292682926829268,NA,NA,NA,456.04395604395603,NA
20260401-clam-36C-C-vs-S,/Users/sr320/Documents/GitHub/resazurin-assay-development/data/clam/20260401-clam-36C-C-vs-S/plate-K-T0.5.txt,plate-K-T0.5.txt,k,0.5,2026-04-01T08:10:41Z,24,"528/20,528/20",A,2,A2,NA,SELECTED,NA,SELECTED,NA,NA,BLUE,50,NA,NA,NA,NA,1.092,FALSE,TRUE,volume loss,parsed_table,FALSE,1310,812,204,6.421568627450981,NA,NA,NA,1199.6336996336995,NA
20260401-clam-36C-C-vs-S,/Users/sr320/Documents/GitHub/resazurin-assay-development/data/clam/20260401-clam-36C-C-vs-S/plate-K-T1.0.txt,plate-K-T1.0.txt,k,1,2026-04-01T08:41:50Z,24.7,"528/20,528/20",A,2,A2,NA,SELECTED,NA,SELECTED,NA,NA,BLUE,50,NA,NA,NA,NA,1.092,FALSE,TRUE,volume loss,parsed_table,FALSE,2877,1567,205,14.034146341463414,NA,NA,NA,2634.6153846153843,NA
20260401-clam-36C-C-vs-S,/Users/sr320/Documents/GitHub/resazurin-assay-development/data/clam/20260401-clam-36C-C-vs-S/plate-K-T1.5.txt,plate-K-T1.5.txt,k,1.5,2026-04-01T09:15:06Z,25.3,"528/20,528/20",A,2,A2,NA,SELECTED,NA,SELECTED,NA,NA,BLUE,50,NA,NA,NA,NA,1.092,FALSE,TRUE,volume loss,parsed_table,FALSE,5159,2282,206,25.04368932038835,NA,NA,NA,4724.358974358974,NA
20260401-clam-36C-C-vs-S,/Users/sr320/Documents/GitHub/resazurin-assay-development/data/clam/20260401-clam-36C-C-vs-S/plate-K-T2.0.txt,plate-K-T2.0.txt,k,2,2026-04-01T09:45:55Z,25.5,"528/20,528/20",A,2,A2,NA,SELECTED,NA,SELECTED,NA,NA,BLUE,50,NA,NA,NA,NA,1.092,FALSE,TRUE,volume loss,parsed_table,FALSE,5734,575,208,27.567307692307693,NA,NA,NA,5250.91575091575,NA
20260401-clam-36C-C-vs-S,/Users/sr320/Documents/GitHub/resazurin-assay-development/data/clam/20260401-clam-36C-C-vs-S/plate-K-T2.5.txt,plate-K-T2.5.txt,k,2.5,2026-04-01T10:19:22Z,25.7,"528/20,528/20",A,2,A2,NA,SELECTED,NA,SELECTED,NA,NA,BLUE,50,NA,NA,NA,NA,1.092,FALSE,TRUE,volume loss,parsed_table,FALSE,4597,-1137,213,21.582159624413144,NA,NA,NA,4209.706959706959,NA
20260401-clam-36C-C-vs-S,/Users/sr320/Documents/GitHub/resazurin-assay-development/data/clam/20260401-clam-36C-C-vs-S/plate-K-T3.0.txt,plate-K-T3.0.txt,k,3,2026-04-01T11:27:59Z,26.2,"528/20,528/20",A,2,A2,NA,SELECTED,NA,SELECTED,NA,NA,BLUE,50,NA,NA,NA,NA,1.092,FALSE,TRUE,volume loss,parsed_table,FALSE,1021,-3576,217,4.7050691244239635,NA,NA,NA,934.9816849816849,NA
20260401-clam-36C-C-vs-S,/Users/sr320/Documents/GitHub/resazurin-assay-development/data/clam/20260401-clam-36C-C-vs-S/plate-K-T3.5.txt,plate-K-T3.5.txt,k,3.5,2026-04-01T12:02:29Z,26.4,"528/20,528/20",A,2,A2,NA,SELECTED,NA,SELECTED,NA,NA,BLUE,50,NA,NA,NA,NA,1.092,FALSE,TRUE,volume loss,parsed_table,FALSE,814,-207,218,3.7339449541284404,NA,NA,NA,745.4212454212453,NA
20260401-clam-36C-C-vs-S,/Users/sr320/Documents/GitHub/resazurin-assay-development/data/clam/20260401-clam-36C-C-vs-S/plate-K-T4.0.txt,plate-K-T4.0.txt,k,4,2026-04-01T12:33:43Z,26.4,"528/20,528/20",A,2,A2,NA,SELECTED,NA,SELECTED,NA,NA,BLUE,50,NA,NA,NA,NA,1.092,FALSE,TRUE,volume loss,parsed_table,FALSE,832,18,222,3.7477477477477477,NA,NA,NA,761.9047619047618,NA
20260401-clam-36C-C-vs-S,/Users/sr320/Documents/GitHub/resazurin-assay-development/data/clam/20260401-clam-36C-C-vs-S/plate-K-T0.0.txt,plate-K-T0.0.txt,k,0,2026-04-01T07:38:44Z,23.1,"528/20,528/20",A,3,A3,NA,CONTROL,NA,CONTROL,NA,NA,TWEED,51,NA,NA,NA,NA,1.084,FALSE,FALSE,NA,parsed_table,FALSE,342,0,205,1.6682926829268292,342,NA,NA,315.4981549815498,0.9225092250922509
20260401-clam-36C-C-vs-S,/Users/sr320/Documents/GitHub/resazurin-assay-development/data/clam/20260401-clam-36C-C-vs-S/plate-K-T0.5.txt,plate-K-T0.5.txt,k,0.5,2026-04-01T08:10:41Z,24,"528/20,528/20",A,3,A3,NA,CONTROL,NA,CONTROL,NA,NA,TWEED,51,NA,NA,NA,NA,1.084,FALSE,FALSE,NA,parsed_table,FALSE,1243,901,204,6.0931372549019605,342,NA,NA,1146.6789667896678,3.3528624759931804
20260401-clam-36C-C-vs-S,/Users/sr320/Documents/GitHub/resazurin-assay-development/data/clam/20260401-clam-36C-C-vs-S/plate-K-T1.0.txt,plate-K-T1.0.txt,k,1,2026-04-01T08:41:50Z,24.7,"528/20,528/20",A,3,A3,NA,CONTROL,NA,CONTROL,NA,NA,TWEED,51,NA,NA,NA,NA,1.084,FALSE,FALSE,NA,parsed_table,FALSE,1987,744,205,9.692682926829269,342,NA,NA,1833.0258302583024,5.3597246498780775
20260401-clam-36C-C-vs-S,/Users/sr320/Documents/GitHub/resazurin-assay-development/data/clam/20260401-clam-36C-C-vs-S/plate-K-T1.5.txt,plate-K-T1.5.txt,k,1.5,2026-04-01T09:15:06Z,25.3,"528/20,528/20",A,3,A3,NA,CONTROL,NA,CONTROL,NA,NA,TWEED,51,NA,NA,NA,NA,1.084,FALSE,FALSE,NA,parsed_table,FALSE,2856,869,206,13.864077669902912,342,NA,NA,2634.6863468634683,7.703761248138796
20260401-clam-36C-C-vs-S,/Users/sr320/Documents/GitHub/resazurin-assay-development/data/clam/20260401-clam-36C-C-vs-S/plate-K-T2.0.txt,plate-K-T2.0.txt,k,2,2026-04-01T09:45:55Z,25.5,"528/20,528/20",A,3,A3,NA,CONTROL,NA,CONTROL,NA,NA,TWEED,51,NA,NA,NA,NA,1.084,FALSE,FALSE,NA,parsed_table,FALSE,4680,1824,208,22.5,342,NA,NA,4317.343173431734,12.6238104486308
20260401-clam-36C-C-vs-S,/Users/sr320/Documents/GitHub/resazurin-assay-development/data/clam/20260401-clam-36C-C-vs-S/plate-K-T2.5.txt,plate-K-T2.5.txt,k,2.5,2026-04-01T10:19:22Z,25.7,"528/20,528/20",A,3,A3,NA,CONTROL,NA,CONTROL,NA,NA,TWEED,51,NA,NA,NA,NA,1.084,FALSE,FALSE,NA,parsed_table,FALSE,5820,1140,213,27.323943661971832,342,NA,NA,5369.0036900369,15.698841198938304
20260401-clam-36C-C-vs-S,/Users/sr320/Documents/GitHub/resazurin-assay-development/data/clam/20260401-clam-36C-C-vs-S/plate-K-T3.0.txt,plate-K-T3.0.txt,k,3,2026-04-01T11:27:59Z,26.2,"528/20,528/20",A,3,A3,NA,CONTROL,NA,CONTROL,NA,NA,TWEED,51,NA,NA,NA,NA,1.084,FALSE,FALSE,NA,parsed_table,FALSE,8228,2408,217,37.91705069124424,342,NA,NA,7590.40590405904,22.194169310114155
20260401-clam-36C-C-vs-S,/Users/sr320/Documents/GitHub/resazurin-assay-development/data/clam/20260401-clam-36C-C-vs-S/plate-K-T3.5.txt,plate-K-T3.5.txt,k,3.5,2026-04-01T12:02:29Z,26.4,"528/20,528/20",A,3,A3,NA,CONTROL,NA,CONTROL,NA,NA,TWEED,51,NA,NA,NA,NA,1.084,FALSE,FALSE,NA,parsed_table,FALSE,9074,846,218,41.62385321100918,342,NA,NA,8370.848708487085,24.476165814289722
20260401-clam-36C-C-vs-S,/Users/sr320/Documents/GitHub/resazurin-assay-development/data/clam/20260401-clam-36C-C-vs-S/plate-K-T4.0.txt,plate-K-T4.0.txt,k,4,2026-04-01T12:33:43Z,26.4,"528/20,528/20",A,3,A3,NA,CONTROL,NA,CONTROL,NA,NA,TWEED,51,NA,NA,NA,NA,1.084,FALSE,FALSE,NA,parsed_table,FALSE,9176,102,222,41.333333333333336,342,NA,NA,8464.944649446494,24.75130014458039
20260401-clam-36C-C-vs-S,/Users/sr320/Documents/GitHub/resazurin-assay-development/data/clam/20260401-clam-36C-C-vs-S/plate-K-T0.0.txt,plate-K-T0.0.txt,k,0,2026-04-01T07:38:44Z,23.1,"528/20,528/20",A,4,A4,NA,CONTROL,NA,CONTROL,NA,NA,BLUE,52,NA,NA,NA,NA,0.766,FALSE,FALSE,NA,parsed_table,FALSE,269,0,205,1.3121951219512196,269,NA,NA,351.1749347258486,1.3054830287206267
20260401-clam-36C-C-vs-S,/Users/sr320/Documents/GitHub/resazurin-assay-development/data/clam/20260401-clam-36C-C-vs-S/plate-K-T0.5.txt,plate-K-T0.5.txt,k,0.5,2026-04-01T08:10:41Z,24,"528/20,528/20",A,4,A4,NA,CONTROL,NA,CONTROL,NA,NA,BLUE,52,NA,NA,NA,NA,0.766,FALSE,FALSE,NA,parsed_table,FALSE,1343,1074,204,6.583333333333333,269,NA,NA,1753.2637075718014,6.517708950081047
20260401-clam-36C-C-vs-S,/Users/sr320/Documents/GitHub/resazurin-assay-development/data/clam/20260401-clam-36C-C-vs-S/plate-K-T1.0.txt,plate-K-T1.0.txt,k,1,2026-04-01T08:41:50Z,24.7,"528/20,528/20",A,4,A4,NA,CONTROL,NA,CONTROL,NA,NA,BLUE,52,NA,NA,NA,NA,0.766,FALSE,FALSE,NA,parsed_table,FALSE,2698,1355,205,13.160975609756097,269,NA,NA,3522.1932114882507,13.09365506129461
20260401-clam-36C-C-vs-S,/Users/sr320/Documents/GitHub/resazurin-assay-development/data/clam/20260401-clam-36C-C-vs-S/plate-K-T1.5.txt,plate-K-T1.5.txt,k,1.5,2026-04-01T09:15:06Z,25.3,"528/20,528/20",A,4,A4,NA,CONTROL,NA,CONTROL,NA,NA,BLUE,52,NA,NA,NA,NA,0.766,FALSE,FALSE,NA,parsed_table,FALSE,5257,2559,206,25.519417475728154,269,NA,NA,6862.924281984334,25.512729672804216
20260401-clam-36C-C-vs-S,/Users/sr320/Documents/GitHub/resazurin-assay-development/data/clam/20260401-clam-36C-C-vs-S/plate-K-T2.0.txt,plate-K-T2.0.txt,k,2,2026-04-01T09:45:55Z,25.5,"528/20,528/20",A,4,A4,NA,CONTROL,NA,CONTROL,NA,NA,BLUE,52,NA,NA,NA,NA,0.766,FALSE,FALSE,NA,parsed_table,FALSE,6552,1295,208,31.5,269,NA,NA,8553.524804177545,31.797489978355188
20260401-clam-36C-C-vs-S,/Users/sr320/Documents/GitHub/resazurin-assay-development/data/clam/20260401-clam-36C-C-vs-S/plate-K-T2.5.txt,plate-K-T2.5.txt,k,2.5,2026-04-01T10:19:22Z,25.7,"528/20,528/20",A,4,A4,NA,CONTROL,NA,CONTROL,NA,NA,BLUE,52,NA,NA,NA,NA,0.766,FALSE,FALSE,NA,parsed_table,FALSE,8193,1641,213,38.46478873239437,269,NA,NA,10695.822454308094,39.76142176322711
20260401-clam-36C-C-vs-S,/Users/sr320/Documents/GitHub/resazurin-assay-development/data/clam/20260401-clam-36C-C-vs-S/plate-K-T3.0.txt,plate-K-T3.0.txt,k,3,2026-04-01T11:27:59Z,26.2,"528/20,528/20",A,4,A4,NA,CONTROL,NA,CONTROL,NA,NA,BLUE,52,NA,NA,NA,NA,0.766,FALSE,FALSE,NA,parsed_table,FALSE,9477,1284,217,43.672811059907836,269,NA,NA,12372.062663185377,45.99279800440661
20260401-clam-36C-C-vs-S,/Users/sr320/Documents/GitHub/resazurin-assay-development/data/clam/20260401-clam-36C-C-vs-S/plate-K-T3.5.txt,plate-K-T3.5.txt,k,3.5,2026-04-01T12:02:29Z,26.4,"528/20,528/20",A,4,A4,NA,CONTROL,NA,CONTROL,NA,NA,BLUE,52,NA,NA,NA,NA,0.766,FALSE,FALSE,NA,parsed_table,FALSE,10225,748,218,46.903669724770644,269,NA,NA,13348.563968668406,49.622914381666945
20260401-clam-36C-C-vs-S,/Users/sr320/Documents/GitHub/resazurin-assay-development/data/clam/20260401-clam-36C-C-vs-S/plate-K-T4.0.txt,plate-K-T4.0.txt,k,4,2026-04-01T12:33:43Z,26.4,"528/20,528/20",A,4,A4,NA,CONTROL,NA,CONTROL,NA,NA,BLUE,52,NA,NA,NA,NA,0.766,FALSE,FALSE,NA,parsed_table,FALSE,10392,167,222,46.810810810810814,269,NA,NA,13566.579634464752,50.43338154076116
20260401-clam-36C-C-vs-S,/Users/sr320/Documents/GitHub/resazurin-assay-development/data/clam/20260401-clam-36C-C-vs-S/plate-K-T0.0.txt,plate-K-T0.0.txt,k,0,2026-04-01T07:38:44Z,23.1,"528/20,528/20",B,1,B1,NA,SELECTED,NA,SELECTED,NA,NA,TWEED,53,NA,NA,NA,NA,1.406,FALSE,FALSE,NA,parsed_table,FALSE,326,0,205,1.5902439024390245,326,NA,NA,231.8634423897582,0.7112375533428166
20260401-clam-36C-C-vs-S,/Users/sr320/Documents/GitHub/resazurin-assay-development/data/clam/20260401-clam-36C-C-vs-S/plate-K-T0.5.txt,plate-K-T0.5.txt,k,0.5,2026-04-01T08:10:41Z,24,"528/20,528/20",B,1,B1,NA,SELECTED,NA,SELECTED,NA,NA,TWEED,53,NA,NA,NA,NA,1.406,FALSE,FALSE,NA,parsed_table,FALSE,1046,720,204,5.127450980392157,326,NA,NA,743.9544807965862,2.2820689594987305
20260401-clam-36C-C-vs-S,/Users/sr320/Documents/GitHub/resazurin-assay-development/data/clam/20260401-clam-36C-C-vs-S/plate-K-T1.0.txt,plate-K-T1.0.txt,k,1,2026-04-01T08:41:50Z,24.7,"528/20,528/20",B,1,B1,NA,SELECTED,NA,SELECTED,NA,NA,TWEED,53,NA,NA,NA,NA,1.406,FALSE,FALSE,NA,parsed_table,FALSE,2079,1033,205,10.141463414634146,326,NA,NA,1478.6628733997156,4.535775685275201
20260401-clam-36C-C-vs-S,/Users/sr320/Documents/GitHub/resazurin-assay-development/data/clam/20260401-clam-36C-C-vs-S/plate-K-T1.5.txt,plate-K-T1.5.txt,k,1.5,2026-04-01T09:15:06Z,25.3,"528/20,528/20",B,1,B1,NA,SELECTED,NA,SELECTED,NA,NA,TWEED,53,NA,NA,NA,NA,1.406,FALSE,FALSE,NA,parsed_table,FALSE,3321,1242,206,16.12135922330097,326,NA,NA,2362.0199146514938,7.245459860894152
20260401-clam-36C-C-vs-S,/Users/sr320/Documents/GitHub/resazurin-assay-development/data/clam/20260401-clam-36C-C-vs-S/plate-K-T2.0.txt,plate-K-T2.0.txt,k,2,2026-04-01T09:45:55Z,25.5,"528/20,528/20",B,1,B1,NA,SELECTED,NA,SELECTED,NA,NA,TWEED,53,NA,NA,NA,NA,1.406,FALSE,FALSE,NA,parsed_table,FALSE,4454,1133,208,21.41346153846154,326,NA,NA,3167.852062588905,9.71733761530339
20260401-clam-36C-C-vs-S,/Users/sr320/Documents/GitHub/resazurin-assay-development/data/clam/20260401-clam-36C-C-vs-S/plate-K-T2.5.txt,plate-K-T2.5.txt,k,2.5,2026-04-01T10:19:22Z,25.7,"528/20,528/20",B,1,B1,NA,SELECTED,NA,SELECTED,NA,NA,TWEED,53,NA,NA,NA,NA,1.406,FALSE,FALSE,NA,parsed_table,FALSE,5451,997,213,25.591549295774648,326,NA,NA,3876.955903271693,11.892502770772065
20260401-clam-36C-C-vs-S,/Users/sr320/Documents/GitHub/resazurin-assay-development/data/clam/20260401-clam-36C-C-vs-S/plate-K-T3.0.txt,plate-K-T3.0.txt,k,3,2026-04-01T11:27:59Z,26.2,"528/20,528/20",B,1,B1,NA,SELECTED,NA,SELECTED,NA,NA,TWEED,53,NA,NA,NA,NA,1.406,FALSE,FALSE,NA,parsed_table,FALSE,7731,2280,217,35.62672811059908,326,NA,NA,5498.577524893315,16.866802223599127
20260401-clam-36C-C-vs-S,/Users/sr320/Documents/GitHub/resazurin-assay-development/data/clam/20260401-clam-36C-C-vs-S/plate-K-T3.5.txt,plate-K-T3.5.txt,k,3.5,2026-04-01T12:02:29Z,26.4,"528/20,528/20",B,1,B1,NA,SELECTED,NA,SELECTED,NA,NA,TWEED,53,NA,NA,NA,NA,1.406,FALSE,FALSE,NA,parsed_table,FALSE,8150,419,218,37.38532110091743,326,NA,NA,5796.586059743955,17.780938833570413
20260401-clam-36C-C-vs-S,/Users/sr320/Documents/GitHub/resazurin-assay-development/data/clam/20260401-clam-36C-C-vs-S/plate-K-T4.0.txt,plate-K-T4.0.txt,k,4,2026-04-01T12:33:43Z,26.4,"528/20,528/20",B,1,B1,NA,SELECTED,NA,SELECTED,NA,NA,TWEED,53,NA,NA,NA,NA,1.406,FALSE,FALSE,NA,parsed_table,FALSE,8870,720,222,39.95495495495496,326,NA,NA,6308.6770981507825,19.351770239726328
20260401-clam-36C-C-vs-S,/Users/sr320/Documents/GitHub/resazurin-assay-development/data/clam/20260401-clam-36C-C-vs-S/plate-K-T0.0.txt,plate-K-T0.0.txt,k,0,2026-04-01T07:38:44Z,23.1,"528/20,528/20",B,2,B2,NA,SELECTED,NA,SELECTED,NA,NA,BLUE,54,NA,NA,NA,NA,1.162,FALSE,FALSE,NA,parsed_table,FALSE,428,0,205,2.0878048780487806,428,NA,NA,368.33046471600693,0.8605851979345955
20260401-clam-36C-C-vs-S,/Users/sr320/Documents/GitHub/resazurin-assay-development/data/clam/20260401-clam-36C-C-vs-S/plate-K-T0.5.txt,plate-K-T0.5.txt,k,0.5,2026-04-01T08:10:41Z,24,"528/20,528/20",B,2,B2,NA,SELECTED,NA,SELECTED,NA,NA,BLUE,54,NA,NA,NA,NA,1.162,FALSE,FALSE,NA,parsed_table,FALSE,927,499,204,4.544117647058823,428,NA,NA,797.7624784853701,1.863931024498528
20260401-clam-36C-C-vs-S,/Users/sr320/Documents/GitHub/resazurin-assay-development/data/clam/20260401-clam-36C-C-vs-S/plate-K-T1.0.txt,plate-K-T1.0.txt,k,1,2026-04-01T08:41:50Z,24.7,"528/20,528/20",B,2,B2,NA,SELECTED,NA,SELECTED,NA,NA,BLUE,54,NA,NA,NA,NA,1.162,FALSE,FALSE,NA,parsed_table,FALSE,1775,848,205,8.658536585365853,428,NA,NA,1527.538726333907,3.569015715733428
20260401-clam-36C-C-vs-S,/Users/sr320/Documents/GitHub/resazurin-assay-development/data/clam/20260401-clam-36C-C-vs-S/plate-K-T1.5.txt,plate-K-T1.5.txt,k,1.5,2026-04-01T09:15:06Z,25.3,"528/20,528/20",B,2,B2,NA,SELECTED,NA,SELECTED,NA,NA,BLUE,54,NA,NA,NA,NA,1.162,FALSE,FALSE,NA,parsed_table,FALSE,3262,1487,206,15.83495145631068,428,NA,NA,2807.2289156626507,6.558946064632361
20260401-clam-36C-C-vs-S,/Users/sr320/Documents/GitHub/resazurin-assay-development/data/clam/20260401-clam-36C-C-vs-S/plate-K-T2.0.txt,plate-K-T2.0.txt,k,2,2026-04-01T09:45:55Z,25.5,"528/20,528/20",B,2,B2,NA,SELECTED,NA,SELECTED,NA,NA,BLUE,54,NA,NA,NA,NA,1.162,FALSE,FALSE,NA,parsed_table,FALSE,4370,1108,208,21.009615384615383,428,NA,NA,3760.757314974183,8.786816156481734
20260401-clam-36C-C-vs-S,/Users/sr320/Documents/GitHub/resazurin-assay-development/data/clam/20260401-clam-36C-C-vs-S/plate-K-T2.5.txt,plate-K-T2.5.txt,k,2.5,2026-04-01T10:19:22Z,25.7,"528/20,528/20",B,2,B2,NA,SELECTED,NA,SELECTED,NA,NA,BLUE,54,NA,NA,NA,NA,1.162,FALSE,FALSE,NA,parsed_table,FALSE,5538,1168,213,26,428,NA,NA,4765.9208261617905,11.135329033088295
20260401-clam-36C-C-vs-S,/Users/sr320/Documents/GitHub/resazurin-assay-development/data/clam/20260401-clam-36C-C-vs-S/plate-K-T3.0.txt,plate-K-T3.0.txt,k,3,2026-04-01T11:27:59Z,26.2,"528/20,528/20",B,2,B2,NA,SELECTED,NA,SELECTED,NA,NA,BLUE,54,NA,NA,NA,NA,1.162,FALSE,FALSE,NA,parsed_table,FALSE,7611,2073,217,35.07373271889401,428,NA,NA,6549.913941480207,15.30353724644908
20260401-clam-36C-C-vs-S,/Users/sr320/Documents/GitHub/resazurin-assay-development/data/clam/20260401-clam-36C-C-vs-S/plate-K-T3.5.txt,plate-K-T3.5.txt,k,3.5,2026-04-01T12:02:29Z,26.4,"528/20,528/20",B,2,B2,NA,SELECTED,NA,SELECTED,NA,NA,BLUE,54,NA,NA,NA,NA,1.162,FALSE,FALSE,NA,parsed_table,FALSE,8416,805,218,38.60550458715596,428,NA,NA,7242.685025817556,16.922161275274664
20260401-clam-36C-C-vs-S,/Users/sr320/Documents/GitHub/resazurin-assay-development/data/clam/20260401-clam-36C-C-vs-S/plate-K-T4.0.txt,plate-K-T4.0.txt,k,4,2026-04-01T12:33:43Z,26.4,"528/20,528/20",B,2,B2,NA,SELECTED,NA,SELECTED,NA,NA,BLUE,54,NA,NA,NA,NA,1.162,FALSE,FALSE,NA,parsed_table,FALSE,8810,394,222,39.68468468468468,428,NA,NA,7581.755593803787,17.71438222851352
20260401-clam-36C-C-vs-S,/Users/sr320/Documents/GitHub/resazurin-assay-development/data/clam/20260401-clam-36C-C-vs-S/plate-K-T0.0.txt,plate-K-T0.0.txt,k,0,2026-04-01T07:38:44Z,23.1,"528/20,528/20",B,3,B3,NA,CONTROL,NA,CONTROL,NA,NA,TWEED,55,NA,NA,NA,NA,0.701,FALSE,FALSE,NA,parsed_table,FALSE,249,0,205,1.2146341463414634,249,NA,NA,355.206847360913,1.4265335235378032
20260401-clam-36C-C-vs-S,/Users/sr320/Documents/GitHub/resazurin-assay-development/data/clam/20260401-clam-36C-C-vs-S/plate-K-T0.5.txt,plate-K-T0.5.txt,k,0.5,2026-04-01T08:10:41Z,24,"528/20,528/20",B,3,B3,NA,CONTROL,NA,CONTROL,NA,NA,TWEED,55,NA,NA,NA,NA,0.701,FALSE,FALSE,NA,parsed_table,FALSE,817,568,204,4.004901960784314,249,NA,NA,1165.4778887303853,4.680634091286688
20260401-clam-36C-C-vs-S,/Users/sr320/Documents/GitHub/resazurin-assay-development/data/clam/20260401-clam-36C-C-vs-S/plate-K-T1.0.txt,plate-K-T1.0.txt,k,1,2026-04-01T08:41:50Z,24.7,"528/20,528/20",B,3,B3,NA,CONTROL,NA,CONTROL,NA,NA,TWEED,55,NA,NA,NA,NA,0.701,FALSE,FALSE,NA,parsed_table,FALSE,1988,1171,205,9.697560975609756,249,NA,NA,2835.9486447931527,11.389351987121096
20260401-clam-36C-C-vs-S,/Users/sr320/Documents/GitHub/resazurin-assay-development/data/clam/20260401-clam-36C-C-vs-S/plate-K-T1.5.txt,plate-K-T1.5.txt,k,1.5,2026-04-01T09:15:06Z,25.3,"528/20,528/20",B,3,B3,NA,CONTROL,NA,CONTROL,NA,NA,TWEED,55,NA,NA,NA,NA,0.701,FALSE,FALSE,NA,parsed_table,FALSE,3359,1371,206,16.305825242718445,249,NA,NA,4791.726105563481,19.243879942022012
20260401-clam-36C-C-vs-S,/Users/sr320/Documents/GitHub/resazurin-assay-development/data/clam/20260401-clam-36C-C-vs-S/plate-K-T2.0.txt,plate-K-T2.0.txt,k,2,2026-04-01T09:45:55Z,25.5,"528/20,528/20",B,3,B3,NA,CONTROL,NA,CONTROL,NA,NA,TWEED,55,NA,NA,NA,NA,0.701,FALSE,FALSE,NA,parsed_table,FALSE,4519,1160,208,21.72596153846154,249,NA,NA,6446.5049928673325,25.88957828460776
20260401-clam-36C-C-vs-S,/Users/sr320/Documents/GitHub/resazurin-assay-development/data/clam/20260401-clam-36C-C-vs-S/plate-K-T2.5.txt,plate-K-T2.5.txt,k,2.5,2026-04-01T10:19:22Z,25.7,"528/20,528/20",B,3,B3,NA,CONTROL,NA,CONTROL,NA,NA,TWEED,55,NA,NA,NA,NA,0.701,FALSE,FALSE,NA,parsed_table,FALSE,5505,986,213,25.845070422535212,249,NA,NA,7853.067047075607,31.53842187580565
20260401-clam-36C-C-vs-S,/Users/sr320/Documents/GitHub/resazurin-assay-development/data/clam/20260401-clam-36C-C-vs-S/plate-K-T3.0.txt,plate-K-T3.0.txt,k,3,2026-04-01T11:27:59Z,26.2,"528/20,528/20",B,3,B3,NA,CONTROL,NA,CONTROL,NA,NA,TWEED,55,NA,NA,NA,NA,0.701,FALSE,FALSE,NA,parsed_table,FALSE,6834,1329,217,31.493087557603687,249,NA,NA,9748.930099857347,39.1523297183026
20260401-clam-36C-C-vs-S,/Users/sr320/Documents/GitHub/resazurin-assay-development/data/clam/20260401-clam-36C-C-vs-S/plate-K-T3.5.txt,plate-K-T3.5.txt,k,3.5,2026-04-01T12:02:29Z,26.4,"528/20,528/20",B,3,B3,NA,CONTROL,NA,CONTROL,NA,NA,TWEED,55,NA,NA,NA,NA,0.701,FALSE,FALSE,NA,parsed_table,FALSE,7581,747,218,34.77522935779817,249,NA,NA,10814.550641940086,43.43193028891601
20260401-clam-36C-C-vs-S,/Users/sr320/Documents/GitHub/resazurin-assay-development/data/clam/20260401-clam-36C-C-vs-S/plate-K-T4.0.txt,plate-K-T4.0.txt,k,4,2026-04-01T12:33:43Z,26.4,"528/20,528/20",B,3,B3,NA,CONTROL,NA,CONTROL,NA,NA,TWEED,55,NA,NA,NA,NA,0.701,FALSE,FALSE,NA,parsed_table,FALSE,8171,590,222,36.806306306306304,249,NA,NA,11656.20542082739,46.81206996316221
20260401-clam-36C-C-vs-S,/Users/sr320/Documents/GitHub/resazurin-assay-development/data/clam/20260401-clam-36C-C-vs-S/plate-K-T0.0.txt,plate-K-T0.0.txt,k,0,2026-04-01T07:38:44Z,23.1,"528/20,528/20",B,4,B4,NA,CONTROL,NA,CONTROL,NA,NA,BLUE,56,NA,NA,NA,NA,1.396,FALSE,FALSE,NA,parsed_table,FALSE,491,0,205,2.395121951219512,491,NA,NA,351.71919770773644,0.7163323782234957
20260401-clam-36C-C-vs-S,/Users/sr320/Documents/GitHub/resazurin-assay-development/data/clam/20260401-clam-36C-C-vs-S/plate-K-T0.5.txt,plate-K-T0.5.txt,k,0.5,2026-04-01T08:10:41Z,24,"528/20,528/20",B,4,B4,NA,CONTROL,NA,CONTROL,NA,NA,BLUE,56,NA,NA,NA,NA,1.396,FALSE,FALSE,NA,parsed_table,FALSE,3597,3106,204,17.63235294117647,491,NA,NA,2576.6475644699144,5.247754713788012
20260401-clam-36C-C-vs-S,/Users/sr320/Documents/GitHub/resazurin-assay-development/data/clam/20260401-clam-36C-C-vs-S/plate-K-T1.0.txt,plate-K-T1.0.txt,k,1,2026-04-01T08:41:50Z,24.7,"528/20,528/20",B,4,B4,NA,CONTROL,NA,CONTROL,NA,NA,BLUE,56,NA,NA,NA,NA,1.396,FALSE,FALSE,NA,parsed_table,FALSE,6376,2779,205,31.102439024390243,491,NA,NA,4567.335243553009,9.302108439008164
20260401-clam-36C-C-vs-S,/Users/sr320/Documents/GitHub/resazurin-assay-development/data/clam/20260401-clam-36C-C-vs-S/plate-K-T1.5.txt,plate-K-T1.5.txt,k,1.5,2026-04-01T09:15:06Z,25.3,"528/20,528/20",B,4,B4,NA,CONTROL,NA,CONTROL,NA,NA,BLUE,56,NA,NA,NA,NA,1.396,FALSE,FALSE,NA,parsed_table,FALSE,9123,2747,206,44.286407766990294,491,NA,NA,6535.100286532952,13.309776550983608
20260401-clam-36C-C-vs-S,/Users/sr320/Documents/GitHub/resazurin-assay-development/data/clam/20260401-clam-36C-C-vs-S/plate-K-T2.0.txt,plate-K-T2.0.txt,k,2,2026-04-01T09:45:55Z,25.5,"528/20,528/20",B,4,B4,NA,CONTROL,NA,CONTROL,NA,NA,BLUE,56,NA,NA,NA,NA,1.396,FALSE,FALSE,NA,parsed_table,FALSE,10625,1502,208,51.08173076923077,491,NA,NA,7611.031518624643,15.501082522657114
20260401-clam-36C-C-vs-S,/Users/sr320/Documents/GitHub/resazurin-assay-development/data/clam/20260401-clam-36C-C-vs-S/plate-K-T2.5.txt,plate-K-T2.5.txt,k,2.5,2026-04-01T10:19:22Z,25.7,"528/20,528/20",B,4,B4,NA,CONTROL,NA,CONTROL,NA,NA,BLUE,56,NA,NA,NA,NA,1.396,FALSE,FALSE,NA,parsed_table,FALSE,11620,995,213,54.55399061032864,491,NA,NA,8323.7822349570215,16.952713309484768
20260401-clam-36C-C-vs-S,/Users/sr320/Documents/GitHub/resazurin-assay-development/data/clam/20260401-clam-36C-C-vs-S/plate-K-T3.0.txt,plate-K-T3.0.txt,k,3,2026-04-01T11:27:59Z,26.2,"528/20,528/20",B,4,B4,NA,CONTROL,NA,CONTROL,NA,NA,BLUE,56,NA,NA,NA,NA,1.396,FALSE,FALSE,NA,parsed_table,FALSE,11173,-447,217,51.48847926267281,491,NA,NA,8003.581661891118,16.300573649472746
20260401-clam-36C-C-vs-S,/Users/sr320/Documents/GitHub/resazurin-assay-development/data/clam/20260401-clam-36C-C-vs-S/plate-K-T3.5.txt,plate-K-T3.5.txt,k,3.5,2026-04-01T12:02:29Z,26.4,"528/20,528/20",B,4,B4,NA,CONTROL,NA,CONTROL,NA,NA,BLUE,56,NA,NA,NA,NA,1.396,FALSE,FALSE,NA,parsed_table,FALSE,10984,-189,218,50.38532110091743,491,NA,NA,7868.194842406877,16.024836746246184
20260401-clam-36C-C-vs-S,/Users/sr320/Documents/GitHub/resazurin-assay-development/data/clam/20260401-clam-36C-C-vs-S/plate-K-T4.0.txt,plate-K-T4.0.txt,k,4,2026-04-01T12:33:43Z,26.4,"528/20,528/20",B,4,B4,NA,CONTROL,NA,CONTROL,NA,NA,BLUE,56,NA,NA,NA,NA,1.396,FALSE,FALSE,NA,parsed_table,FALSE,10747,-237,222,48.409909909909906,491,NA,NA,7698.4240687679085,15.679071423152564
20260401-clam-36C-C-vs-S,/Users/sr320/Documents/GitHub/resazurin-assay-development/data/clam/20260401-clam-36C-C-vs-S/plate-K-T0.0.txt,plate-K-T0.0.txt,k,0,2026-04-01T07:38:44Z,23.1,"528/20,528/20",C,1,C1,NA,NA,NA,NA,NA,NA,NA,NA,NA,NA,NA,NA,NA,TRUE,FALSE,NA,parsed_table,FALSE,205,0,205,1,NA,NA,NA,NA,NA
20260401-clam-36C-C-vs-S,/Users/sr320/Documents/GitHub/resazurin-assay-development/data/clam/20260401-clam-36C-C-vs-S/plate-K-T0.5.txt,plate-K-T0.5.txt,k,0.5,2026-04-01T08:10:41Z,24,"528/20,528/20",C,1,C1,NA,NA,NA,NA,NA,NA,NA,NA,NA,NA,NA,NA,NA,TRUE,FALSE,NA,parsed_table,FALSE,204,-1,204,1,NA,NA,NA,NA,NA
20260401-clam-36C-C-vs-S,/Users/sr320/Documents/GitHub/resazurin-assay-development/data/clam/20260401-clam-36C-C-vs-S/plate-K-T1.0.txt,plate-K-T1.0.txt,k,1,2026-04-01T08:41:50Z,24.7,"528/20,528/20",C,1,C1,NA,NA,NA,NA,NA,NA,NA,NA,NA,NA,NA,NA,NA,TRUE,FALSE,NA,parsed_table,FALSE,205,1,205,1,NA,NA,NA,NA,NA
20260401-clam-36C-C-vs-S,/Users/sr320/Documents/GitHub/resazurin-assay-development/data/clam/20260401-clam-36C-C-vs-S/plate-K-T1.5.txt,plate-K-T1.5.txt,k,1.5,2026-04-01T09:15:06Z,25.3,"528/20,528/20",C,1,C1,NA,NA,NA,NA,NA,NA,NA,NA,NA,NA,NA,NA,NA,TRUE,FALSE,NA,parsed_table,FALSE,206,1,206,1,NA,NA,NA,NA,NA
20260401-clam-36C-C-vs-S,/Users/sr320/Documents/GitHub/resazurin-assay-development/data/clam/20260401-clam-36C-C-vs-S/plate-K-T2.0.txt,plate-K-T2.0.txt,k,2,2026-04-01T09:45:55Z,25.5,"528/20,528/20",C,1,C1,NA,NA,NA,NA,NA,NA,NA,NA,NA,NA,NA,NA,NA,TRUE,FALSE,NA,parsed_table,FALSE,208,2,208,1,NA,NA,NA,NA,NA
20260401-clam-36C-C-vs-S,/Users/sr320/Documents/GitHub/resazurin-assay-development/data/clam/20260401-clam-36C-C-vs-S/plate-K-T2.5.txt,plate-K-T2.5.txt,k,2.5,2026-04-01T10:19:22Z,25.7,"528/20,528/20",C,1,C1,NA,NA,NA,NA,NA,NA,NA,NA,NA,NA,NA,NA,NA,TRUE,FALSE,NA,parsed_table,FALSE,213,5,213,1,NA,NA,NA,NA,NA
20260401-clam-36C-C-vs-S,/Users/sr320/Documents/GitHub/resazurin-assay-development/data/clam/20260401-clam-36C-C-vs-S/plate-K-T3.0.txt,plate-K-T3.0.txt,k,3,2026-04-01T11:27:59Z,26.2,"528/20,528/20",C,1,C1,NA,NA,NA,NA,NA,NA,NA,NA,NA,NA,NA,NA,NA,TRUE,FALSE,NA,parsed_table,FALSE,217,4,217,1,NA,NA,NA,NA,NA
20260401-clam-36C-C-vs-S,/Users/sr320/Documents/GitHub/resazurin-assay-development/data/clam/20260401-clam-36C-C-vs-S/plate-K-T3.5.txt,plate-K-T3.5.txt,k,3.5,2026-04-01T12:02:29Z,26.4,"528/20,528/20",C,1,C1,NA,NA,NA,NA,NA,NA,NA,NA,NA,NA,NA,NA,NA,TRUE,FALSE,NA,parsed_table,FALSE,218,1,218,1,NA,NA,NA,NA,NA
20260401-clam-36C-C-vs-S,/Users/sr320/Documents/GitHub/resazurin-assay-development/data/clam/20260401-clam-36C-C-vs-S/plate-K-T4.0.txt,plate-K-T4.0.txt,k,4,2026-04-01T12:33:43Z,26.4,"528/20,528/20",C,1,C1,NA,NA,NA,NA,NA,NA,NA,NA,NA,NA,NA,NA,NA,TRUE,FALSE,NA,parsed_table,FALSE,222,4,222,1,NA,NA,NA,NA,NA
20260401-clam-36C-C-vs-S,/Users/sr320/Documents/GitHub/resazurin-assay-development/data/clam/20260401-clam-36C-C-vs-S/plate-K-T0.0.txt,plate-K-T0.0.txt,k,0,2026-04-01T07:38:44Z,23.1,"528/20,528/20",C,2,C2,NA,SELECTED,NA,SELECTED,NA,NA,BLUE,58,NA,NA,NA,NA,1.332,FALSE,FALSE,NA,parsed_table,FALSE,340,0,205,1.6585365853658536,340,NA,NA,255.25525525525524,0.7507507507507507
20260401-clam-36C-C-vs-S,/Users/sr320/Documents/GitHub/resazurin-assay-development/data/clam/20260401-clam-36C-C-vs-S/plate-K-T0.5.txt,plate-K-T0.5.txt,k,0.5,2026-04-01T08:10:41Z,24,"528/20,528/20",C,2,C2,NA,SELECTED,NA,SELECTED,NA,NA,BLUE,58,NA,NA,NA,NA,1.332,FALSE,FALSE,NA,parsed_table,FALSE,1015,675,204,4.9754901960784315,340,NA,NA,762.012012012012,2.2412118000353294
20260401-clam-36C-C-vs-S,/Users/sr320/Documents/GitHub/resazurin-assay-development/data/clam/20260401-clam-36C-C-vs-S/plate-K-T1.0.txt,plate-K-T1.0.txt,k,1,2026-04-01T08:41:50Z,24.7,"528/20,528/20",C,2,C2,NA,SELECTED,NA,SELECTED,NA,NA,BLUE,58,NA,NA,NA,NA,1.332,FALSE,FALSE,NA,parsed_table,FALSE,2539,1524,205,12.385365853658536,340,NA,NA,1906.1561561561562,5.606341635753401
20260401-clam-36C-C-vs-S,/Users/sr320/Documents/GitHub/resazurin-assay-development/data/clam/20260401-clam-36C-C-vs-S/plate-K-T1.5.txt,plate-K-T1.5.txt,k,1.5,2026-04-01T09:15:06Z,25.3,"528/20,528/20",C,2,C2,NA,SELECTED,NA,SELECTED,NA,NA,BLUE,58,NA,NA,NA,NA,1.332,FALSE,FALSE,NA,parsed_table,FALSE,4264,1725,206,20.699029126213592,340,NA,NA,3201.201201201201,9.415297650591768
20260401-clam-36C-C-vs-S,/Users/sr320/Documents/GitHub/resazurin-assay-development/data/clam/20260401-clam-36C-C-vs-S/plate-K-T2.0.txt,plate-K-T2.0.txt,k,2,2026-04-01T09:45:55Z,25.5,"528/20,528/20",C,2,C2,NA,SELECTED,NA,SELECTED,NA,NA,BLUE,58,NA,NA,NA,NA,1.332,FALSE,FALSE,NA,parsed_table,FALSE,5638,1374,208,27.10576923076923,340,NA,NA,4232.732732732732,12.449213919802155
20260401-clam-36C-C-vs-S,/Users/sr320/Documents/GitHub/resazurin-assay-development/data/clam/20260401-clam-36C-C-vs-S/plate-K-T2.5.txt,plate-K-T2.5.txt,k,2.5,2026-04-01T10:19:22Z,25.7,"528/20,528/20",C,2,C2,NA,SELECTED,NA,SELECTED,NA,NA,BLUE,58,NA,NA,NA,NA,1.332,FALSE,FALSE,NA,parsed_table,FALSE,6856,1218,213,32.18779342723005,340,NA,NA,5147.147147147147,15.13866807984455
20260401-clam-36C-C-vs-S,/Users/sr320/Documents/GitHub/resazurin-assay-development/data/clam/20260401-clam-36C-C-vs-S/plate-K-T3.0.txt,plate-K-T3.0.txt,k,3,2026-04-01T11:27:59Z,26.2,"528/20,528/20",C,2,C2,NA,SELECTED,NA,SELECTED,NA,NA,BLUE,58,NA,NA,NA,NA,1.332,FALSE,FALSE,NA,parsed_table,FALSE,9098,2242,217,41.92626728110599,340,NA,NA,6830.33033033033,20.089206853912735
20260401-clam-36C-C-vs-S,/Users/sr320/Documents/GitHub/resazurin-assay-development/data/clam/20260401-clam-36C-C-vs-S/plate-K-T3.5.txt,plate-K-T3.5.txt,k,3.5,2026-04-01T12:02:29Z,26.4,"528/20,528/20",C,2,C2,NA,SELECTED,NA,SELECTED,NA,NA,BLUE,58,NA,NA,NA,NA,1.332,FALSE,FALSE,NA,parsed_table,FALSE,9691,593,218,44.45412844036697,340,NA,NA,7275.525525525525,21.39860448683978
20260401-clam-36C-C-vs-S,/Users/sr320/Documents/GitHub/resazurin-assay-development/data/clam/20260401-clam-36C-C-vs-S/plate-K-T4.0.txt,plate-K-T4.0.txt,k,4,2026-04-01T12:33:43Z,26.4,"528/20,528/20",C,2,C2,NA,SELECTED,NA,SELECTED,NA,NA,BLUE,58,NA,NA,NA,NA,1.332,FALSE,FALSE,NA,parsed_table,FALSE,10224,533,222,46.054054054054056,340,NA,NA,7675.675675675675,22.57551669316375
20260401-clam-36C-C-vs-S,/Users/sr320/Documents/GitHub/resazurin-assay-development/data/clam/20260401-clam-36C-C-vs-S/plate-K-T0.0.txt,plate-K-T0.0.txt,k,0,2026-04-01T07:38:44Z,23.1,"528/20,528/20",C,3,C3,NA,CONTROL,NA,CONTROL,NA,NA,TWEED,59,NA,NA,NA,NA,0.927,FALSE,FALSE,NA,parsed_table,FALSE,341,0,205,1.6634146341463414,341,NA,NA,367.85329018338723,1.0787486515641855
20260401-clam-36C-C-vs-S,/Users/sr320/Documents/GitHub/resazurin-assay-development/data/clam/20260401-clam-36C-C-vs-S/plate-K-T0.5.txt,plate-K-T0.5.txt,k,0.5,2026-04-01T08:10:41Z,24,"528/20,528/20",C,3,C3,NA,CONTROL,NA,CONTROL,NA,NA,TWEED,59,NA,NA,NA,NA,0.927,FALSE,FALSE,NA,parsed_table,FALSE,931,590,204,4.563725490196078,341,NA,NA,1004.3149946062567,2.945205262774946
20260401-clam-36C-C-vs-S,/Users/sr320/Documents/GitHub/resazurin-assay-development/data/clam/20260401-clam-36C-C-vs-S/plate-K-T1.0.txt,plate-K-T1.0.txt,k,1,2026-04-01T08:41:50Z,24.7,"528/20,528/20",C,3,C3,NA,CONTROL,NA,CONTROL,NA,NA,TWEED,59,NA,NA,NA,NA,0.927,FALSE,FALSE,NA,parsed_table,FALSE,1795,864,205,8.75609756097561,341,NA,NA,1936.353829557713,5.678456978175111
20260401-clam-36C-C-vs-S,/Users/sr320/Documents/GitHub/resazurin-assay-development/data/clam/20260401-clam-36C-C-vs-S/plate-K-T1.5.txt,plate-K-T1.5.txt,k,1.5,2026-04-01T09:15:06Z,25.3,"528/20,528/20",C,3,C3,NA,CONTROL,NA,CONTROL,NA,NA,TWEED,59,NA,NA,NA,NA,0.927,FALSE,FALSE,NA,parsed_table,FALSE,2584,789,206,12.54368932038835,341,NA,NA,2787.4865156418555,8.17444725994679
20260401-clam-36C-C-vs-S,/Users/sr320/Documents/GitHub/resazurin-assay-development/data/clam/20260401-clam-36C-C-vs-S/plate-K-T2.0.txt,plate-K-T2.0.txt,k,2,2026-04-01T09:45:55Z,25.5,"528/20,528/20",C,3,C3,NA,CONTROL,NA,CONTROL,NA,NA,TWEED,59,NA,NA,NA,NA,0.927,FALSE,FALSE,NA,parsed_table,FALSE,3368,784,208,16.192307692307693,341,NA,NA,3633.225458468177,10.654620112809903
20260401-clam-36C-C-vs-S,/Users/sr320/Documents/GitHub/resazurin-assay-development/data/clam/20260401-clam-36C-C-vs-S/plate-K-T2.5.txt,plate-K-T2.5.txt,k,2.5,2026-04-01T10:19:22Z,25.7,"528/20,528/20",C,3,C3,NA,CONTROL,NA,CONTROL,NA,NA,TWEED,59,NA,NA,NA,NA,0.927,FALSE,FALSE,NA,parsed_table,FALSE,3947,579,213,18.530516431924884,341,NA,NA,4257.82092772384,12.486278380421817
20260401-clam-36C-C-vs-S,/Users/sr320/Documents/GitHub/resazurin-assay-development/data/clam/20260401-clam-36C-C-vs-S/plate-K-T3.0.txt,plate-K-T3.0.txt,k,3,2026-04-01T11:27:59Z,26.2,"528/20,528/20",C,3,C3,NA,CONTROL,NA,CONTROL,NA,NA,TWEED,59,NA,NA,NA,NA,0.927,FALSE,FALSE,NA,parsed_table,FALSE,5913,1966,217,27.24884792626728,341,NA,NA,6378.640776699029,18.70569142726988
20260401-clam-36C-C-vs-S,/Users/sr320/Documents/GitHub/resazurin-assay-development/data/clam/20260401-clam-36C-C-vs-S/plate-K-T3.5.txt,plate-K-T3.5.txt,k,3.5,2026-04-01T12:02:29Z,26.4,"528/20,528/20",C,3,C3,NA,CONTROL,NA,CONTROL,NA,NA,TWEED,59,NA,NA,NA,NA,0.927,FALSE,FALSE,NA,parsed_table,FALSE,6529,616,218,29.94954128440367,341,NA,NA,7043.149946062567,20.654398668805182
20260401-clam-36C-C-vs-S,/Users/sr320/Documents/GitHub/resazurin-assay-development/data/clam/20260401-clam-36C-C-vs-S/plate-K-T4.0.txt,plate-K-T4.0.txt,k,4,2026-04-01T12:33:43Z,26.4,"528/20,528/20",C,3,C3,NA,CONTROL,NA,CONTROL,NA,NA,TWEED,59,NA,NA,NA,NA,0.927,FALSE,FALSE,NA,parsed_table,FALSE,6747,218,222,30.39189189189189,341,NA,NA,7278.317152103559,21.34403856921865
20260401-clam-36C-C-vs-S,/Users/sr320/Documents/GitHub/resazurin-assay-development/data/clam/20260401-clam-36C-C-vs-S/plate-K-T0.0.txt,plate-K-T0.0.txt,k,0,2026-04-01T07:38:44Z,23.1,"528/20,528/20",C,4,C4,NA,CONTROL,NA,CONTROL,NA,NA,BLUE,60,NA,NA,NA,NA,1.204,FALSE,FALSE,NA,parsed_table,FALSE,351,0,205,1.7121951219512195,351,NA,NA,291.5282392026578,0.8305647840531561
20260401-clam-36C-C-vs-S,/Users/sr320/Documents/GitHub/resazurin-assay-development/data/clam/20260401-clam-36C-C-vs-S/plate-K-T0.5.txt,plate-K-T0.5.txt,k,0.5,2026-04-01T08:10:41Z,24,"528/20,528/20",C,4,C4,NA,CONTROL,NA,CONTROL,NA,NA,BLUE,60,NA,NA,NA,NA,1.204,FALSE,FALSE,NA,parsed_table,FALSE,2369,2018,204,11.612745098039216,351,NA,NA,1967.607973421927,5.605720721999791
20260401-clam-36C-C-vs-S,/Users/sr320/Documents/GitHub/resazurin-assay-development/data/clam/20260401-clam-36C-C-vs-S/plate-K-T1.0.txt,plate-K-T1.0.txt,k,1,2026-04-01T08:41:50Z,24.7,"528/20,528/20",C,4,C4,NA,CONTROL,NA,CONTROL,NA,NA,BLUE,60,NA,NA,NA,NA,1.204,FALSE,FALSE,NA,parsed_table,FALSE,5034,2665,205,24.55609756097561,351,NA,NA,4181.063122923588,11.911860749070053
20260401-clam-36C-C-vs-S,/Users/sr320/Documents/GitHub/resazurin-assay-development/data/clam/20260401-clam-36C-C-vs-S/plate-K-T1.5.txt,plate-K-T1.5.txt,k,1.5,2026-04-01T09:15:06Z,25.3,"528/20,528/20",C,4,C4,NA,CONTROL,NA,CONTROL,NA,NA,BLUE,60,NA,NA,NA,NA,1.204,FALSE,FALSE,NA,parsed_table,FALSE,10008,4974,206,48.58252427184466,351,NA,NA,8312.292358803987,23.681744611977173
20260401-clam-36C-C-vs-S,/Users/sr320/Documents/GitHub/resazurin-assay-development/data/clam/20260401-clam-36C-C-vs-S/plate-K-T2.0.txt,plate-K-T2.0.txt,k,2,2026-04-01T09:45:55Z,25.5,"528/20,528/20",C,4,C4,NA,CONTROL,NA,CONTROL,NA,NA,BLUE,60,NA,NA,NA,NA,1.204,FALSE,FALSE,NA,parsed_table,FALSE,10886,878,208,52.33653846153846,351,NA,NA,9041.528239202658,25.759339712828083
20260401-clam-36C-C-vs-S,/Users/sr320/Documents/GitHub/resazurin-assay-development/data/clam/20260401-clam-36C-C-vs-S/plate-K-T2.5.txt,plate-K-T2.5.txt,k,2.5,2026-04-01T10:19:22Z,25.7,"528/20,528/20",C,4,C4,NA,CONTROL,NA,CONTROL,NA,NA,BLUE,60,NA,NA,NA,NA,1.204,FALSE,FALSE,NA,parsed_table,FALSE,10325,-561,213,48.47417840375587,351,NA,NA,8575.581395348838,24.431855827204664
20260401-clam-36C-C-vs-S,/Users/sr320/Documents/GitHub/resazurin-assay-development/data/clam/20260401-clam-36C-C-vs-S/plate-K-T3.0.txt,plate-K-T3.0.txt,k,3,2026-04-01T11:27:59Z,26.2,"528/20,528/20",C,4,C4,NA,CONTROL,NA,CONTROL,NA,NA,BLUE,60,NA,NA,NA,NA,1.204,FALSE,FALSE,NA,parsed_table,FALSE,9564,-761,217,44.07373271889401,351,NA,NA,7943.5215946843855,22.631115654371467
20260401-clam-36C-C-vs-S,/Users/sr320/Documents/GitHub/resazurin-assay-development/data/clam/20260401-clam-36C-C-vs-S/plate-K-T3.5.txt,plate-K-T3.5.txt,k,3.5,2026-04-01T12:02:29Z,26.4,"528/20,528/20",C,4,C4,NA,CONTROL,NA,CONTROL,NA,NA,BLUE,60,NA,NA,NA,NA,1.204,FALSE,FALSE,NA,parsed_table,FALSE,9717,153,218,44.57339449541284,351,NA,NA,8070.598006644518,22.993156714086947
20260401-clam-36C-C-vs-S,/Users/sr320/Documents/GitHub/resazurin-assay-development/data/clam/20260401-clam-36C-C-vs-S/plate-K-T4.0.txt,plate-K-T4.0.txt,k,4,2026-04-01T12:33:43Z,26.4,"528/20,528/20",C,4,C4,NA,CONTROL,NA,CONTROL,NA,NA,BLUE,60,NA,NA,NA,NA,1.204,FALSE,FALSE,NA,parsed_table,FALSE,9684,-33,222,43.62162162162162,351,NA,NA,8043.189368770764,22.915069426697336
20260401-clam-36C-C-vs-S,/Users/sr320/Documents/GitHub/resazurin-assay-development/data/clam/20260401-clam-36C-C-vs-S/plate-L-T0.0.txt,plate-L-T0.0.txt,l,0,2026-04-01T07:39:30Z,23.1,"528/20,528/20",A,1,A1,NA,SELECTED,NA,SELECTED,NA,NA,TWEED,61,NA,NA,NA,NA,0.916,FALSE,FALSE,NA,parsed_table,FALSE,282,0,205,1.3756097560975609,282,NA,NA,307.8602620087336,1.0917030567685588
20260401-clam-36C-C-vs-S,/Users/sr320/Documents/GitHub/resazurin-assay-development/data/clam/20260401-clam-36C-C-vs-S/plate-L-T0.5.txt,plate-L-T0.5.txt,l,0.5,2026-04-01T08:11:52Z,24,"528/20,528/20",A,1,A1,NA,SELECTED,NA,SELECTED,NA,NA,TWEED,61,NA,NA,NA,NA,0.916,FALSE,FALSE,NA,parsed_table,FALSE,1905,1623,199,9.57286432160804,282,NA,NA,2079.6943231441046,7.374802564340797
20260401-clam-36C-C-vs-S,/Users/sr320/Documents/GitHub/resazurin-assay-development/data/clam/20260401-clam-36C-C-vs-S/plate-L-T1.0.txt,plate-L-T1.0.txt,l,1,2026-04-01T08:43:18Z,24.7,"528/20,528/20",A,1,A1,NA,SELECTED,NA,SELECTED,NA,NA,TWEED,61,NA,NA,NA,NA,0.916,FALSE,FALSE,NA,parsed_table,FALSE,4624,2719,197,23.472081218274113,282,NA,NA,5048.034934497817,17.900833101056087
20260401-clam-36C-C-vs-S,/Users/sr320/Documents/GitHub/resazurin-assay-development/data/clam/20260401-clam-36C-C-vs-S/plate-L-T1.5.txt,plate-L-T1.5.txt,l,1.5,2026-04-01T09:16:22Z,25.3,"528/20,528/20",A,1,A1,NA,SELECTED,NA,SELECTED,NA,NA,TWEED,61,NA,NA,NA,NA,0.916,FALSE,FALSE,NA,parsed_table,FALSE,6529,1905,195,33.48205128205128,282,NA,NA,7127.729257641921,25.275635665396884
20260401-clam-36C-C-vs-S,/Users/sr320/Documents/GitHub/resazurin-assay-development/data/clam/20260401-clam-36C-C-vs-S/plate-L-T2.0.txt,plate-L-T2.0.txt,l,2,2026-04-01T09:47:00Z,25.6,"528/20,528/20",A,1,A1,NA,SELECTED,NA,SELECTED,NA,NA,TWEED,61,NA,NA,NA,NA,0.916,FALSE,FALSE,NA,parsed_table,FALSE,7695,1166,196,39.26020408163265,282,NA,NA,8400.655021834062,29.7895568150144
20260401-clam-36C-C-vs-S,/Users/sr320/Documents/GitHub/resazurin-assay-development/data/clam/20260401-clam-36C-C-vs-S/plate-L-T2.5.txt,plate-L-T2.5.txt,l,2.5,2026-04-01T10:21:44Z,25.8,"528/20,528/20",A,1,A1,NA,SELECTED,NA,SELECTED,NA,NA,TWEED,61,NA,NA,NA,NA,0.916,FALSE,FALSE,NA,parsed_table,FALSE,8897,1202,197,45.16243654822335,282,NA,NA,9712.882096069869,34.4428443123045
20260401-clam-36C-C-vs-S,/Users/sr320/Documents/GitHub/resazurin-assay-development/data/clam/20260401-clam-36C-C-vs-S/plate-L-T3.0.txt,plate-L-T3.0.txt,l,3,2026-04-01T11:29:28Z,26.2,"528/20,528/20",A,1,A1,NA,SELECTED,NA,SELECTED,NA,NA,TWEED,61,NA,NA,NA,NA,0.916,FALSE,FALSE,NA,parsed_table,FALSE,10449,1552,198,52.77272727272727,282,NA,NA,11407.205240174671,40.45108241196692
20260401-clam-36C-C-vs-S,/Users/sr320/Documents/GitHub/resazurin-assay-development/data/clam/20260401-clam-36C-C-vs-S/plate-L-T3.5.txt,plate-L-T3.5.txt,l,3.5,2026-04-01T12:03:47Z,26.4,"528/20,528/20",A,1,A1,NA,SELECTED,NA,SELECTED,NA,NA,TWEED,61,NA,NA,NA,NA,0.916,FALSE,FALSE,NA,parsed_table,FALSE,10562,113,198,53.343434343434346,282,NA,NA,11530.56768558952,40.888537892161416
20260401-clam-36C-C-vs-S,/Users/sr320/Documents/GitHub/resazurin-assay-development/data/clam/20260401-clam-36C-C-vs-S/plate-L-T4.0.txt,plate-L-T4.0.txt,l,4,2026-04-01T12:34:38Z,26.4,"528/20,528/20",A,1,A1,NA,SELECTED,NA,SELECTED,NA,NA,TWEED,61,NA,NA,NA,NA,0.916,FALSE,FALSE,NA,parsed_table,FALSE,10668,106,198,53.878787878787875,282,NA,NA,11646.288209606986,41.298894360308466
20260401-clam-36C-C-vs-S,/Users/sr320/Documents/GitHub/resazurin-assay-development/data/clam/20260401-clam-36C-C-vs-S/plate-L-T0.0.txt,plate-L-T0.0.txt,l,0,2026-04-01T07:39:30Z,23.1,"528/20,528/20",A,2,A2,NA,SELECTED,NA,SELECTED,NA,NA,BLUE,62,NA,NA,NA,NA,1.293,FALSE,FALSE,NA,parsed_table,FALSE,330,0,205,1.6097560975609757,330,NA,NA,255.22041763341068,0.7733952049497294
20260401-clam-36C-C-vs-S,/Users/sr320/Documents/GitHub/resazurin-assay-development/data/clam/20260401-clam-36C-C-vs-S/plate-L-T0.5.txt,plate-L-T0.5.txt,l,0.5,2026-04-01T08:11:52Z,24,"528/20,528/20",A,2,A2,NA,SELECTED,NA,SELECTED,NA,NA,BLUE,62,NA,NA,NA,NA,1.293,FALSE,FALSE,NA,parsed_table,FALSE,1248,918,199,6.271356783919598,330,NA,NA,965.1972157772623,2.9248400478098855
20260401-clam-36C-C-vs-S,/Users/sr320/Documents/GitHub/resazurin-assay-development/data/clam/20260401-clam-36C-C-vs-S/plate-L-T1.0.txt,plate-L-T1.0.txt,l,1,2026-04-01T08:43:18Z,24.7,"528/20,528/20",A,2,A2,NA,SELECTED,NA,SELECTED,NA,NA,BLUE,62,NA,NA,NA,NA,1.293,FALSE,FALSE,NA,parsed_table,FALSE,2595,1347,197,13.17258883248731,330,NA,NA,2006.9605568445477,6.08169865710469
20260401-clam-36C-C-vs-S,/Users/sr320/Documents/GitHub/resazurin-assay-development/data/clam/20260401-clam-36C-C-vs-S/plate-L-T1.5.txt,plate-L-T1.5.txt,l,1.5,2026-04-01T09:16:22Z,25.3,"528/20,528/20",A,2,A2,NA,SELECTED,NA,SELECTED,NA,NA,BLUE,62,NA,NA,NA,NA,1.293,FALSE,FALSE,NA,parsed_table,FALSE,4443,1848,195,22.784615384615385,330,NA,NA,3436.1948955916473,10.412711804823173
20260401-clam-36C-C-vs-S,/Users/sr320/Documents/GitHub/resazurin-assay-development/data/clam/20260401-clam-36C-C-vs-S/plate-L-T2.0.txt,plate-L-T2.0.txt,l,2,2026-04-01T09:47:00Z,25.6,"528/20,528/20",A,2,A2,NA,SELECTED,NA,SELECTED,NA,NA,BLUE,62,NA,NA,NA,NA,1.293,FALSE,FALSE,NA,parsed_table,FALSE,5531,1088,196,28.21938775510204,330,NA,NA,4277.648878576953,12.962572359324101
20260401-clam-36C-C-vs-S,/Users/sr320/Documents/GitHub/resazurin-assay-development/data/clam/20260401-clam-36C-C-vs-S/plate-L-T2.5.txt,plate-L-T2.5.txt,l,2.5,2026-04-01T10:21:44Z,25.8,"528/20,528/20",A,2,A2,NA,SELECTED,NA,SELECTED,NA,NA,BLUE,62,NA,NA,NA,NA,1.293,FALSE,FALSE,NA,parsed_table,FALSE,6837,1306,197,34.70558375634518,330,NA,NA,5287.703016241299,16.023342473458484
20260401-clam-36C-C-vs-S,/Users/sr320/Documents/GitHub/resazurin-assay-development/data/clam/20260401-clam-36C-C-vs-S/plate-L-T3.0.txt,plate-L-T3.0.txt,l,3,2026-04-01T11:29:28Z,26.2,"528/20,528/20",A,2,A2,NA,SELECTED,NA,SELECTED,NA,NA,BLUE,62,NA,NA,NA,NA,1.293,FALSE,FALSE,NA,parsed_table,FALSE,9385,2548,198,47.398989898989896,330,NA,NA,7258.31399845321,21.994890904403665
20260401-clam-36C-C-vs-S,/Users/sr320/Documents/GitHub/resazurin-assay-development/data/clam/20260401-clam-36C-C-vs-S/plate-L-T3.5.txt,plate-L-T3.5.txt,l,3.5,2026-04-01T12:03:47Z,26.4,"528/20,528/20",A,2,A2,NA,SELECTED,NA,SELECTED,NA,NA,BLUE,62,NA,NA,NA,NA,1.293,FALSE,FALSE,NA,parsed_table,FALSE,9898,513,198,49.98989898989899,330,NA,NA,7655.065738592421,23.197168904825517
20260401-clam-36C-C-vs-S,/Users/sr320/Documents/GitHub/resazurin-assay-development/data/clam/20260401-clam-36C-C-vs-S/plate-L-T4.0.txt,plate-L-T4.0.txt,l,4,2026-04-01T12:34:38Z,26.4,"528/20,528/20",A,2,A2,NA,SELECTED,NA,SELECTED,NA,NA,BLUE,62,NA,NA,NA,NA,1.293,FALSE,FALSE,NA,parsed_table,FALSE,10240,342,198,51.717171717171716,330,NA,NA,7919.566898685229,23.99868757177342
20260401-clam-36C-C-vs-S,/Users/sr320/Documents/GitHub/resazurin-assay-development/data/clam/20260401-clam-36C-C-vs-S/plate-L-T0.0.txt,plate-L-T0.0.txt,l,0,2026-04-01T07:39:30Z,23.1,"528/20,528/20",A,3,A3,NA,CONTROL,NA,CONTROL,NA,NA,TWEED,63,NA,NA,NA,NA,0.937,FALSE,FALSE,NA,parsed_table,FALSE,301,0,205,1.4682926829268292,301,NA,NA,321.23799359658483,1.0672358591248665
20260401-clam-36C-C-vs-S,/Users/sr320/Documents/GitHub/resazurin-assay-development/data/clam/20260401-clam-36C-C-vs-S/plate-L-T0.5.txt,plate-L-T0.5.txt,l,0.5,2026-04-01T08:11:52Z,24,"528/20,528/20",A,3,A3,NA,CONTROL,NA,CONTROL,NA,NA,TWEED,63,NA,NA,NA,NA,0.937,FALSE,FALSE,NA,parsed_table,FALSE,842,541,199,4.231155778894473,301,NA,NA,898.6125933831377,2.985423898282849
20260401-clam-36C-C-vs-S,/Users/sr320/Documents/GitHub/resazurin-assay-development/data/clam/20260401-clam-36C-C-vs-S/plate-L-T1.0.txt,plate-L-T1.0.txt,l,1,2026-04-01T08:43:18Z,24.7,"528/20,528/20",A,3,A3,NA,CONTROL,NA,CONTROL,NA,NA,TWEED,63,NA,NA,NA,NA,0.937,FALSE,FALSE,NA,parsed_table,FALSE,1511,669,197,7.67005076142132,301,NA,NA,1612.5933831376733,5.35745310012516
20260401-clam-36C-C-vs-S,/Users/sr320/Documents/GitHub/resazurin-assay-development/data/clam/20260401-clam-36C-C-vs-S/plate-L-T1.5.txt,plate-L-T1.5.txt,l,1.5,2026-04-01T09:16:22Z,25.3,"528/20,528/20",A,3,A3,NA,CONTROL,NA,CONTROL,NA,NA,TWEED,63,NA,NA,NA,NA,0.937,FALSE,FALSE,NA,parsed_table,FALSE,2550,1039,195,13.076923076923077,301,NA,NA,2721.4514407684096,9.041366912851858
20260401-clam-36C-C-vs-S,/Users/sr320/Documents/GitHub/resazurin-assay-development/data/clam/20260401-clam-36C-C-vs-S/plate-L-T2.0.txt,plate-L-T2.0.txt,l,2,2026-04-01T09:47:00Z,25.6,"528/20,528/20",A,3,A3,NA,CONTROL,NA,CONTROL,NA,NA,TWEED,63,NA,NA,NA,NA,0.937,FALSE,FALSE,NA,parsed_table,FALSE,3058,508,196,15.60204081632653,301,NA,NA,3263.607257203842,10.842549027255288
20260401-clam-36C-C-vs-S,/Users/sr320/Documents/GitHub/resazurin-assay-development/data/clam/20260401-clam-36C-C-vs-S/plate-L-T2.5.txt,plate-L-T2.5.txt,l,2.5,2026-04-01T10:21:44Z,25.8,"528/20,528/20",A,3,A3,NA,CONTROL,NA,CONTROL,NA,NA,TWEED,63,NA,NA,NA,NA,0.937,FALSE,FALSE,NA,parsed_table,FALSE,3830,772,197,19.441624365482234,301,NA,NA,4087.513340448239,13.579778539695146
20260401-clam-36C-C-vs-S,/Users/sr320/Documents/GitHub/resazurin-assay-development/data/clam/20260401-clam-36C-C-vs-S/plate-L-T3.0.txt,plate-L-T3.0.txt,l,3,2026-04-01T11:29:28Z,26.2,"528/20,528/20",A,3,A3,NA,CONTROL,NA,CONTROL,NA,NA,TWEED,63,NA,NA,NA,NA,0.937,FALSE,FALSE,NA,parsed_table,FALSE,8365,4535,198,42.24747474747475,301,NA,NA,8927.42796157951,29.65922910823757
20260401-clam-36C-C-vs-S,/Users/sr320/Documents/GitHub/resazurin-assay-development/data/clam/20260401-clam-36C-C-vs-S/plate-L-T3.5.txt,plate-L-T3.5.txt,l,3.5,2026-04-01T12:03:47Z,26.4,"528/20,528/20",A,3,A3,NA,CONTROL,NA,CONTROL,NA,NA,TWEED,63,NA,NA,NA,NA,0.937,FALSE,FALSE,NA,parsed_table,FALSE,9604,1239,198,48.505050505050505,301,NA,NA,10249.733191035219,34.052269737658534
20260401-clam-36C-C-vs-S,/Users/sr320/Documents/GitHub/resazurin-assay-development/data/clam/20260401-clam-36C-C-vs-S/plate-L-T4.0.txt,plate-L-T4.0.txt,l,4,2026-04-01T12:34:38Z,26.4,"528/20,528/20",A,3,A3,NA,CONTROL,NA,CONTROL,NA,NA,TWEED,63,NA,NA,NA,NA,0.937,FALSE,FALSE,NA,parsed_table,FALSE,10234,630,198,51.686868686868685,301,NA,NA,10922.091782283884,36.28601921024546
20260401-clam-36C-C-vs-S,/Users/sr320/Documents/GitHub/resazurin-assay-development/data/clam/20260401-clam-36C-C-vs-S/plate-L-T0.0.txt,plate-L-T0.0.txt,l,0,2026-04-01T07:39:30Z,23.1,"528/20,528/20",A,4,A4,NA,CONTROL,NA,CONTROL,NA,NA,BLUE,64,NA,NA,NA,NA,1.014,FALSE,TRUE,volume loss,parsed_table,FALSE,342,0,205,1.6682926829268292,NA,NA,NA,337.27810650887574,NA
20260401-clam-36C-C-vs-S,/Users/sr320/Documents/GitHub/resazurin-assay-development/data/clam/20260401-clam-36C-C-vs-S/plate-L-T0.5.txt,plate-L-T0.5.txt,l,0.5,2026-04-01T08:11:52Z,24,"528/20,528/20",A,4,A4,NA,CONTROL,NA,CONTROL,NA,NA,BLUE,64,NA,NA,NA,NA,1.014,FALSE,TRUE,volume loss,parsed_table,FALSE,2151,1809,199,10.809045226130653,NA,NA,NA,2121.3017751479288,NA
20260401-clam-36C-C-vs-S,/Users/sr320/Documents/GitHub/resazurin-assay-development/data/clam/20260401-clam-36C-C-vs-S/plate-L-T1.0.txt,plate-L-T1.0.txt,l,1,2026-04-01T08:43:18Z,24.7,"528/20,528/20",A,4,A4,NA,CONTROL,NA,CONTROL,NA,NA,BLUE,64,NA,NA,NA,NA,1.014,FALSE,TRUE,volume loss,parsed_table,FALSE,4435,2284,197,22.512690355329948,NA,NA,NA,4373.767258382643,NA
20260401-clam-36C-C-vs-S,/Users/sr320/Documents/GitHub/resazurin-assay-development/data/clam/20260401-clam-36C-C-vs-S/plate-L-T1.5.txt,plate-L-T1.5.txt,l,1.5,2026-04-01T09:16:22Z,25.3,"528/20,528/20",A,4,A4,NA,CONTROL,NA,CONTROL,NA,NA,BLUE,64,NA,NA,NA,NA,1.014,FALSE,TRUE,volume loss,parsed_table,FALSE,5822,1387,195,29.856410256410257,NA,NA,NA,5741.617357001972,NA
20260401-clam-36C-C-vs-S,/Users/sr320/Documents/GitHub/resazurin-assay-development/data/clam/20260401-clam-36C-C-vs-S/plate-L-T2.0.txt,plate-L-T2.0.txt,l,2,2026-04-01T09:47:00Z,25.6,"528/20,528/20",A,4,A4,NA,CONTROL,NA,CONTROL,NA,NA,BLUE,64,NA,NA,NA,NA,1.014,FALSE,TRUE,volume loss,parsed_table,FALSE,6345,523,196,32.37244897959184,NA,NA,NA,6257.396449704142,NA
20260401-clam-36C-C-vs-S,/Users/sr320/Documents/GitHub/resazurin-assay-development/data/clam/20260401-clam-36C-C-vs-S/plate-L-T2.5.txt,plate-L-T2.5.txt,l,2.5,2026-04-01T10:21:44Z,25.8,"528/20,528/20",A,4,A4,NA,CONTROL,NA,CONTROL,NA,NA,BLUE,64,NA,NA,NA,NA,1.014,FALSE,TRUE,volume loss,parsed_table,FALSE,7479,1134,197,37.964467005076145,NA,NA,NA,7375.739644970414,NA
20260401-clam-36C-C-vs-S,/Users/sr320/Documents/GitHub/resazurin-assay-development/data/clam/20260401-clam-36C-C-vs-S/plate-L-T3.0.txt,plate-L-T3.0.txt,l,3,2026-04-01T11:29:28Z,26.2,"528/20,528/20",A,4,A4,NA,CONTROL,NA,CONTROL,NA,NA,BLUE,64,NA,NA,NA,NA,1.014,FALSE,TRUE,volume loss,parsed_table,FALSE,7569,90,198,38.22727272727273,NA,NA,NA,7464.497041420118,NA
20260401-clam-36C-C-vs-S,/Users/sr320/Documents/GitHub/resazurin-assay-development/data/clam/20260401-clam-36C-C-vs-S/plate-L-T3.5.txt,plate-L-T3.5.txt,l,3.5,2026-04-01T12:03:47Z,26.4,"528/20,528/20",A,4,A4,NA,CONTROL,NA,CONTROL,NA,NA,BLUE,64,NA,NA,NA,NA,1.014,FALSE,TRUE,volume loss,parsed_table,FALSE,7376,-193,198,37.25252525252525,NA,NA,NA,7274.161735700197,NA
20260401-clam-36C-C-vs-S,/Users/sr320/Documents/GitHub/resazurin-assay-development/data/clam/20260401-clam-36C-C-vs-S/plate-L-T4.0.txt,plate-L-T4.0.txt,l,4,2026-04-01T12:34:38Z,26.4,"528/20,528/20",A,4,A4,NA,CONTROL,NA,CONTROL,NA,NA,BLUE,64,NA,NA,NA,NA,1.014,FALSE,TRUE,volume loss,parsed_table,FALSE,7486,110,198,37.80808080808081,NA,NA,NA,7382.642998027613,NA
20260401-clam-36C-C-vs-S,/Users/sr320/Documents/GitHub/resazurin-assay-development/data/clam/20260401-clam-36C-C-vs-S/plate-L-T0.0.txt,plate-L-T0.0.txt,l,0,2026-04-01T07:39:30Z,23.1,"528/20,528/20",B,1,B1,NA,SELECTED,NA,SELECTED,NA,NA,TWEED,65,NA,NA,NA,NA,1.461,FALSE,FALSE,NA,parsed_table,FALSE,351,0,205,1.7121951219512195,351,NA,NA,240.24640657084188,0.6844626967830253
20260401-clam-36C-C-vs-S,/Users/sr320/Documents/GitHub/resazurin-assay-development/data/clam/20260401-clam-36C-C-vs-S/plate-L-T0.5.txt,plate-L-T0.5.txt,l,0.5,2026-04-01T08:11:52Z,24,"528/20,528/20",B,1,B1,NA,SELECTED,NA,SELECTED,NA,NA,TWEED,65,NA,NA,NA,NA,1.461,FALSE,FALSE,NA,parsed_table,FALSE,1612,1261,199,8.100502512562814,351,NA,NA,1103.3538672142367,3.143458311151672
20260401-clam-36C-C-vs-S,/Users/sr320/Documents/GitHub/resazurin-assay-development/data/clam/20260401-clam-36C-C-vs-S/plate-L-T1.0.txt,plate-L-T1.0.txt,l,1,2026-04-01T08:43:18Z,24.7,"528/20,528/20",B,1,B1,NA,SELECTED,NA,SELECTED,NA,NA,TWEED,65,NA,NA,NA,NA,1.461,FALSE,FALSE,NA,parsed_table,FALSE,3162,1550,197,16.050761421319798,351,NA,NA,2164.271047227926,6.16601437956674
20260401-clam-36C-C-vs-S,/Users/sr320/Documents/GitHub/resazurin-assay-development/data/clam/20260401-clam-36C-C-vs-S/plate-L-T1.5.txt,plate-L-T1.5.txt,l,1.5,2026-04-01T09:16:22Z,25.3,"528/20,528/20",B,1,B1,NA,SELECTED,NA,SELECTED,NA,NA,TWEED,65,NA,NA,NA,NA,1.461,FALSE,FALSE,NA,parsed_table,FALSE,4384,1222,195,22.48205128205128,351,NA,NA,3000.6844626967827,8.548958583181717
20260401-clam-36C-C-vs-S,/Users/sr320/Documents/GitHub/resazurin-assay-development/data/clam/20260401-clam-36C-C-vs-S/plate-L-T2.0.txt,plate-L-T2.0.txt,l,2,2026-04-01T09:47:00Z,25.6,"528/20,528/20",B,1,B1,NA,SELECTED,NA,SELECTED,NA,NA,TWEED,65,NA,NA,NA,NA,1.461,FALSE,FALSE,NA,parsed_table,FALSE,5327,943,196,27.178571428571427,351,NA,NA,3646.132785763176,10.387842694481982
20260401-clam-36C-C-vs-S,/Users/sr320/Documents/GitHub/resazurin-assay-development/data/clam/20260401-clam-36C-C-vs-S/plate-L-T2.5.txt,plate-L-T2.5.txt,l,2.5,2026-04-01T10:21:44Z,25.8,"528/20,528/20",B,1,B1,NA,SELECTED,NA,SELECTED,NA,NA,TWEED,65,NA,NA,NA,NA,1.461,FALSE,FALSE,NA,parsed_table,FALSE,6863,1536,197,34.83756345177665,351,NA,NA,4697.467488021903,13.383098256472657
20260401-clam-36C-C-vs-S,/Users/sr320/Documents/GitHub/resazurin-assay-development/data/clam/20260401-clam-36C-C-vs-S/plate-L-T3.0.txt,plate-L-T3.0.txt,l,3,2026-04-01T11:29:28Z,26.2,"528/20,528/20",B,1,B1,NA,SELECTED,NA,SELECTED,NA,NA,TWEED,65,NA,NA,NA,NA,1.461,FALSE,FALSE,NA,parsed_table,FALSE,10669,3806,198,53.88383838383838,351,NA,NA,7302.532511978096,20.80493593156153
20260401-clam-36C-C-vs-S,/Users/sr320/Documents/GitHub/resazurin-assay-development/data/clam/20260401-clam-36C-C-vs-S/plate-L-T3.5.txt,plate-L-T3.5.txt,l,3.5,2026-04-01T12:03:47Z,26.4,"528/20,528/20",B,1,B1,NA,SELECTED,NA,SELECTED,NA,NA,TWEED,65,NA,NA,NA,NA,1.461,FALSE,FALSE,NA,parsed_table,FALSE,10823,154,198,54.66161616161616,351,NA,NA,7407.939767282683,21.105241502229866
20260401-clam-36C-C-vs-S,/Users/sr320/Documents/GitHub/resazurin-assay-development/data/clam/20260401-clam-36C-C-vs-S/plate-L-T4.0.txt,plate-L-T4.0.txt,l,4,2026-04-01T12:34:38Z,26.4,"528/20,528/20",B,1,B1,NA,SELECTED,NA,SELECTED,NA,NA,TWEED,65,NA,NA,NA,NA,1.461,FALSE,FALSE,NA,parsed_table,FALSE,10798,-25,198,54.535353535353536,351,NA,NA,7390.828199863107,21.056490597900588
20260401-clam-36C-C-vs-S,/Users/sr320/Documents/GitHub/resazurin-assay-development/data/clam/20260401-clam-36C-C-vs-S/plate-L-T0.0.txt,plate-L-T0.0.txt,l,0,2026-04-01T07:39:30Z,23.1,"528/20,528/20",B,2,B2,NA,SELECTED,NA,SELECTED,NA,NA,BLUE,66,NA,NA,NA,NA,1.038,FALSE,FALSE,NA,parsed_table,FALSE,304,0,205,1.4829268292682927,304,NA,NA,292.8709055876686,0.9633911368015414
20260401-clam-36C-C-vs-S,/Users/sr320/Documents/GitHub/resazurin-assay-development/data/clam/20260401-clam-36C-C-vs-S/plate-L-T0.5.txt,plate-L-T0.5.txt,l,0.5,2026-04-01T08:11:52Z,24,"528/20,528/20",B,2,B2,NA,SELECTED,NA,SELECTED,NA,NA,BLUE,66,NA,NA,NA,NA,1.038,FALSE,FALSE,NA,parsed_table,FALSE,1105,801,199,5.552763819095477,304,NA,NA,1064.5472061657033,3.5018000202819186
20260401-clam-36C-C-vs-S,/Users/sr320/Documents/GitHub/resazurin-assay-development/data/clam/20260401-clam-36C-C-vs-S/plate-L-T1.0.txt,plate-L-T1.0.txt,l,1,2026-04-01T08:43:18Z,24.7,"528/20,528/20",B,2,B2,NA,SELECTED,NA,SELECTED,NA,NA,BLUE,66,NA,NA,NA,NA,1.038,FALSE,FALSE,NA,parsed_table,FALSE,2547,1442,197,12.928934010152284,304,NA,NA,2453.757225433526,8.071569820505019
20260401-clam-36C-C-vs-S,/Users/sr320/Documents/GitHub/resazurin-assay-development/data/clam/20260401-clam-36C-C-vs-S/plate-L-T1.5.txt,plate-L-T1.5.txt,l,1.5,2026-04-01T09:16:22Z,25.3,"528/20,528/20",B,2,B2,NA,SELECTED,NA,SELECTED,NA,NA,BLUE,66,NA,NA,NA,NA,1.038,FALSE,FALSE,NA,parsed_table,FALSE,4769,2222,195,24.456410256410255,304,NA,NA,4594.412331406551,15.11319845857418
20260401-clam-36C-C-vs-S,/Users/sr320/Documents/GitHub/resazurin-assay-development/data/clam/20260401-clam-36C-C-vs-S/plate-L-T2.0.txt,plate-L-T2.0.txt,l,2,2026-04-01T09:47:00Z,25.6,"528/20,528/20",B,2,B2,NA,SELECTED,NA,SELECTED,NA,NA,BLUE,66,NA,NA,NA,NA,1.038,FALSE,FALSE,NA,parsed_table,FALSE,7096,2327,196,36.204081632653065,304,NA,NA,6836.223506743738,22.487577324814925
20260401-clam-36C-C-vs-S,/Users/sr320/Documents/GitHub/resazurin-assay-development/data/clam/20260401-clam-36C-C-vs-S/plate-L-T2.5.txt,plate-L-T2.5.txt,l,2.5,2026-04-01T10:21:44Z,25.8,"528/20,528/20",B,2,B2,NA,SELECTED,NA,SELECTED,NA,NA,BLUE,66,NA,NA,NA,NA,1.038,FALSE,FALSE,NA,parsed_table,FALSE,8464,1368,197,42.964467005076145,304,NA,NA,8154.142581888246,26.82283744042186
20260401-clam-36C-C-vs-S,/Users/sr320/Documents/GitHub/resazurin-assay-development/data/clam/20260401-clam-36C-C-vs-S/plate-L-T3.0.txt,plate-L-T3.0.txt,l,3,2026-04-01T11:29:28Z,26.2,"528/20,528/20",B,2,B2,NA,SELECTED,NA,SELECTED,NA,NA,BLUE,66,NA,NA,NA,NA,1.038,FALSE,FALSE,NA,parsed_table,FALSE,9841,1377,198,49.7020202020202,304,NA,NA,9480.732177263968,31.18661900415779
20260401-clam-36C-C-vs-S,/Users/sr320/Documents/GitHub/resazurin-assay-development/data/clam/20260401-clam-36C-C-vs-S/plate-L-T3.5.txt,plate-L-T3.5.txt,l,3.5,2026-04-01T12:03:47Z,26.4,"528/20,528/20",B,2,B2,NA,SELECTED,NA,SELECTED,NA,NA,BLUE,66,NA,NA,NA,NA,1.038,FALSE,FALSE,NA,parsed_table,FALSE,10020,179,198,50.60606060606061,304,NA,NA,9653.179190751445,31.753878916945542
20260401-clam-36C-C-vs-S,/Users/sr320/Documents/GitHub/resazurin-assay-development/data/clam/20260401-clam-36C-C-vs-S/plate-L-T4.0.txt,plate-L-T4.0.txt,l,4,2026-04-01T12:34:38Z,26.4,"528/20,528/20",B,2,B2,NA,SELECTED,NA,SELECTED,NA,NA,BLUE,66,NA,NA,NA,NA,1.038,FALSE,FALSE,NA,parsed_table,FALSE,10098,78,198,51,304,NA,NA,9728.323699421964,32.00106480073015
20260401-clam-36C-C-vs-S,/Users/sr320/Documents/GitHub/resazurin-assay-development/data/clam/20260401-clam-36C-C-vs-S/plate-L-T0.0.txt,plate-L-T0.0.txt,l,0,2026-04-01T07:39:30Z,23.1,"528/20,528/20",B,3,B3,NA,CONTROL,NA,CONTROL,NA,NA,TWEED,67,NA,NA,NA,NA,0.963,FALSE,FALSE,NA,parsed_table,FALSE,284,0,205,1.3853658536585365,284,NA,NA,294.9117341640706,1.0384215991692627
20260401-clam-36C-C-vs-S,/Users/sr320/Documents/GitHub/resazurin-assay-development/data/clam/20260401-clam-36C-C-vs-S/plate-L-T0.5.txt,plate-L-T0.5.txt,l,0.5,2026-04-01T08:11:52Z,24,"528/20,528/20",B,3,B3,NA,CONTROL,NA,CONTROL,NA,NA,TWEED,67,NA,NA,NA,NA,0.963,FALSE,FALSE,NA,parsed_table,FALSE,1273,989,199,6.396984924623116,284,NA,NA,1321.9106957424715,4.6546151258537725
20260401-clam-36C-C-vs-S,/Users/sr320/Documents/GitHub/resazurin-assay-development/data/clam/20260401-clam-36C-C-vs-S/plate-L-T1.0.txt,plate-L-T1.0.txt,l,1,2026-04-01T08:43:18Z,24.7,"528/20,528/20",B,3,B3,NA,CONTROL,NA,CONTROL,NA,NA,TWEED,67,NA,NA,NA,NA,0.963,FALSE,FALSE,NA,parsed_table,FALSE,2074,801,197,10.527918781725889,284,NA,NA,2153.686396677051,7.583402805200884
20260401-clam-36C-C-vs-S,/Users/sr320/Documents/GitHub/resazurin-assay-development/data/clam/20260401-clam-36C-C-vs-S/plate-L-T1.5.txt,plate-L-T1.5.txt,l,1.5,2026-04-01T09:16:22Z,25.3,"528/20,528/20",B,3,B3,NA,CONTROL,NA,CONTROL,NA,NA,TWEED,67,NA,NA,NA,NA,0.963,FALSE,FALSE,NA,parsed_table,FALSE,2917,843,195,14.95897435897436,284,NA,NA,3029.0758047767395,10.665759875974434
20260401-clam-36C-C-vs-S,/Users/sr320/Documents/GitHub/resazurin-assay-development/data/clam/20260401-clam-36C-C-vs-S/plate-L-T2.0.txt,plate-L-T2.0.txt,l,2,2026-04-01T09:47:00Z,25.6,"528/20,528/20",B,3,B3,NA,CONTROL,NA,CONTROL,NA,NA,TWEED,67,NA,NA,NA,NA,0.963,FALSE,FALSE,NA,parsed_table,FALSE,3980,1063,196,20.306122448979593,284,NA,NA,4132.9179646936655,14.552528044696007
20260401-clam-36C-C-vs-S,/Users/sr320/Documents/GitHub/resazurin-assay-development/data/clam/20260401-clam-36C-C-vs-S/plate-L-T2.5.txt,plate-L-T2.5.txt,l,2.5,2026-04-01T10:21:44Z,25.8,"528/20,528/20",B,3,B3,NA,CONTROL,NA,CONTROL,NA,NA,TWEED,67,NA,NA,NA,NA,0.963,FALSE,FALSE,NA,parsed_table,FALSE,5263,1283,197,26.715736040609137,284,NA,NA,5465.2128764278295,19.2437073113656
20260401-clam-36C-C-vs-S,/Users/sr320/Documents/GitHub/resazurin-assay-development/data/clam/20260401-clam-36C-C-vs-S/plate-L-T3.0.txt,plate-L-T3.0.txt,l,3,2026-04-01T11:29:28Z,26.2,"528/20,528/20",B,3,B3,NA,CONTROL,NA,CONTROL,NA,NA,TWEED,67,NA,NA,NA,NA,0.963,FALSE,FALSE,NA,parsed_table,FALSE,7580,2317,198,38.282828282828284,284,NA,NA,7871.235721703012,27.715618738390887
20260401-clam-36C-C-vs-S,/Users/sr320/Documents/GitHub/resazurin-assay-development/data/clam/20260401-clam-36C-C-vs-S/plate-L-T3.5.txt,plate-L-T3.5.txt,l,3.5,2026-04-01T12:03:47Z,26.4,"528/20,528/20",B,3,B3,NA,CONTROL,NA,CONTROL,NA,NA,TWEED,67,NA,NA,NA,NA,0.963,FALSE,FALSE,NA,parsed_table,FALSE,8021,441,198,40.51010101010101,284,NA,NA,8329.179646936656,29.32809734836851
20260401-clam-36C-C-vs-S,/Users/sr320/Documents/GitHub/resazurin-assay-development/data/clam/20260401-clam-36C-C-vs-S/plate-L-T4.0.txt,plate-L-T4.0.txt,l,4,2026-04-01T12:34:38Z,26.4,"528/20,528/20",B,3,B3,NA,CONTROL,NA,CONTROL,NA,NA,TWEED,67,NA,NA,NA,NA,0.963,FALSE,FALSE,NA,parsed_table,FALSE,8607,586,198,43.46969696969697,284,NA,NA,8937.694704049845,31.47075600017551
20260401-clam-36C-C-vs-S,/Users/sr320/Documents/GitHub/resazurin-assay-development/data/clam/20260401-clam-36C-C-vs-S/plate-L-T0.0.txt,plate-L-T0.0.txt,l,0,2026-04-01T07:39:30Z,23.1,"528/20,528/20",B,4,B4,NA,CONTROL,NA,CONTROL,NA,NA,BLUE,68,NA,NA,NA,NA,1.027,FALSE,FALSE,NA,parsed_table,FALSE,305,0,205,1.4878048780487805,305,NA,NA,296.9814995131451,0.9737098344693282
20260401-clam-36C-C-vs-S,/Users/sr320/Documents/GitHub/resazurin-assay-development/data/clam/20260401-clam-36C-C-vs-S/plate-L-T0.5.txt,plate-L-T0.5.txt,l,0.5,2026-04-01T08:11:52Z,24,"528/20,528/20",B,4,B4,NA,CONTROL,NA,CONTROL,NA,NA,BLUE,68,NA,NA,NA,NA,1.027,FALSE,FALSE,NA,parsed_table,FALSE,2044,1739,199,10.271356783919598,305,NA,NA,1990.262901655307,6.525452136574777
20260401-clam-36C-C-vs-S,/Users/sr320/Documents/GitHub/resazurin-assay-development/data/clam/20260401-clam-36C-C-vs-S/plate-L-T1.0.txt,plate-L-T1.0.txt,l,1,2026-04-01T08:43:18Z,24.7,"528/20,528/20",B,4,B4,NA,CONTROL,NA,CONTROL,NA,NA,BLUE,68,NA,NA,NA,NA,1.027,FALSE,FALSE,NA,parsed_table,FALSE,5573,3529,197,28.289340101522843,305,NA,NA,5426.484907497566,17.791753795073987
20260401-clam-36C-C-vs-S,/Users/sr320/Documents/GitHub/resazurin-assay-development/data/clam/20260401-clam-36C-C-vs-S/plate-L-T1.5.txt,plate-L-T1.5.txt,l,1.5,2026-04-01T09:16:22Z,25.3,"528/20,528/20",B,4,B4,NA,CONTROL,NA,CONTROL,NA,NA,BLUE,68,NA,NA,NA,NA,1.027,FALSE,FALSE,NA,parsed_table,FALSE,7645,2072,195,39.205128205128204,305,NA,NA,7444.011684518015,24.406595686944307
20260401-clam-36C-C-vs-S,/Users/sr320/Documents/GitHub/resazurin-assay-development/data/clam/20260401-clam-36C-C-vs-S/plate-L-T2.0.txt,plate-L-T2.0.txt,l,2,2026-04-01T09:47:00Z,25.6,"528/20,528/20",B,4,B4,NA,CONTROL,NA,CONTROL,NA,NA,BLUE,68,NA,NA,NA,NA,1.027,FALSE,FALSE,NA,parsed_table,FALSE,8576,931,196,43.755102040816325,305,NA,NA,8350.535540408959,27.378805050521176
20260401-clam-36C-C-vs-S,/Users/sr320/Documents/GitHub/resazurin-assay-development/data/clam/20260401-clam-36C-C-vs-S/plate-L-T2.5.txt,plate-L-T2.5.txt,l,2.5,2026-04-01T10:21:44Z,25.8,"528/20,528/20",B,4,B4,NA,CONTROL,NA,CONTROL,NA,NA,BLUE,68,NA,NA,NA,NA,1.027,FALSE,FALSE,NA,parsed_table,FALSE,9309,733,197,47.253807106598984,305,NA,NA,9064.264849074976,29.71890114450812
20260401-clam-36C-C-vs-S,/Users/sr320/Documents/GitHub/resazurin-assay-development/data/clam/20260401-clam-36C-C-vs-S/plate-L-T3.0.txt,plate-L-T3.0.txt,l,3,2026-04-01T11:29:28Z,26.2,"528/20,528/20",B,4,B4,NA,CONTROL,NA,CONTROL,NA,NA,BLUE,68,NA,NA,NA,NA,1.027,FALSE,FALSE,NA,parsed_table,FALSE,10952,1643,198,55.313131313131315,305,NA,NA,10664.070107108082,34.96416428560027
20260401-clam-36C-C-vs-S,/Users/sr320/Documents/GitHub/resazurin-assay-development/data/clam/20260401-clam-36C-C-vs-S/plate-L-T3.5.txt,plate-L-T3.5.txt,l,3.5,2026-04-01T12:03:47Z,26.4,"528/20,528/20",B,4,B4,NA,CONTROL,NA,CONTROL,NA,NA,BLUE,68,NA,NA,NA,NA,1.027,FALSE,FALSE,NA,parsed_table,FALSE,10923,-29,198,55.166666666666664,305,NA,NA,10635.832521908473,34.87158203904417
20260401-clam-36C-C-vs-S,/Users/sr320/Documents/GitHub/resazurin-assay-development/data/clam/20260401-clam-36C-C-vs-S/plate-L-T4.0.txt,plate-L-T4.0.txt,l,4,2026-04-01T12:34:38Z,26.4,"528/20,528/20",B,4,B4,NA,CONTROL,NA,CONTROL,NA,NA,BLUE,68,NA,NA,NA,NA,1.027,FALSE,FALSE,NA,parsed_table,FALSE,10847,-76,198,54.782828282828284,305,NA,NA,10561.830574488804,34.62895270324198
20260401-clam-36C-C-vs-S,/Users/sr320/Documents/GitHub/resazurin-assay-development/data/clam/20260401-clam-36C-C-vs-S/plate-L-T0.0.txt,plate-L-T0.0.txt,l,0,2026-04-01T07:39:30Z,23.1,"528/20,528/20",C,1,C1,NA,SELECTED,NA,SELECTED,NA,NA,TWEED,69,NA,NA,NA,NA,1.074,FALSE,FALSE,NA,parsed_table,FALSE,349,0,205,1.7024390243902439,349,NA,NA,324.9534450651769,0.9310986964618249
20260401-clam-36C-C-vs-S,/Users/sr320/Documents/GitHub/resazurin-assay-development/data/clam/20260401-clam-36C-C-vs-S/plate-L-T0.5.txt,plate-L-T0.5.txt,l,0.5,2026-04-01T08:11:52Z,24,"528/20,528/20",C,1,C1,NA,SELECTED,NA,SELECTED,NA,NA,TWEED,69,NA,NA,NA,NA,1.074,FALSE,FALSE,NA,parsed_table,FALSE,2390,2041,199,12.010050251256281,349,NA,NA,2225.3258845437613,6.3762919327901475
20260401-clam-36C-C-vs-S,/Users/sr320/Documents/GitHub/resazurin-assay-development/data/clam/20260401-clam-36C-C-vs-S/plate-L-T1.0.txt,plate-L-T1.0.txt,l,1,2026-04-01T08:43:18Z,24.7,"528/20,528/20",C,1,C1,NA,SELECTED,NA,SELECTED,NA,NA,TWEED,69,NA,NA,NA,NA,1.074,FALSE,FALSE,NA,parsed_table,FALSE,6175,3785,197,31.34517766497462,349,NA,NA,5749.534450651769,16.474310746853206
20260401-clam-36C-C-vs-S,/Users/sr320/Documents/GitHub/resazurin-assay-development/data/clam/20260401-clam-36C-C-vs-S/plate-L-T1.5.txt,plate-L-T1.5.txt,l,1.5,2026-04-01T09:16:22Z,25.3,"528/20,528/20",C,1,C1,NA,SELECTED,NA,SELECTED,NA,NA,TWEED,69,NA,NA,NA,NA,1.074,FALSE,FALSE,NA,parsed_table,FALSE,8032,1857,195,41.18974358974359,349,NA,NA,7478.584729981378,21.42860954149392
20260401-clam-36C-C-vs-S,/Users/sr320/Documents/GitHub/resazurin-assay-development/data/clam/20260401-clam-36C-C-vs-S/plate-L-T2.0.txt,plate-L-T2.0.txt,l,2,2026-04-01T09:47:00Z,25.6,"528/20,528/20",C,1,C1,NA,SELECTED,NA,SELECTED,NA,NA,TWEED,69,NA,NA,NA,NA,1.074,FALSE,FALSE,NA,parsed_table,FALSE,8576,544,196,43.755102040816325,349,NA,NA,7985.1024208566105,22.879949629961633
20260401-clam-36C-C-vs-S,/Users/sr320/Documents/GitHub/resazurin-assay-development/data/clam/20260401-clam-36C-C-vs-S/plate-L-T2.5.txt,plate-L-T2.5.txt,l,2.5,2026-04-01T10:21:44Z,25.8,"528/20,528/20",C,1,C1,NA,SELECTED,NA,SELECTED,NA,NA,TWEED,69,NA,NA,NA,NA,1.074,FALSE,FALSE,NA,parsed_table,FALSE,9243,667,197,46.91878172588832,349,NA,NA,8606.145251396647,24.65944198107922
20260401-clam-36C-C-vs-S,/Users/sr320/Documents/GitHub/resazurin-assay-development/data/clam/20260401-clam-36C-C-vs-S/plate-L-T3.0.txt,plate-L-T3.0.txt,l,3,2026-04-01T11:29:28Z,26.2,"528/20,528/20",C,1,C1,NA,SELECTED,NA,SELECTED,NA,NA,TWEED,69,NA,NA,NA,NA,1.074,FALSE,FALSE,NA,parsed_table,FALSE,10168,925,198,51.35353535353536,349,NA,NA,9467.411545623836,27.127253712389216
20260401-clam-36C-C-vs-S,/Users/sr320/Documents/GitHub/resazurin-assay-development/data/clam/20260401-clam-36C-C-vs-S/plate-L-T3.5.txt,plate-L-T3.5.txt,l,3.5,2026-04-01T12:03:47Z,26.4,"528/20,528/20",C,1,C1,NA,SELECTED,NA,SELECTED,NA,NA,TWEED,69,NA,NA,NA,NA,1.074,FALSE,FALSE,NA,parsed_table,FALSE,10299,131,198,52.015151515151516,349,NA,NA,9589.385474860335,27.476749211634196
20260401-clam-36C-C-vs-S,/Users/sr320/Documents/GitHub/resazurin-assay-development/data/clam/20260401-clam-36C-C-vs-S/plate-L-T4.0.txt,plate-L-T4.0.txt,l,4,2026-04-01T12:34:38Z,26.4,"528/20,528/20",C,1,C1,NA,SELECTED,NA,SELECTED,NA,NA,TWEED,69,NA,NA,NA,NA,1.074,FALSE,FALSE,NA,parsed_table,FALSE,10469,170,198,52.87373737373738,349,NA,NA,9747.672253258845,27.930292989280357
20260401-clam-36C-C-vs-S,/Users/sr320/Documents/GitHub/resazurin-assay-development/data/clam/20260401-clam-36C-C-vs-S/plate-L-T0.0.txt,plate-L-T0.0.txt,l,0,2026-04-01T07:39:30Z,23.1,"528/20,528/20",C,2,C2,NA,NA,NA,NA,NA,NA,NA,NA,NA,NA,NA,NA,NA,TRUE,FALSE,NA,parsed_table,FALSE,205,0,205,1,NA,NA,NA,NA,NA
20260401-clam-36C-C-vs-S,/Users/sr320/Documents/GitHub/resazurin-assay-development/data/clam/20260401-clam-36C-C-vs-S/plate-L-T0.5.txt,plate-L-T0.5.txt,l,0.5,2026-04-01T08:11:52Z,24,"528/20,528/20",C,2,C2,NA,NA,NA,NA,NA,NA,NA,NA,NA,NA,NA,NA,NA,TRUE,FALSE,NA,parsed_table,FALSE,199,-6,199,1,NA,NA,NA,NA,NA
20260401-clam-36C-C-vs-S,/Users/sr320/Documents/GitHub/resazurin-assay-development/data/clam/20260401-clam-36C-C-vs-S/plate-L-T1.0.txt,plate-L-T1.0.txt,l,1,2026-04-01T08:43:18Z,24.7,"528/20,528/20",C,2,C2,NA,NA,NA,NA,NA,NA,NA,NA,NA,NA,NA,NA,NA,TRUE,FALSE,NA,parsed_table,FALSE,197,-2,197,1,NA,NA,NA,NA,NA
20260401-clam-36C-C-vs-S,/Users/sr320/Documents/GitHub/resazurin-assay-development/data/clam/20260401-clam-36C-C-vs-S/plate-L-T1.5.txt,plate-L-T1.5.txt,l,1.5,2026-04-01T09:16:22Z,25.3,"528/20,528/20",C,2,C2,NA,NA,NA,NA,NA,NA,NA,NA,NA,NA,NA,NA,NA,TRUE,FALSE,NA,parsed_table,FALSE,195,-2,195,1,NA,NA,NA,NA,NA
20260401-clam-36C-C-vs-S,/Users/sr320/Documents/GitHub/resazurin-assay-development/data/clam/20260401-clam-36C-C-vs-S/plate-L-T2.0.txt,plate-L-T2.0.txt,l,2,2026-04-01T09:47:00Z,25.6,"528/20,528/20",C,2,C2,NA,NA,NA,NA,NA,NA,NA,NA,NA,NA,NA,NA,NA,TRUE,FALSE,NA,parsed_table,FALSE,196,1,196,1,NA,NA,NA,NA,NA
20260401-clam-36C-C-vs-S,/Users/sr320/Documents/GitHub/resazurin-assay-development/data/clam/20260401-clam-36C-C-vs-S/plate-L-T2.5.txt,plate-L-T2.5.txt,l,2.5,2026-04-01T10:21:44Z,25.8,"528/20,528/20",C,2,C2,NA,NA,NA,NA,NA,NA,NA,NA,NA,NA,NA,NA,NA,TRUE,FALSE,NA,parsed_table,FALSE,197,1,197,1,NA,NA,NA,NA,NA
20260401-clam-36C-C-vs-S,/Users/sr320/Documents/GitHub/resazurin-assay-development/data/clam/20260401-clam-36C-C-vs-S/plate-L-T3.0.txt,plate-L-T3.0.txt,l,3,2026-04-01T11:29:28Z,26.2,"528/20,528/20",C,2,C2,NA,NA,NA,NA,NA,NA,NA,NA,NA,NA,NA,NA,NA,TRUE,FALSE,NA,parsed_table,FALSE,198,1,198,1,NA,NA,NA,NA,NA
20260401-clam-36C-C-vs-S,/Users/sr320/Documents/GitHub/resazurin-assay-development/data/clam/20260401-clam-36C-C-vs-S/plate-L-T3.5.txt,plate-L-T3.5.txt,l,3.5,2026-04-01T12:03:47Z,26.4,"528/20,528/20",C,2,C2,NA,NA,NA,NA,NA,NA,NA,NA,NA,NA,NA,NA,NA,TRUE,FALSE,NA,parsed_table,FALSE,198,0,198,1,NA,NA,NA,NA,NA
20260401-clam-36C-C-vs-S,/Users/sr320/Documents/GitHub/resazurin-assay-development/data/clam/20260401-clam-36C-C-vs-S/plate-L-T4.0.txt,plate-L-T4.0.txt,l,4,2026-04-01T12:34:38Z,26.4,"528/20,528/20",C,2,C2,NA,NA,NA,NA,NA,NA,NA,NA,NA,NA,NA,NA,NA,TRUE,FALSE,NA,parsed_table,FALSE,198,0,198,1,NA,NA,NA,NA,NA
20260401-clam-36C-C-vs-S,/Users/sr320/Documents/GitHub/resazurin-assay-development/data/clam/20260401-clam-36C-C-vs-S/plate-L-T0.0.txt,plate-L-T0.0.txt,l,0,2026-04-01T07:39:30Z,23.1,"528/20,528/20",C,3,C3,NA,CONTROL,NA,CONTROL,NA,NA,TWEED,71,NA,NA,NA,NA,1.107,FALSE,FALSE,NA,parsed_table,FALSE,268,0,205,1.3073170731707318,268,NA,NA,242.09575429087624,0.903342366757001
20260401-clam-36C-C-vs-S,/Users/sr320/Documents/GitHub/resazurin-assay-development/data/clam/20260401-clam-36C-C-vs-S/plate-L-T0.5.txt,plate-L-T0.5.txt,l,0.5,2026-04-01T08:11:52Z,24,"528/20,528/20",C,3,C3,NA,CONTROL,NA,CONTROL,NA,NA,TWEED,71,NA,NA,NA,NA,1.107,FALSE,FALSE,NA,parsed_table,FALSE,714,446,199,3.5879396984924625,268,NA,NA,644.9864498644987,2.406665857703353
20260401-clam-36C-C-vs-S,/Users/sr320/Documents/GitHub/resazurin-assay-development/data/clam/20260401-clam-36C-C-vs-S/plate-L-T1.0.txt,plate-L-T1.0.txt,l,1,2026-04-01T08:43:18Z,24.7,"528/20,528/20",C,3,C3,NA,CONTROL,NA,CONTROL,NA,NA,TWEED,71,NA,NA,NA,NA,1.107,FALSE,FALSE,NA,parsed_table,FALSE,1285,571,197,6.522842639593908,268,NA,NA,1160.794941282746,4.331324407771441
20260401-clam-36C-C-vs-S,/Users/sr320/Documents/GitHub/resazurin-assay-development/data/clam/20260401-clam-36C-C-vs-S/plate-L-T1.5.txt,plate-L-T1.5.txt,l,1.5,2026-04-01T09:16:22Z,25.3,"528/20,528/20",C,3,C3,NA,CONTROL,NA,CONTROL,NA,NA,TWEED,71,NA,NA,NA,NA,1.107,FALSE,FALSE,NA,parsed_table,FALSE,1933,648,195,9.912820512820513,268,NA,NA,1746.1607949412828,6.515525354258518
20260401-clam-36C-C-vs-S,/Users/sr320/Documents/GitHub/resazurin-assay-development/data/clam/20260401-clam-36C-C-vs-S/plate-L-T2.0.txt,plate-L-T2.0.txt,l,2,2026-04-01T09:47:00Z,25.6,"528/20,528/20",C,3,C3,NA,CONTROL,NA,CONTROL,NA,NA,TWEED,71,NA,NA,NA,NA,1.107,FALSE,FALSE,NA,parsed_table,FALSE,2583,650,196,13.178571428571429,268,NA,NA,2333.3333333333335,8.706467661691542
20260401-clam-36C-C-vs-S,/Users/sr320/Documents/GitHub/resazurin-assay-development/data/clam/20260401-clam-36C-C-vs-S/plate-L-T2.5.txt,plate-L-T2.5.txt,l,2.5,2026-04-01T10:21:44Z,25.8,"528/20,528/20",C,3,C3,NA,CONTROL,NA,CONTROL,NA,NA,TWEED,71,NA,NA,NA,NA,1.107,FALSE,FALSE,NA,parsed_table,FALSE,3659,1076,197,18.573604060913706,268,NA,NA,3305.3297199638664,12.333319850611442
20260401-clam-36C-C-vs-S,/Users/sr320/Documents/GitHub/resazurin-assay-development/data/clam/20260401-clam-36C-C-vs-S/plate-L-T3.0.txt,plate-L-T3.0.txt,l,3,2026-04-01T11:29:28Z,26.2,"528/20,528/20",C,3,C3,NA,CONTROL,NA,CONTROL,NA,NA,TWEED,71,NA,NA,NA,NA,1.107,FALSE,FALSE,NA,parsed_table,FALSE,5025,1366,198,25.37878787878788,268,NA,NA,4539.29539295393,16.937669376693766
20260401-clam-36C-C-vs-S,/Users/sr320/Documents/GitHub/resazurin-assay-development/data/clam/20260401-clam-36C-C-vs-S/plate-L-T3.5.txt,plate-L-T3.5.txt,l,3.5,2026-04-01T12:03:47Z,26.4,"528/20,528/20",C,3,C3,NA,CONTROL,NA,CONTROL,NA,NA,TWEED,71,NA,NA,NA,NA,1.107,FALSE,FALSE,NA,parsed_table,FALSE,5564,539,198,28.1010101010101,268,NA,NA,5026.196928635953,18.75446615162669
20260401-clam-36C-C-vs-S,/Users/sr320/Documents/GitHub/resazurin-assay-development/data/clam/20260401-clam-36C-C-vs-S/plate-L-T4.0.txt,plate-L-T4.0.txt,l,4,2026-04-01T12:34:38Z,26.4,"528/20,528/20",C,3,C3,NA,CONTROL,NA,CONTROL,NA,NA,TWEED,71,NA,NA,NA,NA,1.107,FALSE,FALSE,NA,parsed_table,FALSE,6072,508,198,30.666666666666668,268,NA,NA,5485.09485094851,20.466771831897425
20260401-clam-36C-C-vs-S,/Users/sr320/Documents/GitHub/resazurin-assay-development/data/clam/20260401-clam-36C-C-vs-S/plate-L-T0.0.txt,plate-L-T0.0.txt,l,0,2026-04-01T07:39:30Z,23.1,"528/20,528/20",C,4,C4,NA,CONTROL,NA,CONTROL,NA,NA,BLUE,72,NA,NA,NA,NA,1.62,FALSE,FALSE,NA,parsed_table,FALSE,534,0,205,2.604878048780488,534,NA,NA,329.6296296296296,0.6172839506172839
20260401-clam-36C-C-vs-S,/Users/sr320/Documents/GitHub/resazurin-assay-development/data/clam/20260401-clam-36C-C-vs-S/plate-L-T0.5.txt,plate-L-T0.5.txt,l,0.5,2026-04-01T08:11:52Z,24,"528/20,528/20",C,4,C4,NA,CONTROL,NA,CONTROL,NA,NA,BLUE,72,NA,NA,NA,NA,1.62,FALSE,FALSE,NA,parsed_table,FALSE,3713,3179,199,18.65829145728643,534,NA,NA,2291.975308641975,4.2920885929625
20260401-clam-36C-C-vs-S,/Users/sr320/Documents/GitHub/resazurin-assay-development/data/clam/20260401-clam-36C-C-vs-S/plate-L-T1.0.txt,plate-L-T1.0.txt,l,1,2026-04-01T08:43:18Z,24.7,"528/20,528/20",C,4,C4,NA,CONTROL,NA,CONTROL,NA,NA,BLUE,72,NA,NA,NA,NA,1.62,FALSE,FALSE,NA,parsed_table,FALSE,7694,3981,197,39.055837563451774,534,NA,NA,4749.382716049382,8.893975123687982
20260401-clam-36C-C-vs-S,/Users/sr320/Documents/GitHub/resazurin-assay-development/data/clam/20260401-clam-36C-C-vs-S/plate-L-T1.5.txt,plate-L-T1.5.txt,l,1.5,2026-04-01T09:16:22Z,25.3,"528/20,528/20",C,4,C4,NA,CONTROL,NA,CONTROL,NA,NA,BLUE,72,NA,NA,NA,NA,1.62,FALSE,FALSE,NA,parsed_table,FALSE,8524,830,195,43.712820512820514,534,NA,NA,5261.728395061728,9.853423960789753
20260401-clam-36C-C-vs-S,/Users/sr320/Documents/GitHub/resazurin-assay-development/data/clam/20260401-clam-36C-C-vs-S/plate-L-T2.0.txt,plate-L-T2.0.txt,l,2,2026-04-01T09:47:00Z,25.6,"528/20,528/20",C,4,C4,NA,CONTROL,NA,CONTROL,NA,NA,BLUE,72,NA,NA,NA,NA,1.62,FALSE,FALSE,NA,parsed_table,FALSE,8727,203,196,44.525510204081634,534,NA,NA,5387.0370370370365,10.088084339020666
20260401-clam-36C-C-vs-S,/Users/sr320/Documents/GitHub/resazurin-assay-development/data/clam/20260401-clam-36C-C-vs-S/plate-L-T2.5.txt,plate-L-T2.5.txt,l,2.5,2026-04-01T10:21:44Z,25.8,"528/20,528/20",C,4,C4,NA,CONTROL,NA,CONTROL,NA,NA,BLUE,72,NA,NA,NA,NA,1.62,FALSE,FALSE,NA,parsed_table,FALSE,8739,12,197,44.36040609137056,534,NA,NA,5394.444444444444,10.101955888472743
20260401-clam-36C-C-vs-S,/Users/sr320/Documents/GitHub/resazurin-assay-development/data/clam/20260401-clam-36C-C-vs-S/plate-L-T3.0.txt,plate-L-T3.0.txt,l,3,2026-04-01T11:29:28Z,26.2,"528/20,528/20",C,4,C4,NA,CONTROL,NA,CONTROL,NA,NA,BLUE,72,NA,NA,NA,NA,1.62,FALSE,FALSE,NA,parsed_table,FALSE,6721,-2018,198,33.94444444444444,534,NA,NA,4148.765432098765,7.769223655615665
20260401-clam-36C-C-vs-S,/Users/sr320/Documents/GitHub/resazurin-assay-development/data/clam/20260401-clam-36C-C-vs-S/plate-L-T3.5.txt,plate-L-T3.5.txt,l,3.5,2026-04-01T12:03:47Z,26.4,"528/20,528/20",C,4,C4,NA,CONTROL,NA,CONTROL,NA,NA,BLUE,72,NA,NA,NA,NA,1.62,FALSE,FALSE,NA,parsed_table,FALSE,6408,-313,198,32.36363636363637,534,NA,NA,3955.555555555555,7.4074074074074066
20260401-clam-36C-C-vs-S,/Users/sr320/Documents/GitHub/resazurin-assay-development/data/clam/20260401-clam-36C-C-vs-S/plate-L-T4.0.txt,plate-L-T4.0.txt,l,4,2026-04-01T12:34:38Z,26.4,"528/20,528/20",C,4,C4,NA,CONTROL,NA,CONTROL,NA,NA,BLUE,72,NA,NA,NA,NA,1.62,FALSE,FALSE,NA,parsed_table,FALSE,6241,-167,198,31.52020202020202,534,NA,NA,3852.469135802469,7.214361677532713
20260401-clam-Day2-36C-C-vs-S,/Users/sr320/Documents/GitHub/resazurin-assay-development/data/clam/20260401-clam-Day2-36C-C-vs-S/plate-A-T0.0.txt,plate-A-T0.0.txt,a,0,2026-04-01T08:00:44Z,23.7,"528/20,528/20",A,1,A1,NA,SELECTED,NA,SELECTED,NA,NA,TWEED,1,NA,NA,NA,142.876,NA,FALSE,FALSE,NA,parsed_table,FALSE,583,0,207,2.816425120772947,583,4.080461379097959,0.0069990761219519025,NA,NA
20260401-clam-Day2-36C-C-vs-S,/Users/sr320/Documents/GitHub/resazurin-assay-development/data/clam/20260401-clam-Day2-36C-C-vs-S/plate-A-T1.0.txt,plate-A-T1.0.txt,a,1,2026-04-01T09:02:15Z,25,"528/20,528/20",A,1,A1,NA,SELECTED,NA,SELECTED,NA,NA,TWEED,1,NA,NA,NA,142.876,NA,FALSE,FALSE,NA,parsed_table,FALSE,6799,6216,204,33.32843137254902,583,47.58671855315098,0.08162387401912691,NA,NA
20260401-clam-Day2-36C-C-vs-S,/Users/sr320/Documents/GitHub/resazurin-assay-development/data/clam/20260401-clam-Day2-36C-C-vs-S/plate-A-T2.0.txt,plate-A-T2.0.txt,a,2,2026-04-01T10:24:13Z,25.8,"528/20,528/20",A,1,A1,NA,SELECTED,NA,SELECTED,NA,NA,TWEED,1,NA,NA,NA,142.876,NA,FALSE,FALSE,NA,parsed_table,FALSE,11785,4986,210,56.11904761904762,583,82.48411209720317,0.14148218198491108,NA,NA
20260401-clam-Day2-36C-C-vs-S,/Users/sr320/Documents/GitHub/resazurin-assay-development/data/clam/20260401-clam-Day2-36C-C-vs-S/plate-A-T3.0.txt,plate-A-T3.0.txt,a,3,2026-04-01T11:31:32Z,26.2,"528/20,528/20",A,1,A1,NA,SELECTED,NA,SELECTED,NA,NA,TWEED,1,NA,NA,NA,142.876,NA,FALSE,FALSE,NA,parsed_table,FALSE,11586,-199,221,52.425339366515836,583,81.09129594893474,0.1390931319878812,NA,NA
20260401-clam-Day2-36C-C-vs-S,/Users/sr320/Documents/GitHub/resazurin-assay-development/data/clam/20260401-clam-Day2-36C-C-vs-S/plate-A-T4.0.txt,plate-A-T4.0.txt,a,4,2026-04-01T12:36:56Z,26.4,"528/20,528/20",A,1,A1,NA,SELECTED,NA,SELECTED,NA,NA,TWEED,1,NA,NA,NA,142.876,NA,FALSE,FALSE,NA,parsed_table,FALSE,12578,992,225,55.90222222222222,583,88.03437946191103,0.15100236614392973,NA,NA
20260401-clam-Day2-36C-C-vs-S,/Users/sr320/Documents/GitHub/resazurin-assay-development/data/clam/20260401-clam-Day2-36C-C-vs-S/plate-A-T0.0.txt,plate-A-T0.0.txt,a,0,2026-04-01T08:00:44Z,23.7,"528/20,528/20",A,2,A2,NA,SELECTED,NA,SELECTED,NA,NA,BLUE,2,NA,NA,NA,71.137,NA,FALSE,FALSE,NA,parsed_table,FALSE,360,0,207,1.7391304347826086,360,5.0606576043409195,0.014057382234280331,NA,NA
20260401-clam-Day2-36C-C-vs-S,/Users/sr320/Documents/GitHub/resazurin-assay-development/data/clam/20260401-clam-Day2-36C-C-vs-S/plate-A-T1.0.txt,plate-A-T1.0.txt,a,1,2026-04-01T09:02:15Z,25,"528/20,528/20",A,2,A2,NA,SELECTED,NA,SELECTED,NA,NA,BLUE,2,NA,NA,NA,71.137,NA,FALSE,FALSE,NA,parsed_table,FALSE,2396,2036,204,11.745098039215685,360,33.68148783333567,0.09355968842593244,NA,NA
20260401-clam-Day2-36C-C-vs-S,/Users/sr320/Documents/GitHub/resazurin-assay-development/data/clam/20260401-clam-Day2-36C-C-vs-S/plate-A-T2.0.txt,plate-A-T2.0.txt,a,2,2026-04-01T10:24:13Z,25.8,"528/20,528/20",A,2,A2,NA,SELECTED,NA,SELECTED,NA,NA,BLUE,2,NA,NA,NA,71.137,NA,FALSE,FALSE,NA,parsed_table,FALSE,6113,3717,210,29.10952380952381,360,85.93277759815567,0.23870215999487684,NA,NA
20260401-clam-Day2-36C-C-vs-S,/Users/sr320/Documents/GitHub/resazurin-assay-development/data/clam/20260401-clam-Day2-36C-C-vs-S/plate-A-T3.0.txt,plate-A-T3.0.txt,a,3,2026-04-01T11:31:32Z,26.2,"528/20,528/20",A,2,A2,NA,SELECTED,NA,SELECTED,NA,NA,BLUE,2,NA,NA,NA,71.137,NA,FALSE,FALSE,NA,parsed_table,FALSE,7894,1781,221,35.71945701357466,360,110.96897535740894,0.3082471537705804,NA,NA
20260401-clam-Day2-36C-C-vs-S,/Users/sr320/Documents/GitHub/resazurin-assay-development/data/clam/20260401-clam-Day2-36C-C-vs-S/plate-A-T4.0.txt,plate-A-T4.0.txt,a,4,2026-04-01T12:36:56Z,26.4,"528/20,528/20",A,2,A2,NA,SELECTED,NA,SELECTED,NA,NA,BLUE,2,NA,NA,NA,71.137,NA,FALSE,FALSE,NA,parsed_table,FALSE,10082,2188,225,44.80888888888889,360,141.72652768601432,0.39368479912781756,NA,NA
20260401-clam-Day2-36C-C-vs-S,/Users/sr320/Documents/GitHub/resazurin-assay-development/data/clam/20260401-clam-Day2-36C-C-vs-S/plate-A-T0.0.txt,plate-A-T0.0.txt,a,0,2026-04-01T08:00:44Z,23.7,"528/20,528/20",A,3,A3,NA,CONTROL,NA,CONTROL,NA,NA,TWEED,3,NA,NA,NA,92.319,NA,FALSE,FALSE,NA,parsed_table,FALSE,898,0,207,4.338164251207729,898,9.727141758467921,0.010832006412547796,NA,NA
20260401-clam-Day2-36C-C-vs-S,/Users/sr320/Documents/GitHub/resazurin-assay-development/data/clam/20260401-clam-Day2-36C-C-vs-S/plate-A-T1.0.txt,plate-A-T1.0.txt,a,1,2026-04-01T09:02:15Z,25,"528/20,528/20",A,3,A3,NA,CONTROL,NA,CONTROL,NA,NA,TWEED,3,NA,NA,NA,92.319,NA,FALSE,FALSE,NA,parsed_table,FALSE,3599,2701,204,17.642156862745097,898,38.984391078759515,0.04341246222579011,NA,NA
20260401-clam-Day2-36C-C-vs-S,/Users/sr320/Documents/GitHub/resazurin-assay-development/data/clam/20260401-clam-Day2-36C-C-vs-S/plate-A-T2.0.txt,plate-A-T2.0.txt,a,2,2026-04-01T10:24:13Z,25.8,"528/20,528/20",A,3,A3,NA,CONTROL,NA,CONTROL,NA,NA,TWEED,3,NA,NA,NA,92.319,NA,FALSE,FALSE,NA,parsed_table,FALSE,5856,2257,210,27.885714285714286,898,63.43222955187989,0.07063722667247203,NA,NA
20260401-clam-Day2-36C-C-vs-S,/Users/sr320/Documents/GitHub/resazurin-assay-development/data/clam/20260401-clam-Day2-36C-C-vs-S/plate-A-T3.0.txt,plate-A-T3.0.txt,a,3,2026-04-01T11:31:32Z,26.2,"528/20,528/20",A,3,A3,NA,CONTROL,NA,CONTROL,NA,NA,TWEED,3,NA,NA,NA,92.319,NA,FALSE,FALSE,NA,parsed_table,FALSE,7162,1306,221,32.40723981900452,898,77.57882992666731,0.08639067920564289,NA,NA
20260401-clam-Day2-36C-C-vs-S,/Users/sr320/Documents/GitHub/resazurin-assay-development/data/clam/20260401-clam-Day2-36C-C-vs-S/plate-A-T4.0.txt,plate-A-T4.0.txt,a,4,2026-04-01T12:36:56Z,26.4,"528/20,528/20",A,3,A3,NA,CONTROL,NA,CONTROL,NA,NA,TWEED,3,NA,NA,NA,92.319,NA,FALSE,FALSE,NA,parsed_table,FALSE,8365,1203,225,37.17777777777778,898,90.60973364096232,0.10090170784071527,NA,NA
20260401-clam-Day2-36C-C-vs-S,/Users/sr320/Documents/GitHub/resazurin-assay-development/data/clam/20260401-clam-Day2-36C-C-vs-S/plate-A-T0.0.txt,plate-A-T0.0.txt,a,0,2026-04-01T08:00:44Z,23.7,"528/20,528/20",A,4,A4,NA,CONTROL,NA,CONTROL,NA,NA,BLUE,4,NA,NA,NA,75.343,NA,FALSE,FALSE,NA,parsed_table,FALSE,455,0,207,2.1980676328502415,455,6.03904808674993,0.013272633157692153,NA,NA
20260401-clam-Day2-36C-C-vs-S,/Users/sr320/Documents/GitHub/resazurin-assay-development/data/clam/20260401-clam-Day2-36C-C-vs-S/plate-A-T1.0.txt,plate-A-T1.0.txt,a,1,2026-04-01T09:02:15Z,25,"528/20,528/20",A,4,A4,NA,CONTROL,NA,CONTROL,NA,NA,BLUE,4,NA,NA,NA,75.343,NA,FALSE,FALSE,NA,parsed_table,FALSE,2975,2520,204,14.583333333333334,455,39.486083644134155,0.08678260141567946,NA,NA
20260401-clam-Day2-36C-C-vs-S,/Users/sr320/Documents/GitHub/resazurin-assay-development/data/clam/20260401-clam-Day2-36C-C-vs-S/plate-A-T2.0.txt,plate-A-T2.0.txt,a,2,2026-04-01T10:24:13Z,25.8,"528/20,528/20",A,4,A4,NA,CONTROL,NA,CONTROL,NA,NA,BLUE,4,NA,NA,NA,75.343,NA,FALSE,FALSE,NA,parsed_table,FALSE,5905,2930,210,28.11904761904762,455,78.37489879617218,0.17225252482675202,NA,NA
20260401-clam-Day2-36C-C-vs-S,/Users/sr320/Documents/GitHub/resazurin-assay-development/data/clam/20260401-clam-Day2-36C-C-vs-S/plate-A-T3.0.txt,plate-A-T3.0.txt,a,3,2026-04-01T11:31:32Z,26.2,"528/20,528/20",A,4,A4,NA,CONTROL,NA,CONTROL,NA,NA,BLUE,4,NA,NA,NA,75.343,NA,FALSE,FALSE,NA,parsed_table,FALSE,8220,2315,221,37.19457013574661,455,109.10104455622951,0.2397825155081967,NA,NA
20260401-clam-Day2-36C-C-vs-S,/Users/sr320/Documents/GitHub/resazurin-assay-development/data/clam/20260401-clam-Day2-36C-C-vs-S/plate-A-T4.0.txt,plate-A-T4.0.txt,a,4,2026-04-01T12:36:56Z,26.4,"528/20,528/20",A,4,A4,NA,CONTROL,NA,CONTROL,NA,NA,BLUE,4,NA,NA,NA,75.343,NA,FALSE,FALSE,NA,parsed_table,FALSE,9647,1427,225,42.87555555555556,455,128.04109207225622,0.2814089935653982,NA,NA
20260401-clam-Day2-36C-C-vs-S,/Users/sr320/Documents/GitHub/resazurin-assay-development/data/clam/20260401-clam-Day2-36C-C-vs-S/plate-A-T0.0.txt,plate-A-T0.0.txt,a,0,2026-04-01T08:00:44Z,23.7,"528/20,528/20",B,1,B1,NA,SELECTED,NA,SELECTED,NA,NA,TWEED,5,NA,NA,NA,101.807,NA,FALSE,FALSE,NA,parsed_table,FALSE,421,0,207,2.033816425120773,421,4.135275570442111,0.009822507293211664,NA,NA
20260401-clam-Day2-36C-C-vs-S,/Users/sr320/Documents/GitHub/resazurin-assay-development/data/clam/20260401-clam-Day2-36C-C-vs-S/plate-A-T1.0.txt,plate-A-T1.0.txt,a,1,2026-04-01T09:02:15Z,25,"528/20,528/20",B,1,B1,NA,SELECTED,NA,SELECTED,NA,NA,TWEED,5,NA,NA,NA,101.807,NA,FALSE,FALSE,NA,parsed_table,FALSE,3191,2770,204,15.642156862745098,421,31.343620772638424,0.07445040563572072,NA,NA
20260401-clam-Day2-36C-C-vs-S,/Users/sr320/Documents/GitHub/resazurin-assay-development/data/clam/20260401-clam-Day2-36C-C-vs-S/plate-A-T2.0.txt,plate-A-T2.0.txt,a,2,2026-04-01T10:24:13Z,25.8,"528/20,528/20",B,1,B1,NA,SELECTED,NA,SELECTED,NA,NA,TWEED,5,NA,NA,NA,101.807,NA,FALSE,FALSE,NA,parsed_table,FALSE,4821,1630,210,22.957142857142856,421,47.35430766057344,0.11248054076145708,NA,NA
20260401-clam-Day2-36C-C-vs-S,/Users/sr320/Documents/GitHub/resazurin-assay-development/data/clam/20260401-clam-Day2-36C-C-vs-S/plate-A-T3.0.txt,plate-A-T3.0.txt,a,3,2026-04-01T11:31:32Z,26.2,"528/20,528/20",B,1,B1,NA,SELECTED,NA,SELECTED,NA,NA,TWEED,5,NA,NA,NA,101.807,NA,FALSE,FALSE,NA,parsed_table,FALSE,6510,1689,221,29.457013574660632,421,63.94452247880794,0.15188722679051767,NA,NA
20260401-clam-Day2-36C-C-vs-S,/Users/sr320/Documents/GitHub/resazurin-assay-development/data/clam/20260401-clam-Day2-36C-C-vs-S/plate-A-T4.0.txt,plate-A-T4.0.txt,a,4,2026-04-01T12:36:56Z,26.4,"528/20,528/20",B,1,B1,NA,SELECTED,NA,SELECTED,NA,NA,TWEED,5,NA,NA,NA,101.807,NA,FALSE,FALSE,NA,parsed_table,FALSE,7452,942,225,33.12,421,73.19732434901333,0.17386537850121933,NA,NA
20260401-clam-Day2-36C-C-vs-S,/Users/sr320/Documents/GitHub/resazurin-assay-development/data/clam/20260401-clam-Day2-36C-C-vs-S/plate-A-T0.0.txt,plate-A-T0.0.txt,a,0,2026-04-01T08:00:44Z,23.7,"528/20,528/20",B,2,B2,NA,SELECTED,NA,SELECTED,NA,NA,BLUE,6,NA,NA,NA,143.198,NA,FALSE,FALSE,NA,parsed_table,FALSE,1195,0,207,5.7729468599033815,1195,8.345088618556124,0.006983337756113912,NA,NA
20260401-clam-Day2-36C-C-vs-S,/Users/sr320/Documents/GitHub/resazurin-assay-development/data/clam/20260401-clam-Day2-36C-C-vs-S/plate-A-T1.0.txt,plate-A-T1.0.txt,a,1,2026-04-01T09:02:15Z,25,"528/20,528/20",B,2,B2,NA,SELECTED,NA,SELECTED,NA,NA,BLUE,6,NA,NA,NA,143.198,NA,FALSE,FALSE,NA,parsed_table,FALSE,9515,8320,204,46.6421568627451,1195,66.44645874942387,0.055603731171066005,NA,NA
20260401-clam-Day2-36C-C-vs-S,/Users/sr320/Documents/GitHub/resazurin-assay-development/data/clam/20260401-clam-Day2-36C-C-vs-S/plate-A-T2.0.txt,plate-A-T2.0.txt,a,2,2026-04-01T10:24:13Z,25.8,"528/20,528/20",B,2,B2,NA,SELECTED,NA,SELECTED,NA,NA,BLUE,6,NA,NA,NA,143.198,NA,FALSE,FALSE,NA,parsed_table,FALSE,13196,3681,210,62.838095238095235,1195,92.15212502967918,0.07711474897881103,NA,NA
20260401-clam-Day2-36C-C-vs-S,/Users/sr320/Documents/GitHub/resazurin-assay-development/data/clam/20260401-clam-Day2-36C-C-vs-S/plate-A-T3.0.txt,plate-A-T3.0.txt,a,3,2026-04-01T11:31:32Z,26.2,"528/20,528/20",B,2,B2,NA,SELECTED,NA,SELECTED,NA,NA,BLUE,6,NA,NA,NA,143.198,NA,FALSE,FALSE,NA,parsed_table,FALSE,13715,519,221,62.05882352941177,1195,95.7764773251023,0.08014767976996008,NA,NA
20260401-clam-Day2-36C-C-vs-S,/Users/sr320/Documents/GitHub/resazurin-assay-development/data/clam/20260401-clam-Day2-36C-C-vs-S/plate-A-T4.0.txt,plate-A-T4.0.txt,a,4,2026-04-01T12:36:56Z,26.4,"528/20,528/20",B,2,B2,NA,SELECTED,NA,SELECTED,NA,NA,BLUE,6,NA,NA,NA,143.198,NA,FALSE,FALSE,NA,parsed_table,FALSE,13394,-321,225,59.528888888888886,1195,93.53482590538974,0.07827182084133032,NA,NA
20260401-clam-Day2-36C-C-vs-S,/Users/sr320/Documents/GitHub/resazurin-assay-development/data/clam/20260401-clam-Day2-36C-C-vs-S/plate-A-T0.0.txt,plate-A-T0.0.txt,a,0,2026-04-01T08:00:44Z,23.7,"528/20,528/20",B,3,B3,NA,CONTROL,NA,CONTROL,NA,NA,TWEED,7,NA,NA,NA,119.68,NA,FALSE,FALSE,NA,parsed_table,FALSE,733,0,207,3.5410628019323673,733,6.124665775401069,0.00835561497326203,NA,NA
20260401-clam-Day2-36C-C-vs-S,/Users/sr320/Documents/GitHub/resazurin-assay-development/data/clam/20260401-clam-Day2-36C-C-vs-S/plate-A-T1.0.txt,plate-A-T1.0.txt,a,1,2026-04-01T09:02:15Z,25,"528/20,528/20",B,3,B3,NA,CONTROL,NA,CONTROL,NA,NA,TWEED,7,NA,NA,NA,119.68,NA,FALSE,FALSE,NA,parsed_table,FALSE,4750,4017,204,23.284313725490197,733,39.68917112299465,0.05414620889903772,NA,NA
20260401-clam-Day2-36C-C-vs-S,/Users/sr320/Documents/GitHub/resazurin-assay-development/data/clam/20260401-clam-Day2-36C-C-vs-S/plate-A-T2.0.txt,plate-A-T2.0.txt,a,2,2026-04-01T10:24:13Z,25.8,"528/20,528/20",B,3,B3,NA,CONTROL,NA,CONTROL,NA,NA,TWEED,7,NA,NA,NA,119.68,NA,FALSE,FALSE,NA,parsed_table,FALSE,8795,4045,210,41.88095238095238,733,73.48763368983957,0.1002559804772709,NA,NA
20260401-clam-Day2-36C-C-vs-S,/Users/sr320/Documents/GitHub/resazurin-assay-development/data/clam/20260401-clam-Day2-36C-C-vs-S/plate-A-T3.0.txt,plate-A-T3.0.txt,a,3,2026-04-01T11:31:32Z,26.2,"528/20,528/20",B,3,B3,NA,CONTROL,NA,CONTROL,NA,NA,TWEED,7,NA,NA,NA,119.68,NA,FALSE,FALSE,NA,parsed_table,FALSE,10689,1894,221,48.366515837104075,733,89.31316844919786,0.1218460688256451,NA,NA
20260401-clam-Day2-36C-C-vs-S,/Users/sr320/Documents/GitHub/resazurin-assay-development/data/clam/20260401-clam-Day2-36C-C-vs-S/plate-A-T4.0.txt,plate-A-T4.0.txt,a,4,2026-04-01T12:36:56Z,26.4,"528/20,528/20",B,3,B3,NA,CONTROL,NA,CONTROL,NA,NA,TWEED,7,NA,NA,NA,119.68,NA,FALSE,FALSE,NA,parsed_table,FALSE,10970,281,225,48.75555555555555,733,91.66109625668449,0.12504924455209343,NA,NA
20260401-clam-Day2-36C-C-vs-S,/Users/sr320/Documents/GitHub/resazurin-assay-development/data/clam/20260401-clam-Day2-36C-C-vs-S/plate-A-T0.0.txt,plate-A-T0.0.txt,a,0,2026-04-01T08:00:44Z,23.7,"528/20,528/20",B,4,B4,NA,CONTROL,NA,CONTROL,NA,NA,BLUE,8,NA,NA,NA,101.457,NA,FALSE,FALSE,NA,parsed_table,FALSE,503,0,207,2.429951690821256,503,4.9577653587234005,0.009856392363267198,NA,NA
20260401-clam-Day2-36C-C-vs-S,/Users/sr320/Documents/GitHub/resazurin-assay-development/data/clam/20260401-clam-Day2-36C-C-vs-S/plate-A-T1.0.txt,plate-A-T1.0.txt,a,1,2026-04-01T09:02:15Z,25,"528/20,528/20",B,4,B4,NA,CONTROL,NA,CONTROL,NA,NA,BLUE,8,NA,NA,NA,101.457,NA,FALSE,FALSE,NA,parsed_table,FALSE,4469,3966,204,21.90686274509804,503,44.048217471441106,0.08757100888954494,NA,NA
20260401-clam-Day2-36C-C-vs-S,/Users/sr320/Documents/GitHub/resazurin-assay-development/data/clam/20260401-clam-Day2-36C-C-vs-S/plate-A-T2.0.txt,plate-A-T2.0.txt,a,2,2026-04-01T10:24:13Z,25.8,"528/20,528/20",B,4,B4,NA,CONTROL,NA,CONTROL,NA,NA,BLUE,8,NA,NA,NA,101.457,NA,FALSE,FALSE,NA,parsed_table,FALSE,6708,2239,210,31.942857142857143,503,66.11667997279636,0.13144469179482376,NA,NA
20260401-clam-Day2-36C-C-vs-S,/Users/sr320/Documents/GitHub/resazurin-assay-development/data/clam/20260401-clam-Day2-36C-C-vs-S/plate-A-T3.0.txt,plate-A-T3.0.txt,a,3,2026-04-01T11:31:32Z,26.2,"528/20,528/20",B,4,B4,NA,CONTROL,NA,CONTROL,NA,NA,BLUE,8,NA,NA,NA,101.457,NA,FALSE,FALSE,NA,parsed_table,FALSE,8677,1969,221,39.262443438914026,503,85.52391653606948,0.17002766706972064,NA,NA
20260401-clam-Day2-36C-C-vs-S,/Users/sr320/Documents/GitHub/resazurin-assay-development/data/clam/20260401-clam-Day2-36C-C-vs-S/plate-A-T4.0.txt,plate-A-T4.0.txt,a,4,2026-04-01T12:36:56Z,26.4,"528/20,528/20",B,4,B4,NA,CONTROL,NA,CONTROL,NA,NA,BLUE,8,NA,NA,NA,101.457,NA,FALSE,FALSE,NA,parsed_table,FALSE,9441,764,225,41.96,503,93.05420030160562,0.1849984101423571,NA,NA
20260401-clam-Day2-36C-C-vs-S,/Users/sr320/Documents/GitHub/resazurin-assay-development/data/clam/20260401-clam-Day2-36C-C-vs-S/plate-A-T0.0.txt,plate-A-T0.0.txt,a,0,2026-04-01T08:00:44Z,23.7,"528/20,528/20",C,1,C1,NA,SELECTED,NA,SELECTED,NA,NA,TWEED,9,NA,NA,NA,163.33,NA,FALSE,FALSE,NA,parsed_table,FALSE,734,0,207,3.5458937198067635,734,4.493969264678871,0.006122573930080206,NA,NA
20260401-clam-Day2-36C-C-vs-S,/Users/sr320/Documents/GitHub/resazurin-assay-development/data/clam/20260401-clam-Day2-36C-C-vs-S/plate-A-T1.0.txt,plate-A-T1.0.txt,a,1,2026-04-01T09:02:15Z,25,"528/20,528/20",C,1,C1,NA,SELECTED,NA,SELECTED,NA,NA,TWEED,9,NA,NA,NA,163.33,NA,FALSE,FALSE,NA,parsed_table,FALSE,4108,3374,204,20.137254901960784,734,25.151533704769484,0.034266394693146435,NA,NA
20260401-clam-Day2-36C-C-vs-S,/Users/sr320/Documents/GitHub/resazurin-assay-development/data/clam/20260401-clam-Day2-36C-C-vs-S/plate-A-T2.0.txt,plate-A-T2.0.txt,a,2,2026-04-01T10:24:13Z,25.8,"528/20,528/20",C,1,C1,NA,SELECTED,NA,SELECTED,NA,NA,TWEED,9,NA,NA,NA,163.33,NA,FALSE,FALSE,NA,parsed_table,FALSE,7844,3736,210,37.352380952380955,734,48.02546990754913,0.06542979551437211,NA,NA
20260401-clam-Day2-36C-C-vs-S,/Users/sr320/Documents/GitHub/resazurin-assay-development/data/clam/20260401-clam-Day2-36C-C-vs-S/plate-A-T3.0.txt,plate-A-T3.0.txt,a,3,2026-04-01T11:31:32Z,26.2,"528/20,528/20",C,1,C1,NA,SELECTED,NA,SELECTED,NA,NA,TWEED,9,NA,NA,NA,163.33,NA,FALSE,FALSE,NA,parsed_table,FALSE,10407,2563,221,47.09049773755656,734,63.7176268903447,0.08680875598139605,NA,NA
20260401-clam-Day2-36C-C-vs-S,/Users/sr320/Documents/GitHub/resazurin-assay-development/data/clam/20260401-clam-Day2-36C-C-vs-S/plate-A-T4.0.txt,plate-A-T4.0.txt,a,4,2026-04-01T12:36:56Z,26.4,"528/20,528/20",C,1,C1,NA,SELECTED,NA,SELECTED,NA,NA,TWEED,9,NA,NA,NA,163.33,NA,FALSE,FALSE,NA,parsed_table,FALSE,10565,158,225,46.955555555555556,734,64.68499357129737,0.08812669423882476,NA,NA
20260401-clam-Day2-36C-C-vs-S,/Users/sr320/Documents/GitHub/resazurin-assay-development/data/clam/20260401-clam-Day2-36C-C-vs-S/plate-A-T0.0.txt,plate-A-T0.0.txt,a,0,2026-04-01T08:00:44Z,23.7,"528/20,528/20",C,2,C2,NA,SELECTED,NA,SELECTED,NA,NA,BLUE,10,NA,NA,NA,197.328,NA,FALSE,FALSE,NA,parsed_table,FALSE,428,0,207,2.0676328502415457,428,2.1689775399335116,0.0050677045325549334,NA,NA
20260401-clam-Day2-36C-C-vs-S,/Users/sr320/Documents/GitHub/resazurin-assay-development/data/clam/20260401-clam-Day2-36C-C-vs-S/plate-A-T1.0.txt,plate-A-T1.0.txt,a,1,2026-04-01T09:02:15Z,25,"528/20,528/20",C,2,C2,NA,SELECTED,NA,SELECTED,NA,NA,BLUE,10,NA,NA,NA,197.328,NA,FALSE,FALSE,NA,parsed_table,FALSE,3758,3330,204,18.42156862745098,428,19.04443363334144,0.044496340264816456,NA,NA
20260401-clam-Day2-36C-C-vs-S,/Users/sr320/Documents/GitHub/resazurin-assay-development/data/clam/20260401-clam-Day2-36C-C-vs-S/plate-A-T2.0.txt,plate-A-T2.0.txt,a,2,2026-04-01T10:24:13Z,25.8,"528/20,528/20",C,2,C2,NA,SELECTED,NA,SELECTED,NA,NA,BLUE,10,NA,NA,NA,197.328,NA,FALSE,FALSE,NA,parsed_table,FALSE,6727,2969,210,32.03333333333333,428,34.09044839049704,0.0796505803516286,NA,NA
20260401-clam-Day2-36C-C-vs-S,/Users/sr320/Documents/GitHub/resazurin-assay-development/data/clam/20260401-clam-Day2-36C-C-vs-S/plate-A-T3.0.txt,plate-A-T3.0.txt,a,3,2026-04-01T11:31:32Z,26.2,"528/20,528/20",C,2,C2,NA,SELECTED,NA,SELECTED,NA,NA,BLUE,10,NA,NA,NA,197.328,NA,FALSE,FALSE,NA,parsed_table,FALSE,7754,1027,221,35.085972850678736,428,39.29498094543096,0.09181070314353026,NA,NA
20260401-clam-Day2-36C-C-vs-S,/Users/sr320/Documents/GitHub/resazurin-assay-development/data/clam/20260401-clam-Day2-36C-C-vs-S/plate-A-T4.0.txt,plate-A-T4.0.txt,a,4,2026-04-01T12:36:56Z,26.4,"528/20,528/20",C,2,C2,NA,SELECTED,NA,SELECTED,NA,NA,BLUE,10,NA,NA,NA,197.328,NA,FALSE,FALSE,NA,parsed_table,FALSE,7952,198,225,35.34222222222222,428,40.29838644287683,0.09415510851139447,NA,NA
20260401-clam-Day2-36C-C-vs-S,/Users/sr320/Documents/GitHub/resazurin-assay-development/data/clam/20260401-clam-Day2-36C-C-vs-S/plate-A-T0.0.txt,plate-A-T0.0.txt,a,0,2026-04-01T08:00:44Z,23.7,"528/20,528/20",C,3,C3,NA,CONTROL,NA,CONTROL,NA,NA,TWEED,11,NA,NA,NA,140.909,NA,FALSE,FALSE,NA,parsed_table,FALSE,1768,0,207,8.541062801932368,1768,12.547104869099917,0.007096778772115338,NA,NA
20260401-clam-Day2-36C-C-vs-S,/Users/sr320/Documents/GitHub/resazurin-assay-development/data/clam/20260401-clam-Day2-36C-C-vs-S/plate-A-T1.0.txt,plate-A-T1.0.txt,a,1,2026-04-01T09:02:15Z,25,"528/20,528/20",C,3,C3,NA,CONTROL,NA,CONTROL,NA,NA,TWEED,11,NA,NA,NA,140.909,NA,FALSE,FALSE,NA,parsed_table,FALSE,13395,11627,204,65.66176470588235,1768,95.06135165248494,0.05376773283511592,NA,NA
20260401-clam-Day2-36C-C-vs-S,/Users/sr320/Documents/GitHub/resazurin-assay-development/data/clam/20260401-clam-Day2-36C-C-vs-S/plate-A-T2.0.txt,plate-A-T2.0.txt,a,2,2026-04-01T10:24:13Z,25.8,"528/20,528/20",C,3,C3,NA,CONTROL,NA,CONTROL,NA,NA,TWEED,11,NA,NA,NA,140.909,NA,FALSE,FALSE,NA,parsed_table,FALSE,13951,556,210,66.43333333333334,1768,99.00716064978107,0.05599952525440106,NA,NA
20260401-clam-Day2-36C-C-vs-S,/Users/sr320/Documents/GitHub/resazurin-assay-development/data/clam/20260401-clam-Day2-36C-C-vs-S/plate-A-T3.0.txt,plate-A-T3.0.txt,a,3,2026-04-01T11:31:32Z,26.2,"528/20,528/20",C,3,C3,NA,CONTROL,NA,CONTROL,NA,NA,TWEED,11,NA,NA,NA,140.909,NA,FALSE,FALSE,NA,parsed_table,FALSE,13567,-384,221,61.38914027149321,1768,96.28199760128878,0.054458143439642975,NA,NA
20260401-clam-Day2-36C-C-vs-S,/Users/sr320/Documents/GitHub/resazurin-assay-development/data/clam/20260401-clam-Day2-36C-C-vs-S/plate-A-T4.0.txt,plate-A-T4.0.txt,a,4,2026-04-01T12:36:56Z,26.4,"528/20,528/20",C,3,C3,NA,CONTROL,NA,CONTROL,NA,NA,TWEED,11,NA,NA,NA,140.909,NA,FALSE,FALSE,NA,parsed_table,FALSE,12716,-851,225,56.51555555555556,1768,90.24263886621863,0.05104221655329108,NA,NA
20260401-clam-Day2-36C-C-vs-S,/Users/sr320/Documents/GitHub/resazurin-assay-development/data/clam/20260401-clam-Day2-36C-C-vs-S/plate-A-T0.0.txt,plate-A-T0.0.txt,a,0,2026-04-01T08:00:44Z,23.7,"528/20,528/20",C,4,C4,NA,NA,NA,NA,NA,NA,NA,NA,NA,NA,NA,NA,NA,TRUE,FALSE,NA,parsed_table,FALSE,207,0,207,1,NA,NA,NA,NA,NA
20260401-clam-Day2-36C-C-vs-S,/Users/sr320/Documents/GitHub/resazurin-assay-development/data/clam/20260401-clam-Day2-36C-C-vs-S/plate-A-T1.0.txt,plate-A-T1.0.txt,a,1,2026-04-01T09:02:15Z,25,"528/20,528/20",C,4,C4,NA,NA,NA,NA,NA,NA,NA,NA,NA,NA,NA,NA,NA,TRUE,FALSE,NA,parsed_table,FALSE,204,-3,204,1,NA,NA,NA,NA,NA
20260401-clam-Day2-36C-C-vs-S,/Users/sr320/Documents/GitHub/resazurin-assay-development/data/clam/20260401-clam-Day2-36C-C-vs-S/plate-A-T2.0.txt,plate-A-T2.0.txt,a,2,2026-04-01T10:24:13Z,25.8,"528/20,528/20",C,4,C4,NA,NA,NA,NA,NA,NA,NA,NA,NA,NA,NA,NA,NA,TRUE,FALSE,NA,parsed_table,FALSE,210,6,210,1,NA,NA,NA,NA,NA
20260401-clam-Day2-36C-C-vs-S,/Users/sr320/Documents/GitHub/resazurin-assay-development/data/clam/20260401-clam-Day2-36C-C-vs-S/plate-A-T3.0.txt,plate-A-T3.0.txt,a,3,2026-04-01T11:31:32Z,26.2,"528/20,528/20",C,4,C4,NA,NA,NA,NA,NA,NA,NA,NA,NA,NA,NA,NA,NA,TRUE,FALSE,NA,parsed_table,FALSE,221,11,221,1,NA,NA,NA,NA,NA
20260401-clam-Day2-36C-C-vs-S,/Users/sr320/Documents/GitHub/resazurin-assay-development/data/clam/20260401-clam-Day2-36C-C-vs-S/plate-A-T4.0.txt,plate-A-T4.0.txt,a,4,2026-04-01T12:36:56Z,26.4,"528/20,528/20",C,4,C4,NA,NA,NA,NA,NA,NA,NA,NA,NA,NA,NA,NA,NA,TRUE,FALSE,NA,parsed_table,FALSE,225,4,225,1,NA,NA,NA,NA,NA
20260401-clam-Day2-36C-C-vs-S,/Users/sr320/Documents/GitHub/resazurin-assay-development/data/clam/20260401-clam-Day2-36C-C-vs-S/plate-B-T0.0.txt,plate-B-T0.0.txt,b,0,2026-04-01T08:02:19Z,23.7,"528/20,528/20",A,1,A1,NA,SELECTED,NA,SELECTED,NA,NA,TWEED,12,NA,NA,NA,69.291,NA,FALSE,FALSE,NA,parsed_table,FALSE,378,0,213,1.7746478873239437,378,5.4552539290816995,0.014431888701274336,NA,NA
20260401-clam-Day2-36C-C-vs-S,/Users/sr320/Documents/GitHub/resazurin-assay-development/data/clam/20260401-clam-Day2-36C-C-vs-S/plate-B-T1.0.txt,plate-B-T1.0.txt,b,1,2026-04-01T09:03:28Z,25,"528/20,528/20",A,1,A1,NA,SELECTED,NA,SELECTED,NA,NA,TWEED,12,NA,NA,NA,69.291,NA,FALSE,FALSE,NA,parsed_table,FALSE,2833,2455,210,13.49047619047619,378,40.885540690710194,0.10816280606007987,NA,NA
20260401-clam-Day2-36C-C-vs-S,/Users/sr320/Documents/GitHub/resazurin-assay-development/data/clam/20260401-clam-Day2-36C-C-vs-S/plate-B-T2.0.txt,plate-B-T2.0.txt,b,2,2026-04-01T10:25:54Z,25.8,"528/20,528/20",A,1,A1,NA,SELECTED,NA,SELECTED,NA,NA,TWEED,12,NA,NA,NA,69.291,NA,FALSE,FALSE,NA,parsed_table,FALSE,5609,2776,215,26.088372093023256,378,80.94846372544775,0.21414937493504696,NA,NA
20260401-clam-Day2-36C-C-vs-S,/Users/sr320/Documents/GitHub/resazurin-assay-development/data/clam/20260401-clam-Day2-36C-C-vs-S/plate-B-T3.0.txt,plate-B-T3.0.txt,b,3,2026-04-01T11:32:54Z,26.2,"528/20,528/20",A,1,A1,NA,SELECTED,NA,SELECTED,NA,NA,TWEED,12,NA,NA,NA,69.291,NA,FALSE,FALSE,NA,parsed_table,FALSE,7634,2025,221,34.542986425339365,378,110.17303834552828,0.2914630644061595,NA,NA
20260401-clam-Day2-36C-C-vs-S,/Users/sr320/Documents/GitHub/resazurin-assay-development/data/clam/20260401-clam-Day2-36C-C-vs-S/plate-B-T4.0.txt,plate-B-T4.0.txt,b,4,2026-04-01T12:38:08Z,26.4,"528/20,528/20",A,1,A1,NA,SELECTED,NA,SELECTED,NA,NA,TWEED,12,NA,NA,NA,69.291,NA,FALSE,FALSE,NA,parsed_table,FALSE,9485,1851,227,41.784140969163,378,136.8864643315871,0.3621335035227171,NA,NA
20260401-clam-Day2-36C-C-vs-S,/Users/sr320/Documents/GitHub/resazurin-assay-development/data/clam/20260401-clam-Day2-36C-C-vs-S/plate-B-T0.0.txt,plate-B-T0.0.txt,b,0,2026-04-01T08:02:19Z,23.7,"528/20,528/20",A,2,A2,NA,SELECTED,NA,SELECTED,NA,NA,BLUE,13,NA,NA,NA,110.033,NA,FALSE,FALSE,NA,parsed_table,FALSE,398,0,213,1.8685446009389672,398,3.6170966891750655,0.009088182636118255,NA,NA
20260401-clam-Day2-36C-C-vs-S,/Users/sr320/Documents/GitHub/resazurin-assay-development/data/clam/20260401-clam-Day2-36C-C-vs-S/plate-B-T1.0.txt,plate-B-T1.0.txt,b,1,2026-04-01T09:03:28Z,25,"528/20,528/20",A,2,A2,NA,SELECTED,NA,SELECTED,NA,NA,BLUE,13,NA,NA,NA,110.033,NA,FALSE,FALSE,NA,parsed_table,FALSE,4162,3764,210,19.81904761904762,398,37.82501613152418,0.09503772897367885,NA,NA
20260401-clam-Day2-36C-C-vs-S,/Users/sr320/Documents/GitHub/resazurin-assay-development/data/clam/20260401-clam-Day2-36C-C-vs-S/plate-B-T2.0.txt,plate-B-T2.0.txt,b,2,2026-04-01T10:25:54Z,25.8,"528/20,528/20",A,2,A2,NA,SELECTED,NA,SELECTED,NA,NA,BLUE,13,NA,NA,NA,110.033,NA,FALSE,FALSE,NA,parsed_table,FALSE,6796,2634,215,31.609302325581396,398,61.76328919505966,0.15518414370618006,NA,NA
20260401-clam-Day2-36C-C-vs-S,/Users/sr320/Documents/GitHub/resazurin-assay-development/data/clam/20260401-clam-Day2-36C-C-vs-S/plate-B-T3.0.txt,plate-B-T3.0.txt,b,3,2026-04-01T11:32:54Z,26.2,"528/20,528/20",A,2,A2,NA,SELECTED,NA,SELECTED,NA,NA,BLUE,13,NA,NA,NA,110.033,NA,FALSE,FALSE,NA,parsed_table,FALSE,7054,258,221,31.918552036199095,398,64.10804031517817,0.16107547817883963,NA,NA
20260401-clam-Day2-36C-C-vs-S,/Users/sr320/Documents/GitHub/resazurin-assay-development/data/clam/20260401-clam-Day2-36C-C-vs-S/plate-B-T4.0.txt,plate-B-T4.0.txt,b,4,2026-04-01T12:38:08Z,26.4,"528/20,528/20",A,2,A2,NA,SELECTED,NA,SELECTED,NA,NA,BLUE,13,NA,NA,NA,110.033,NA,FALSE,FALSE,NA,parsed_table,FALSE,6903,-151,227,30.409691629955947,398,62.735724737124315,0.15762744908825205,NA,NA
20260401-clam-Day2-36C-C-vs-S,/Users/sr320/Documents/GitHub/resazurin-assay-development/data/clam/20260401-clam-Day2-36C-C-vs-S/plate-B-T0.0.txt,plate-B-T0.0.txt,b,0,2026-04-01T08:02:19Z,23.7,"528/20,528/20",A,3,A3,NA,CONTROL,NA,CONTROL,NA,NA,TWEED,14,NA,NA,NA,145.118,NA,FALSE,FALSE,NA,parsed_table,FALSE,744,0,213,3.492957746478873,744,5.126862277594785,0.006890943921498367,NA,NA
20260401-clam-Day2-36C-C-vs-S,/Users/sr320/Documents/GitHub/resazurin-assay-development/data/clam/20260401-clam-Day2-36C-C-vs-S/plate-B-T1.0.txt,plate-B-T1.0.txt,b,1,2026-04-01T09:03:28Z,25,"528/20,528/20",A,3,A3,NA,CONTROL,NA,CONTROL,NA,NA,TWEED,14,NA,NA,NA,145.118,NA,FALSE,FALSE,NA,parsed_table,FALSE,6051,5307,210,28.814285714285713,744,41.69710166898662,0.05604449149057341,NA,NA
20260401-clam-Day2-36C-C-vs-S,/Users/sr320/Documents/GitHub/resazurin-assay-development/data/clam/20260401-clam-Day2-36C-C-vs-S/plate-B-T2.0.txt,plate-B-T2.0.txt,b,2,2026-04-01T10:25:54Z,25.8,"528/20,528/20",A,3,A3,NA,CONTROL,NA,CONTROL,NA,NA,TWEED,14,NA,NA,NA,145.118,NA,FALSE,FALSE,NA,parsed_table,FALSE,5371,-680,215,24.98139534883721,744,37.01125980236773,0.0497463169386663,NA,NA
20260401-clam-Day2-36C-C-vs-S,/Users/sr320/Documents/GitHub/resazurin-assay-development/data/clam/20260401-clam-Day2-36C-C-vs-S/plate-B-T3.0.txt,plate-B-T3.0.txt,b,3,2026-04-01T11:32:54Z,26.2,"528/20,528/20",A,3,A3,NA,CONTROL,NA,CONTROL,NA,NA,TWEED,14,NA,NA,NA,145.118,NA,FALSE,FALSE,NA,parsed_table,FALSE,5434,63,221,24.58823529411765,744,37.44538926942213,0.0503298242868577,NA,NA
20260401-clam-Day2-36C-C-vs-S,/Users/sr320/Documents/GitHub/resazurin-assay-development/data/clam/20260401-clam-Day2-36C-C-vs-S/plate-B-T4.0.txt,plate-B-T4.0.txt,b,4,2026-04-01T12:38:08Z,26.4,"528/20,528/20",A,3,A3,NA,CONTROL,NA,CONTROL,NA,NA,TWEED,14,NA,NA,NA,145.118,NA,FALSE,FALSE,NA,parsed_table,FALSE,4931,-503,227,21.722466960352424,744,33.97924447690845,0.045671027522726414,NA,NA
20260401-clam-Day2-36C-C-vs-S,/Users/sr320/Documents/GitHub/resazurin-assay-development/data/clam/20260401-clam-Day2-36C-C-vs-S/plate-B-T0.0.txt,plate-B-T0.0.txt,b,0,2026-04-01T08:02:19Z,23.7,"528/20,528/20",A,4,A4,NA,CONTROL,NA,CONTROL,NA,NA,BLUE,15,NA,NA,NA,99.277,NA,FALSE,FALSE,NA,parsed_table,FALSE,677,0,213,3.1784037558685445,677,6.819303564773311,0.010072826535854226,NA,NA
20260401-clam-Day2-36C-C-vs-S,/Users/sr320/Documents/GitHub/resazurin-assay-development/data/clam/20260401-clam-Day2-36C-C-vs-S/plate-B-T1.0.txt,plate-B-T1.0.txt,b,1,2026-04-01T09:03:28Z,25,"528/20,528/20",A,4,A4,NA,CONTROL,NA,CONTROL,NA,NA,BLUE,15,NA,NA,NA,99.277,NA,FALSE,FALSE,NA,parsed_table,FALSE,4858,4181,210,23.133333333333333,677,48.93379131117983,0.07228034167087123,NA,NA
20260401-clam-Day2-36C-C-vs-S,/Users/sr320/Documents/GitHub/resazurin-assay-development/data/clam/20260401-clam-Day2-36C-C-vs-S/plate-B-T2.0.txt,plate-B-T2.0.txt,b,2,2026-04-01T10:25:54Z,25.8,"528/20,528/20",A,4,A4,NA,CONTROL,NA,CONTROL,NA,NA,BLUE,15,NA,NA,NA,99.277,NA,FALSE,FALSE,NA,parsed_table,FALSE,9122,4264,215,42.42790697674418,677,91.88432366006225,0.13572278236345975,NA,NA
20260401-clam-Day2-36C-C-vs-S,/Users/sr320/Documents/GitHub/resazurin-assay-development/data/clam/20260401-clam-Day2-36C-C-vs-S/plate-B-T3.0.txt,plate-B-T3.0.txt,b,3,2026-04-01T11:32:54Z,26.2,"528/20,528/20",A,4,A4,NA,CONTROL,NA,CONTROL,NA,NA,BLUE,15,NA,NA,NA,99.277,NA,FALSE,FALSE,NA,parsed_table,FALSE,9678,556,221,43.79185520361991,677,97.4848152139972,0.14399529573707118,NA,NA
20260401-clam-Day2-36C-C-vs-S,/Users/sr320/Documents/GitHub/resazurin-assay-development/data/clam/20260401-clam-Day2-36C-C-vs-S/plate-B-T4.0.txt,plate-B-T4.0.txt,b,4,2026-04-01T12:38:08Z,26.4,"528/20,528/20",A,4,A4,NA,CONTROL,NA,CONTROL,NA,NA,BLUE,15,NA,NA,NA,99.277,NA,FALSE,FALSE,NA,parsed_table,FALSE,11055,1377,227,48.70044052863436,677,111.35509735386847,0.16448315709581754,NA,NA
20260401-clam-Day2-36C-C-vs-S,/Users/sr320/Documents/GitHub/resazurin-assay-development/data/clam/20260401-clam-Day2-36C-C-vs-S/plate-B-T0.0.txt,plate-B-T0.0.txt,b,0,2026-04-01T08:02:19Z,23.7,"528/20,528/20",B,1,B1,NA,SELECTED,NA,SELECTED,NA,NA,TWEED,16,NA,NA,NA,141.246,NA,FALSE,FALSE,NA,parsed_table,FALSE,459,0,213,2.1549295774647885,459,3.2496495475978078,0.007079846508927686,NA,NA
20260401-clam-Day2-36C-C-vs-S,/Users/sr320/Documents/GitHub/resazurin-assay-development/data/clam/20260401-clam-Day2-36C-C-vs-S/plate-B-T1.0.txt,plate-B-T1.0.txt,b,1,2026-04-01T09:03:28Z,25,"528/20,528/20",B,1,B1,NA,SELECTED,NA,SELECTED,NA,NA,TWEED,16,NA,NA,NA,141.246,NA,FALSE,FALSE,NA,parsed_table,FALSE,4264,3805,210,20.304761904761904,459,30.18846551406765,0.06577007737269641,NA,NA
20260401-clam-Day2-36C-C-vs-S,/Users/sr320/Documents/GitHub/resazurin-assay-development/data/clam/20260401-clam-Day2-36C-C-vs-S/plate-B-T2.0.txt,plate-B-T2.0.txt,b,2,2026-04-01T10:25:54Z,25.8,"528/20,528/20",B,1,B1,NA,SELECTED,NA,SELECTED,NA,NA,TWEED,16,NA,NA,NA,141.246,NA,FALSE,FALSE,NA,parsed_table,FALSE,7682,3418,215,35.730232558139534,459,54.38738088158248,0.11849102588580061,NA,NA
20260401-clam-Day2-36C-C-vs-S,/Users/sr320/Documents/GitHub/resazurin-assay-development/data/clam/20260401-clam-Day2-36C-C-vs-S/plate-B-T3.0.txt,plate-B-T3.0.txt,b,3,2026-04-01T11:32:54Z,26.2,"528/20,528/20",B,1,B1,NA,SELECTED,NA,SELECTED,NA,NA,TWEED,16,NA,NA,NA,141.246,NA,FALSE,FALSE,NA,parsed_table,FALSE,8709,1027,221,39.40723981900452,459,61.65838324625122,0.13433198964324883,NA,NA
20260401-clam-Day2-36C-C-vs-S,/Users/sr320/Documents/GitHub/resazurin-assay-development/data/clam/20260401-clam-Day2-36C-C-vs-S/plate-B-T4.0.txt,plate-B-T4.0.txt,b,4,2026-04-01T12:38:08Z,26.4,"528/20,528/20",B,1,B1,NA,SELECTED,NA,SELECTED,NA,NA,TWEED,16,NA,NA,NA,141.246,NA,FALSE,FALSE,NA,parsed_table,FALSE,9310,601,227,41.013215859030836,459,65.91337099811676,0.14360211546430668,NA,NA
20260401-clam-Day2-36C-C-vs-S,/Users/sr320/Documents/GitHub/resazurin-assay-development/data/clam/20260401-clam-Day2-36C-C-vs-S/plate-B-T0.0.txt,plate-B-T0.0.txt,b,0,2026-04-01T08:02:19Z,23.7,"528/20,528/20",B,2,B2,NA,SELECTED,NA,SELECTED,NA,NA,BLUE,17,NA,NA,NA,154.851,NA,FALSE,FALSE,NA,parsed_table,FALSE,1213,0,213,5.694835680751174,1213,7.833336562243705,0.006457820743811793,NA,NA
20260401-clam-Day2-36C-C-vs-S,/Users/sr320/Documents/GitHub/resazurin-assay-development/data/clam/20260401-clam-Day2-36C-C-vs-S/plate-B-T1.0.txt,plate-B-T1.0.txt,b,1,2026-04-01T09:03:28Z,25,"528/20,528/20",B,2,B2,NA,SELECTED,NA,SELECTED,NA,NA,BLUE,17,NA,NA,NA,154.851,NA,FALSE,FALSE,NA,parsed_table,FALSE,9356,8143,210,44.55238095238095,1213,60.41937087910314,0.049809868820365324,NA,NA
20260401-clam-Day2-36C-C-vs-S,/Users/sr320/Documents/GitHub/resazurin-assay-development/data/clam/20260401-clam-Day2-36C-C-vs-S/plate-B-T2.0.txt,plate-B-T2.0.txt,b,2,2026-04-01T10:25:54Z,25.8,"528/20,528/20",B,2,B2,NA,SELECTED,NA,SELECTED,NA,NA,BLUE,17,NA,NA,NA,154.851,NA,FALSE,FALSE,NA,parsed_table,FALSE,11063,1707,215,51.455813953488374,1213,71.44287088878987,0.05889766767418785,NA,NA
20260401-clam-Day2-36C-C-vs-S,/Users/sr320/Documents/GitHub/resazurin-assay-development/data/clam/20260401-clam-Day2-36C-C-vs-S/plate-B-T3.0.txt,plate-B-T3.0.txt,b,3,2026-04-01T11:32:54Z,26.2,"528/20,528/20",B,2,B2,NA,SELECTED,NA,SELECTED,NA,NA,BLUE,17,NA,NA,NA,154.851,NA,FALSE,FALSE,NA,parsed_table,FALSE,11030,-33,221,49.90950226244344,1213,71.22976280424407,0.05872198087736528,NA,NA
20260401-clam-Day2-36C-C-vs-S,/Users/sr320/Documents/GitHub/resazurin-assay-development/data/clam/20260401-clam-Day2-36C-C-vs-S/plate-B-T4.0.txt,plate-B-T4.0.txt,b,4,2026-04-01T12:38:08Z,26.4,"528/20,528/20",B,2,B2,NA,SELECTED,NA,SELECTED,NA,NA,BLUE,17,NA,NA,NA,154.851,NA,FALSE,FALSE,NA,parsed_table,FALSE,9449,-1581,227,41.62555066079295,1213,61.01994820827763,0.05030498615686532,NA,NA
20260401-clam-Day2-36C-C-vs-S,/Users/sr320/Documents/GitHub/resazurin-assay-development/data/clam/20260401-clam-Day2-36C-C-vs-S/plate-B-T0.0.txt,plate-B-T0.0.txt,b,0,2026-04-01T08:02:19Z,23.7,"528/20,528/20",B,3,B3,NA,CONTROL,NA,CONTROL,NA,NA,TWEED,18,NA,NA,NA,56.47,NA,FALSE,FALSE,NA,parsed_table,FALSE,308,0,213,1.4460093896713615,308,5.454223481494599,0.017708517797060386,NA,NA
20260401-clam-Day2-36C-C-vs-S,/Users/sr320/Documents/GitHub/resazurin-assay-development/data/clam/20260401-clam-Day2-36C-C-vs-S/plate-B-T1.0.txt,plate-B-T1.0.txt,b,1,2026-04-01T09:03:28Z,25,"528/20,528/20",B,3,B3,NA,CONTROL,NA,CONTROL,NA,NA,TWEED,18,NA,NA,NA,56.47,NA,FALSE,FALSE,NA,parsed_table,FALSE,1389,1081,210,6.614285714285714,308,24.597131220116875,0.07986081564973012,NA,NA
20260401-clam-Day2-36C-C-vs-S,/Users/sr320/Documents/GitHub/resazurin-assay-development/data/clam/20260401-clam-Day2-36C-C-vs-S/plate-B-T2.0.txt,plate-B-T2.0.txt,b,2,2026-04-01T10:25:54Z,25.8,"528/20,528/20",B,3,B3,NA,CONTROL,NA,CONTROL,NA,NA,TWEED,18,NA,NA,NA,56.47,NA,FALSE,FALSE,NA,parsed_table,FALSE,4582,3193,215,21.311627906976746,308,81.14042854613069,0.26344294982509964,NA,NA
20260401-clam-Day2-36C-C-vs-S,/Users/sr320/Documents/GitHub/resazurin-assay-development/data/clam/20260401-clam-Day2-36C-C-vs-S/plate-B-T3.0.txt,plate-B-T3.0.txt,b,3,2026-04-01T11:32:54Z,26.2,"528/20,528/20",B,3,B3,NA,CONTROL,NA,CONTROL,NA,NA,TWEED,18,NA,NA,NA,56.47,NA,FALSE,FALSE,NA,parsed_table,FALSE,6659,2077,221,30.131221719457013,308,117.92102001062511,0.38286045457995166,NA,NA
20260401-clam-Day2-36C-C-vs-S,/Users/sr320/Documents/GitHub/resazurin-assay-development/data/clam/20260401-clam-Day2-36C-C-vs-S/plate-B-T4.0.txt,plate-B-T4.0.txt,b,4,2026-04-01T12:38:08Z,26.4,"528/20,528/20",B,3,B3,NA,CONTROL,NA,CONTROL,NA,NA,TWEED,18,NA,NA,NA,56.47,NA,FALSE,FALSE,NA,parsed_table,FALSE,8716,2057,227,38.39647577092511,308,154.34744111917834,0.5011280555817479,NA,NA
20260401-clam-Day2-36C-C-vs-S,/Users/sr320/Documents/GitHub/resazurin-assay-development/data/clam/20260401-clam-Day2-36C-C-vs-S/plate-B-T0.0.txt,plate-B-T0.0.txt,b,0,2026-04-01T08:02:19Z,23.7,"528/20,528/20",B,4,B4,NA,CONTROL,NA,CONTROL,NA,NA,BLUE,19,NA,NA,NA,108.551,NA,FALSE,FALSE,NA,parsed_table,FALSE,591,0,213,2.7746478873239435,591,5.444445468028853,0.009212259675175723,NA,NA
20260401-clam-Day2-36C-C-vs-S,/Users/sr320/Documents/GitHub/resazurin-assay-development/data/clam/20260401-clam-Day2-36C-C-vs-S/plate-B-T1.0.txt,plate-B-T1.0.txt,b,1,2026-04-01T09:03:28Z,25,"528/20,528/20",B,4,B4,NA,CONTROL,NA,CONTROL,NA,NA,BLUE,19,NA,NA,NA,108.551,NA,FALSE,FALSE,NA,parsed_table,FALSE,4322,3731,210,20.580952380952382,591,39.815386316109475,0.06736951999341706,NA,NA
20260401-clam-Day2-36C-C-vs-S,/Users/sr320/Documents/GitHub/resazurin-assay-development/data/clam/20260401-clam-Day2-36C-C-vs-S/plate-B-T2.0.txt,plate-B-T2.0.txt,b,2,2026-04-01T10:25:54Z,25.8,"528/20,528/20",B,4,B4,NA,CONTROL,NA,CONTROL,NA,NA,BLUE,19,NA,NA,NA,108.551,NA,FALSE,FALSE,NA,parsed_table,FALSE,10702,6380,215,49.776744186046514,591,98.58960304373059,0.1668182792618115,NA,NA
20260401-clam-Day2-36C-C-vs-S,/Users/sr320/Documents/GitHub/resazurin-assay-development/data/clam/20260401-clam-Day2-36C-C-vs-S/plate-B-T3.0.txt,plate-B-T3.0.txt,b,3,2026-04-01T11:32:54Z,26.2,"528/20,528/20",B,4,B4,NA,CONTROL,NA,CONTROL,NA,NA,BLUE,19,NA,NA,NA,108.551,NA,FALSE,FALSE,NA,parsed_table,FALSE,11578,876,221,52.38914027149321,591,106.65954251918453,0.18047299918643744,NA,NA
20260401-clam-Day2-36C-C-vs-S,/Users/sr320/Documents/GitHub/resazurin-assay-development/data/clam/20260401-clam-Day2-36C-C-vs-S/plate-B-T4.0.txt,plate-B-T4.0.txt,b,4,2026-04-01T12:38:08Z,26.4,"528/20,528/20",B,4,B4,NA,CONTROL,NA,CONTROL,NA,NA,BLUE,19,NA,NA,NA,108.551,NA,FALSE,FALSE,NA,parsed_table,FALSE,11539,-39,227,50.83259911894273,591,106.30026439185268,0.1798650835733548,NA,NA
20260401-clam-Day2-36C-C-vs-S,/Users/sr320/Documents/GitHub/resazurin-assay-development/data/clam/20260401-clam-Day2-36C-C-vs-S/plate-B-T0.0.txt,plate-B-T0.0.txt,b,0,2026-04-01T08:02:19Z,23.7,"528/20,528/20",C,1,C1,NA,SELECTED,NA,SELECTED,NA,NA,TWEED,20,NA,NA,NA,205.072,NA,FALSE,FALSE,NA,parsed_table,FALSE,567,0,213,2.6619718309859155,567,2.764882577826324,0.00487633611609581,NA,NA
20260401-clam-Day2-36C-C-vs-S,/Users/sr320/Documents/GitHub/resazurin-assay-development/data/clam/20260401-clam-Day2-36C-C-vs-S/plate-B-T1.0.txt,plate-B-T1.0.txt,b,1,2026-04-01T09:03:28Z,25,"528/20,528/20",C,1,C1,NA,SELECTED,NA,SELECTED,NA,NA,TWEED,20,NA,NA,NA,205.072,NA,FALSE,FALSE,NA,parsed_table,FALSE,4161,3594,210,19.814285714285713,567,20.290434579074667,0.03578559890489359,NA,NA
20260401-clam-Day2-36C-C-vs-S,/Users/sr320/Documents/GitHub/resazurin-assay-development/data/clam/20260401-clam-Day2-36C-C-vs-S/plate-B-T2.0.txt,plate-B-T2.0.txt,b,2,2026-04-01T10:25:54Z,25.8,"528/20,528/20",C,1,C1,NA,SELECTED,NA,SELECTED,NA,NA,TWEED,20,NA,NA,NA,205.072,NA,FALSE,FALSE,NA,parsed_table,FALSE,6696,2535,215,31.144186046511628,567,32.65194663337755,0.05758720746627433,NA,NA
20260401-clam-Day2-36C-C-vs-S,/Users/sr320/Documents/GitHub/resazurin-assay-development/data/clam/20260401-clam-Day2-36C-C-vs-S/plate-B-T3.0.txt,plate-B-T3.0.txt,b,3,2026-04-01T11:32:54Z,26.2,"528/20,528/20",C,1,C1,NA,SELECTED,NA,SELECTED,NA,NA,TWEED,20,NA,NA,NA,205.072,NA,FALSE,FALSE,NA,parsed_table,FALSE,6835,139,221,30.92760180995475,567,33.329757353514864,0.05878264083512321,NA,NA
20260401-clam-Day2-36C-C-vs-S,/Users/sr320/Documents/GitHub/resazurin-assay-development/data/clam/20260401-clam-Day2-36C-C-vs-S/plate-B-T4.0.txt,plate-B-T4.0.txt,b,4,2026-04-01T12:38:08Z,26.4,"528/20,528/20",C,1,C1,NA,SELECTED,NA,SELECTED,NA,NA,TWEED,20,NA,NA,NA,205.072,NA,FALSE,FALSE,NA,parsed_table,FALSE,6295,-540,227,27.73127753303965,567,30.696535850823125,0.054138511200746246,NA,NA
20260401-clam-Day2-36C-C-vs-S,/Users/sr320/Documents/GitHub/resazurin-assay-development/data/clam/20260401-clam-Day2-36C-C-vs-S/plate-B-T0.0.txt,plate-B-T0.0.txt,b,0,2026-04-01T08:02:19Z,23.7,"528/20,528/20",C,2,C2,NA,SELECTED,NA,SELECTED,NA,NA,BLUE,21,NA,NA,NA,161.176,NA,FALSE,FALSE,NA,parsed_table,FALSE,340,0,213,1.596244131455399,340,2.1094952102049933,0.0062043976770735105,NA,NA
20260401-clam-Day2-36C-C-vs-S,/Users/sr320/Documents/GitHub/resazurin-assay-development/data/clam/20260401-clam-Day2-36C-C-vs-S/plate-B-T1.0.txt,plate-B-T1.0.txt,b,1,2026-04-01T09:03:28Z,25,"528/20,528/20",C,2,C2,NA,SELECTED,NA,SELECTED,NA,NA,BLUE,21,NA,NA,NA,161.176,NA,FALSE,FALSE,NA,parsed_table,FALSE,4175,3835,210,19.88095238095238,340,25.903360301781905,0.07618635382877031,NA,NA
20260401-clam-Day2-36C-C-vs-S,/Users/sr320/Documents/GitHub/resazurin-assay-development/data/clam/20260401-clam-Day2-36C-C-vs-S/plate-B-T2.0.txt,plate-B-T2.0.txt,b,2,2026-04-01T10:25:54Z,25.8,"528/20,528/20",C,2,C2,NA,SELECTED,NA,SELECTED,NA,NA,BLUE,21,NA,NA,NA,161.176,NA,FALSE,FALSE,NA,parsed_table,FALSE,8260,4085,215,38.41860465116279,340,51.248324812627196,0.15073036709596233,NA,NA
20260401-clam-Day2-36C-C-vs-S,/Users/sr320/Documents/GitHub/resazurin-assay-development/data/clam/20260401-clam-Day2-36C-C-vs-S/plate-B-T3.0.txt,plate-B-T3.0.txt,b,3,2026-04-01T11:32:54Z,26.2,"528/20,528/20",C,2,C2,NA,SELECTED,NA,SELECTED,NA,NA,BLUE,21,NA,NA,NA,161.176,NA,FALSE,FALSE,NA,parsed_table,FALSE,9664,1404,221,43.72850678733032,340,59.959299151238405,0.17635087985658351,NA,NA
20260401-clam-Day2-36C-C-vs-S,/Users/sr320/Documents/GitHub/resazurin-assay-development/data/clam/20260401-clam-Day2-36C-C-vs-S/plate-B-T4.0.txt,plate-B-T4.0.txt,b,4,2026-04-01T12:38:08Z,26.4,"528/20,528/20",C,2,C2,NA,SELECTED,NA,SELECTED,NA,NA,BLUE,21,NA,NA,NA,161.176,NA,FALSE,FALSE,NA,parsed_table,FALSE,10127,463,227,44.61233480176212,340,62.83193527572344,0.1847998096344807,NA,NA
20260401-clam-Day2-36C-C-vs-S,/Users/sr320/Documents/GitHub/resazurin-assay-development/data/clam/20260401-clam-Day2-36C-C-vs-S/plate-B-T0.0.txt,plate-B-T0.0.txt,b,0,2026-04-01T08:02:19Z,23.7,"528/20,528/20",C,3,C3,NA,NA,NA,NA,NA,NA,NA,NA,NA,NA,NA,NA,NA,TRUE,FALSE,NA,parsed_table,FALSE,213,0,213,1,NA,NA,NA,NA,NA
20260401-clam-Day2-36C-C-vs-S,/Users/sr320/Documents/GitHub/resazurin-assay-development/data/clam/20260401-clam-Day2-36C-C-vs-S/plate-B-T1.0.txt,plate-B-T1.0.txt,b,1,2026-04-01T09:03:28Z,25,"528/20,528/20",C,3,C3,NA,NA,NA,NA,NA,NA,NA,NA,NA,NA,NA,NA,NA,TRUE,FALSE,NA,parsed_table,FALSE,210,-3,210,1,NA,NA,NA,NA,NA
20260401-clam-Day2-36C-C-vs-S,/Users/sr320/Documents/GitHub/resazurin-assay-development/data/clam/20260401-clam-Day2-36C-C-vs-S/plate-B-T2.0.txt,plate-B-T2.0.txt,b,2,2026-04-01T10:25:54Z,25.8,"528/20,528/20",C,3,C3,NA,NA,NA,NA,NA,NA,NA,NA,NA,NA,NA,NA,NA,TRUE,FALSE,NA,parsed_table,FALSE,215,5,215,1,NA,NA,NA,NA,NA
20260401-clam-Day2-36C-C-vs-S,/Users/sr320/Documents/GitHub/resazurin-assay-development/data/clam/20260401-clam-Day2-36C-C-vs-S/plate-B-T3.0.txt,plate-B-T3.0.txt,b,3,2026-04-01T11:32:54Z,26.2,"528/20,528/20",C,3,C3,NA,NA,NA,NA,NA,NA,NA,NA,NA,NA,NA,NA,NA,TRUE,FALSE,NA,parsed_table,FALSE,221,6,221,1,NA,NA,NA,NA,NA
20260401-clam-Day2-36C-C-vs-S,/Users/sr320/Documents/GitHub/resazurin-assay-development/data/clam/20260401-clam-Day2-36C-C-vs-S/plate-B-T4.0.txt,plate-B-T4.0.txt,b,4,2026-04-01T12:38:08Z,26.4,"528/20,528/20",C,3,C3,NA,NA,NA,NA,NA,NA,NA,NA,NA,NA,NA,NA,NA,TRUE,FALSE,NA,parsed_table,FALSE,227,6,227,1,NA,NA,NA,NA,NA
20260401-clam-Day2-36C-C-vs-S,/Users/sr320/Documents/GitHub/resazurin-assay-development/data/clam/20260401-clam-Day2-36C-C-vs-S/plate-B-T0.0.txt,plate-B-T0.0.txt,b,0,2026-04-01T08:02:19Z,23.7,"528/20,528/20",C,4,C4,NA,CONTROL,NA,CONTROL,NA,NA,BLUE,22,NA,NA,NA,144.968,NA,FALSE,FALSE,NA,parsed_table,FALSE,2099,0,213,9.854460093896714,2099,14.479057447160754,0.006898074057723084,NA,NA
20260401-clam-Day2-36C-C-vs-S,/Users/sr320/Documents/GitHub/resazurin-assay-development/data/clam/20260401-clam-Day2-36C-C-vs-S/plate-B-T1.0.txt,plate-B-T1.0.txt,b,1,2026-04-01T09:03:28Z,25,"528/20,528/20",C,4,C4,NA,CONTROL,NA,CONTROL,NA,NA,BLUE,22,NA,NA,NA,144.968,NA,FALSE,FALSE,NA,parsed_table,FALSE,10582,8483,210,50.39047619047619,2099,72.99541967882568,0.034776283791722575,NA,NA
20260401-clam-Day2-36C-C-vs-S,/Users/sr320/Documents/GitHub/resazurin-assay-development/data/clam/20260401-clam-Day2-36C-C-vs-S/plate-B-T2.0.txt,plate-B-T2.0.txt,b,2,2026-04-01T10:25:54Z,25.8,"528/20,528/20",C,4,C4,NA,CONTROL,NA,CONTROL,NA,NA,BLUE,22,NA,NA,NA,144.968,NA,FALSE,FALSE,NA,parsed_table,FALSE,9793,-789,215,45.54883720930233,2099,67.55283924728217,0.03218334409113014,NA,NA
20260401-clam-Day2-36C-C-vs-S,/Users/sr320/Documents/GitHub/resazurin-assay-development/data/clam/20260401-clam-Day2-36C-C-vs-S/plate-B-T3.0.txt,plate-B-T3.0.txt,b,3,2026-04-01T11:32:54Z,26.2,"528/20,528/20",C,4,C4,NA,CONTROL,NA,CONTROL,NA,NA,BLUE,22,NA,NA,NA,144.968,NA,FALSE,FALSE,NA,parsed_table,FALSE,10062,269,221,45.529411764705884,2099,69.40842116880967,0.03306737549728903,NA,NA
20260401-clam-Day2-36C-C-vs-S,/Users/sr320/Documents/GitHub/resazurin-assay-development/data/clam/20260401-clam-Day2-36C-C-vs-S/plate-B-T4.0.txt,plate-B-T4.0.txt,b,4,2026-04-01T12:38:08Z,26.4,"528/20,528/20",C,4,C4,NA,CONTROL,NA,CONTROL,NA,NA,BLUE,22,NA,NA,NA,144.968,NA,FALSE,FALSE,NA,parsed_table,FALSE,10272,210,227,45.25110132158591,2099,70.85701672093153,0.033757511539271805,NA,NA
20260401-clam-Day2-36C-C-vs-S,/Users/sr320/Documents/GitHub/resazurin-assay-development/data/clam/20260401-clam-Day2-36C-C-vs-S/plate-C-T0.0.txt,plate-C-T0.0.txt,c,0,2026-04-01T08:03:56Z,23.7,"528/20,528/20",A,1,A1,NA,SELECTED,NA,SELECTED,NA,NA,TWEED,23,NA,NA,NA,156.36,NA,FALSE,FALSE,NA,parsed_table,FALSE,750,0,211,3.5545023696682465,750,4.796623177283192,0.0063954975697109225,NA,NA
20260401-clam-Day2-36C-C-vs-S,/Users/sr320/Documents/GitHub/resazurin-assay-development/data/clam/20260401-clam-Day2-36C-C-vs-S/plate-C-T1.0.txt,plate-C-T1.0.txt,c,1,2026-04-01T09:04:30Z,25,"528/20,528/20",A,1,A1,NA,SELECTED,NA,SELECTED,NA,NA,TWEED,23,NA,NA,NA,156.36,NA,FALSE,FALSE,NA,parsed_table,FALSE,9928,9178,211,47.052132701421804,750,63.494499872090046,0.08465933316278673,NA,NA
20260401-clam-Day2-36C-C-vs-S,/Users/sr320/Documents/GitHub/resazurin-assay-development/data/clam/20260401-clam-Day2-36C-C-vs-S/plate-C-T2.0.txt,plate-C-T2.0.txt,c,2,2026-04-01T10:27:29Z,25.8,"528/20,528/20",A,1,A1,NA,SELECTED,NA,SELECTED,NA,NA,TWEED,23,NA,NA,NA,156.36,NA,FALSE,FALSE,NA,parsed_table,FALSE,12808,2880,216,59.2962962962963,750,81.9135328728575,0.10921804383047666,NA,NA
20260401-clam-Day2-36C-C-vs-S,/Users/sr320/Documents/GitHub/resazurin-assay-development/data/clam/20260401-clam-Day2-36C-C-vs-S/plate-C-T3.0.txt,plate-C-T3.0.txt,c,3,2026-04-01T11:34:40Z,26.3,"528/20,528/20",A,1,A1,NA,SELECTED,NA,SELECTED,NA,NA,TWEED,23,NA,NA,NA,156.36,NA,FALSE,FALSE,NA,parsed_table,FALSE,12079,-729,215,56.181395348837206,750,77.25121514453824,0.10300162019271766,NA,NA
20260401-clam-Day2-36C-C-vs-S,/Users/sr320/Documents/GitHub/resazurin-assay-development/data/clam/20260401-clam-Day2-36C-C-vs-S/plate-C-T4.0.txt,plate-C-T4.0.txt,c,4,2026-04-01T12:39:42Z,26.4,"528/20,528/20",A,1,A1,NA,SELECTED,NA,SELECTED,NA,NA,TWEED,23,NA,NA,NA,156.36,NA,FALSE,FALSE,NA,parsed_table,FALSE,12442,363,219,56.81278538812786,750,79.5727807623433,0.10609704101645773,NA,NA
20260401-clam-Day2-36C-C-vs-S,/Users/sr320/Documents/GitHub/resazurin-assay-development/data/clam/20260401-clam-Day2-36C-C-vs-S/plate-C-T0.0.txt,plate-C-T0.0.txt,c,0,2026-04-01T08:03:56Z,23.7,"528/20,528/20",A,2,A2,NA,SELECTED,NA,SELECTED,NA,NA,BLUE,24,NA,NA,NA,115.287,NA,FALSE,FALSE,NA,parsed_table,FALSE,433,0,211,2.052132701421801,433,3.75584411078439,0.008674004874790739,NA,NA
20260401-clam-Day2-36C-C-vs-S,/Users/sr320/Documents/GitHub/resazurin-assay-development/data/clam/20260401-clam-Day2-36C-C-vs-S/plate-C-T1.0.txt,plate-C-T1.0.txt,c,1,2026-04-01T09:04:30Z,25,"528/20,528/20",A,2,A2,NA,SELECTED,NA,SELECTED,NA,NA,BLUE,24,NA,NA,NA,115.287,NA,FALSE,FALSE,NA,parsed_table,FALSE,6253,5820,211,29.635071090047393,433,54.238552482066495,0.12526224591701268,NA,NA
20260401-clam-Day2-36C-C-vs-S,/Users/sr320/Documents/GitHub/resazurin-assay-development/data/clam/20260401-clam-Day2-36C-C-vs-S/plate-C-T2.0.txt,plate-C-T2.0.txt,c,2,2026-04-01T10:27:29Z,25.8,"528/20,528/20",A,2,A2,NA,SELECTED,NA,SELECTED,NA,NA,BLUE,24,NA,NA,NA,115.287,NA,FALSE,FALSE,NA,parsed_table,FALSE,6221,-32,216,28.800925925925927,433,53.96098432607319,0.12462121091471869,NA,NA
20260401-clam-Day2-36C-C-vs-S,/Users/sr320/Documents/GitHub/resazurin-assay-development/data/clam/20260401-clam-Day2-36C-C-vs-S/plate-C-T3.0.txt,plate-C-T3.0.txt,c,3,2026-04-01T11:34:40Z,26.3,"528/20,528/20",A,2,A2,NA,SELECTED,NA,SELECTED,NA,NA,BLUE,24,NA,NA,NA,115.287,NA,FALSE,FALSE,NA,parsed_table,FALSE,8278,2057,215,38.50232558139535,433,71.80341235351774,0.16582774215593013,NA,NA
20260401-clam-Day2-36C-C-vs-S,/Users/sr320/Documents/GitHub/resazurin-assay-development/data/clam/20260401-clam-Day2-36C-C-vs-S/plate-C-T4.0.txt,plate-C-T4.0.txt,c,4,2026-04-01T12:39:42Z,26.4,"528/20,528/20",A,2,A2,NA,SELECTED,NA,SELECTED,NA,NA,BLUE,24,NA,NA,NA,115.287,NA,FALSE,FALSE,NA,parsed_table,FALSE,8903,625,219,40.65296803652968,433,77.22466540026196,0.17834795704448486,NA,NA
20260401-clam-Day2-36C-C-vs-S,/Users/sr320/Documents/GitHub/resazurin-assay-development/data/clam/20260401-clam-Day2-36C-C-vs-S/plate-C-T0.0.txt,plate-C-T0.0.txt,c,0,2026-04-01T08:03:56Z,23.7,"528/20,528/20",A,3,A3,NA,CONTROL,NA,CONTROL,NA,NA,TWEED,25,NA,NA,NA,104.816,NA,FALSE,FALSE,NA,parsed_table,FALSE,806,0,211,3.8199052132701423,806,7.689665699893146,0.009540528163639138,NA,NA
20260401-clam-Day2-36C-C-vs-S,/Users/sr320/Documents/GitHub/resazurin-assay-development/data/clam/20260401-clam-Day2-36C-C-vs-S/plate-C-T1.0.txt,plate-C-T1.0.txt,c,1,2026-04-01T09:04:30Z,25,"528/20,528/20",A,3,A3,NA,CONTROL,NA,CONTROL,NA,NA,TWEED,25,NA,NA,NA,104.816,NA,FALSE,FALSE,NA,parsed_table,FALSE,5281,4475,211,25.028436018957347,806,50.38352923217829,0.06251058217391847,NA,NA
20260401-clam-Day2-36C-C-vs-S,/Users/sr320/Documents/GitHub/resazurin-assay-development/data/clam/20260401-clam-Day2-36C-C-vs-S/plate-C-T2.0.txt,plate-C-T2.0.txt,c,2,2026-04-01T10:27:29Z,25.8,"528/20,528/20",A,3,A3,NA,CONTROL,NA,CONTROL,NA,NA,TWEED,25,NA,NA,NA,104.816,NA,FALSE,FALSE,NA,parsed_table,FALSE,9287,4006,216,42.995370370370374,806,88.60288505571668,0.10992913778624899,NA,NA
20260401-clam-Day2-36C-C-vs-S,/Users/sr320/Documents/GitHub/resazurin-assay-development/data/clam/20260401-clam-Day2-36C-C-vs-S/plate-C-T3.0.txt,plate-C-T3.0.txt,c,3,2026-04-01T11:34:40Z,26.3,"528/20,528/20",A,3,A3,NA,CONTROL,NA,CONTROL,NA,NA,TWEED,25,NA,NA,NA,104.816,NA,FALSE,FALSE,NA,parsed_table,FALSE,11084,1797,215,51.55348837209302,806,105.74721416577621,0.13120001757540475,NA,NA
20260401-clam-Day2-36C-C-vs-S,/Users/sr320/Documents/GitHub/resazurin-assay-development/data/clam/20260401-clam-Day2-36C-C-vs-S/plate-C-T4.0.txt,plate-C-T4.0.txt,c,4,2026-04-01T12:39:42Z,26.4,"528/20,528/20",A,3,A3,NA,CONTROL,NA,CONTROL,NA,NA,TWEED,25,NA,NA,NA,104.816,NA,FALSE,FALSE,NA,parsed_table,FALSE,11540,456,219,52.694063926940636,806,110.09769500839566,0.13659763648684325,NA,NA
20260401-clam-Day2-36C-C-vs-S,/Users/sr320/Documents/GitHub/resazurin-assay-development/data/clam/20260401-clam-Day2-36C-C-vs-S/plate-C-T0.0.txt,plate-C-T0.0.txt,c,0,2026-04-01T08:03:56Z,23.7,"528/20,528/20",A,4,A4,NA,CONTROL,NA,CONTROL,NA,NA,BLUE,26,NA,NA,NA,102.947,NA,FALSE,FALSE,NA,parsed_table,FALSE,938,0,211,4.4454976303317535,938,9.111484550302583,0.009713736194352434,NA,NA
20260401-clam-Day2-36C-C-vs-S,/Users/sr320/Documents/GitHub/resazurin-assay-development/data/clam/20260401-clam-Day2-36C-C-vs-S/plate-C-T1.0.txt,plate-C-T1.0.txt,c,1,2026-04-01T09:04:30Z,25,"528/20,528/20",A,4,A4,NA,CONTROL,NA,CONTROL,NA,NA,BLUE,26,NA,NA,NA,102.947,NA,FALSE,FALSE,NA,parsed_table,FALSE,6026,5088,211,28.55924170616114,938,58.534974307167765,0.062404023781628744,NA,NA
20260401-clam-Day2-36C-C-vs-S,/Users/sr320/Documents/GitHub/resazurin-assay-development/data/clam/20260401-clam-Day2-36C-C-vs-S/plate-C-T2.0.txt,plate-C-T2.0.txt,c,2,2026-04-01T10:27:29Z,25.8,"528/20,528/20",A,4,A4,NA,CONTROL,NA,CONTROL,NA,NA,BLUE,26,NA,NA,NA,102.947,NA,FALSE,FALSE,NA,parsed_table,FALSE,8124,2098,216,37.611111111111114,938,78.91439284291917,0.08413048277496712,NA,NA
20260401-clam-Day2-36C-C-vs-S,/Users/sr320/Documents/GitHub/resazurin-assay-development/data/clam/20260401-clam-Day2-36C-C-vs-S/plate-C-T3.0.txt,plate-C-T3.0.txt,c,3,2026-04-01T11:34:40Z,26.3,"528/20,528/20",A,4,A4,NA,CONTROL,NA,CONTROL,NA,NA,BLUE,26,NA,NA,NA,102.947,NA,FALSE,FALSE,NA,parsed_table,FALSE,8071,-53,215,37.53953488372093,938,78.3995648246185,0.08358162561259967,NA,NA
20260401-clam-Day2-36C-C-vs-S,/Users/sr320/Documents/GitHub/resazurin-assay-development/data/clam/20260401-clam-Day2-36C-C-vs-S/plate-C-T4.0.txt,plate-C-T4.0.txt,c,4,2026-04-01T12:39:42Z,26.4,"528/20,528/20",A,4,A4,NA,CONTROL,NA,CONTROL,NA,NA,BLUE,26,NA,NA,NA,102.947,NA,FALSE,FALSE,NA,parsed_table,FALSE,7877,-194,219,35.96803652968037,938,76.51510000291412,0.08157260128242443,NA,NA
20260401-clam-Day2-36C-C-vs-S,/Users/sr320/Documents/GitHub/resazurin-assay-development/data/clam/20260401-clam-Day2-36C-C-vs-S/plate-C-T0.0.txt,plate-C-T0.0.txt,c,0,2026-04-01T08:03:56Z,23.7,"528/20,528/20",B,1,B1,NA,SELECTED,NA,SELECTED,NA,NA,TWEED,27,NA,NA,NA,125.671,NA,FALSE,FALSE,NA,parsed_table,FALSE,1006,0,211,4.767772511848341,1006,8.005029004304891,0.007957285292549594,NA,NA
20260401-clam-Day2-36C-C-vs-S,/Users/sr320/Documents/GitHub/resazurin-assay-development/data/clam/20260401-clam-Day2-36C-C-vs-S/plate-C-T1.0.txt,plate-C-T1.0.txt,c,1,2026-04-01T09:04:30Z,25,"528/20,528/20",B,1,B1,NA,SELECTED,NA,SELECTED,NA,NA,TWEED,27,NA,NA,NA,125.671,NA,FALSE,FALSE,NA,parsed_table,FALSE,5645,4639,211,26.753554502369667,1006,44.91887547644245,0.0446509696584915,NA,NA
20260401-clam-Day2-36C-C-vs-S,/Users/sr320/Documents/GitHub/resazurin-assay-development/data/clam/20260401-clam-Day2-36C-C-vs-S/plate-C-T2.0.txt,plate-C-T2.0.txt,c,2,2026-04-01T10:27:29Z,25.8,"528/20,528/20",B,1,B1,NA,SELECTED,NA,SELECTED,NA,NA,TWEED,27,NA,NA,NA,125.671,NA,FALSE,FALSE,NA,parsed_table,FALSE,7045,1400,216,32.61574074074074,1006,56.059074886011885,0.05572472652685078,NA,NA
20260401-clam-Day2-36C-C-vs-S,/Users/sr320/Documents/GitHub/resazurin-assay-development/data/clam/20260401-clam-Day2-36C-C-vs-S/plate-C-T3.0.txt,plate-C-T3.0.txt,c,3,2026-04-01T11:34:40Z,26.3,"528/20,528/20",B,1,B1,NA,SELECTED,NA,SELECTED,NA,NA,TWEED,27,NA,NA,NA,125.671,NA,FALSE,FALSE,NA,parsed_table,FALSE,8085,1040,215,37.604651162790695,1006,64.33465159026346,0.06395094591477482,NA,NA
20260401-clam-Day2-36C-C-vs-S,/Users/sr320/Documents/GitHub/resazurin-assay-development/data/clam/20260401-clam-Day2-36C-C-vs-S/plate-C-T4.0.txt,plate-C-T4.0.txt,c,4,2026-04-01T12:39:42Z,26.4,"528/20,528/20",B,1,B1,NA,SELECTED,NA,SELECTED,NA,NA,TWEED,27,NA,NA,NA,125.671,NA,FALSE,FALSE,NA,parsed_table,FALSE,8767,682,219,40.03196347031963,1006,69.76152015978228,0.06934544747493268,NA,NA
20260401-clam-Day2-36C-C-vs-S,/Users/sr320/Documents/GitHub/resazurin-assay-development/data/clam/20260401-clam-Day2-36C-C-vs-S/plate-C-T0.0.txt,plate-C-T0.0.txt,c,0,2026-04-01T08:03:56Z,23.7,"528/20,528/20",B,2,B2,NA,SELECTED,NA,SELECTED,NA,NA,BLUE,28,NA,NA,NA,108.349,NA,FALSE,FALSE,NA,parsed_table,FALSE,619,0,211,2.933649289099526,619,5.71301996326685,0.009229434512547416,NA,NA
20260401-clam-Day2-36C-C-vs-S,/Users/sr320/Documents/GitHub/resazurin-assay-development/data/clam/20260401-clam-Day2-36C-C-vs-S/plate-C-T1.0.txt,plate-C-T1.0.txt,c,1,2026-04-01T09:04:30Z,25,"528/20,528/20",B,2,B2,NA,SELECTED,NA,SELECTED,NA,NA,BLUE,28,NA,NA,NA,108.349,NA,FALSE,FALSE,NA,parsed_table,FALSE,4063,3444,211,19.255924170616115,619,37.49919242448015,0.06058027855327972,NA,NA
20260401-clam-Day2-36C-C-vs-S,/Users/sr320/Documents/GitHub/resazurin-assay-development/data/clam/20260401-clam-Day2-36C-C-vs-S/plate-C-T2.0.txt,plate-C-T2.0.txt,c,2,2026-04-01T10:27:29Z,25.8,"528/20,528/20",B,2,B2,NA,SELECTED,NA,SELECTED,NA,NA,BLUE,28,NA,NA,NA,108.349,NA,FALSE,FALSE,NA,parsed_table,FALSE,8378,4315,216,38.78703703703704,619,77.32420234612225,0.12491793593880815,NA,NA
20260401-clam-Day2-36C-C-vs-S,/Users/sr320/Documents/GitHub/resazurin-assay-development/data/clam/20260401-clam-Day2-36C-C-vs-S/plate-C-T3.0.txt,plate-C-T3.0.txt,c,3,2026-04-01T11:34:40Z,26.3,"528/20,528/20",B,2,B2,NA,SELECTED,NA,SELECTED,NA,NA,BLUE,28,NA,NA,NA,108.349,NA,FALSE,FALSE,NA,parsed_table,FALSE,9348,970,215,43.479069767441864,619,86.27675382329325,0.13938086239627342,NA,NA
20260401-clam-Day2-36C-C-vs-S,/Users/sr320/Documents/GitHub/resazurin-assay-development/data/clam/20260401-clam-Day2-36C-C-vs-S/plate-C-T4.0.txt,plate-C-T4.0.txt,c,4,2026-04-01T12:39:42Z,26.4,"528/20,528/20",B,2,B2,NA,SELECTED,NA,SELECTED,NA,NA,BLUE,28,NA,NA,NA,108.349,NA,FALSE,FALSE,NA,parsed_table,FALSE,10165,817,219,46.41552511415525,619,93.81720182004449,0.1515625231341591,NA,NA
20260401-clam-Day2-36C-C-vs-S,/Users/sr320/Documents/GitHub/resazurin-assay-development/data/clam/20260401-clam-Day2-36C-C-vs-S/plate-C-T0.0.txt,plate-C-T0.0.txt,c,0,2026-04-01T08:03:56Z,23.7,"528/20,528/20",B,3,B3,NA,CONTROL,NA,CONTROL,NA,NA,TWEED,29,NA,NA,NA,98.518,NA,FALSE,FALSE,NA,parsed_table,FALSE,616,0,211,2.919431279620853,616,6.25266448770783,0.010150429363162062,NA,NA
20260401-clam-Day2-36C-C-vs-S,/Users/sr320/Documents/GitHub/resazurin-assay-development/data/clam/20260401-clam-Day2-36C-C-vs-S/plate-C-T1.0.txt,plate-C-T1.0.txt,c,1,2026-04-01T09:04:30Z,25,"528/20,528/20",B,3,B3,NA,CONTROL,NA,CONTROL,NA,NA,TWEED,29,NA,NA,NA,98.518,NA,FALSE,FALSE,NA,parsed_table,FALSE,2043,1427,211,9.682464454976303,616,20.737327188940093,0.03366449218983781,NA,NA
20260401-clam-Day2-36C-C-vs-S,/Users/sr320/Documents/GitHub/resazurin-assay-development/data/clam/20260401-clam-Day2-36C-C-vs-S/plate-C-T2.0.txt,plate-C-T2.0.txt,c,2,2026-04-01T10:27:29Z,25.8,"528/20,528/20",B,3,B3,NA,CONTROL,NA,CONTROL,NA,NA,TWEED,29,NA,NA,NA,98.518,NA,FALSE,FALSE,NA,parsed_table,FALSE,4591,2548,216,21.25462962962963,616,46.600621206277026,0.07565035910109906,NA,NA
20260401-clam-Day2-36C-C-vs-S,/Users/sr320/Documents/GitHub/resazurin-assay-development/data/clam/20260401-clam-Day2-36C-C-vs-S/plate-C-T3.0.txt,plate-C-T3.0.txt,c,3,2026-04-01T11:34:40Z,26.3,"528/20,528/20",B,3,B3,NA,CONTROL,NA,CONTROL,NA,NA,TWEED,29,NA,NA,NA,98.518,NA,FALSE,FALSE,NA,parsed_table,FALSE,7036,2445,215,32.72558139534884,616,71.41842099920827,0.11593899512858484,NA,NA
20260401-clam-Day2-36C-C-vs-S,/Users/sr320/Documents/GitHub/resazurin-assay-development/data/clam/20260401-clam-Day2-36C-C-vs-S/plate-C-T4.0.txt,plate-C-T4.0.txt,c,4,2026-04-01T12:39:42Z,26.4,"528/20,528/20",B,3,B3,NA,CONTROL,NA,CONTROL,NA,NA,TWEED,29,NA,NA,NA,98.518,NA,FALSE,FALSE,NA,parsed_table,FALSE,8712,1676,219,39.78082191780822,616,88.43054061186788,0.14355607242186344,NA,NA
20260401-clam-Day2-36C-C-vs-S,/Users/sr320/Documents/GitHub/resazurin-assay-development/data/clam/20260401-clam-Day2-36C-C-vs-S/plate-C-T0.0.txt,plate-C-T0.0.txt,c,0,2026-04-01T08:03:56Z,23.7,"528/20,528/20",B,4,B4,NA,CONTROL,NA,CONTROL,NA,NA,BLUE,30,NA,NA,NA,61.51,NA,FALSE,FALSE,NA,parsed_table,FALSE,493,0,211,2.3364928909952605,493,8.014956917574379,0.016257519102584946,NA,NA
20260401-clam-Day2-36C-C-vs-S,/Users/sr320/Documents/GitHub/resazurin-assay-development/data/clam/20260401-clam-Day2-36C-C-vs-S/plate-C-T1.0.txt,plate-C-T1.0.txt,c,1,2026-04-01T09:04:30Z,25,"528/20,528/20",B,4,B4,NA,CONTROL,NA,CONTROL,NA,NA,BLUE,30,NA,NA,NA,61.51,NA,FALSE,FALSE,NA,parsed_table,FALSE,2204,1711,211,10.445497630331754,493,35.83157210209722,0.07268067363508564,NA,NA
20260401-clam-Day2-36C-C-vs-S,/Users/sr320/Documents/GitHub/resazurin-assay-development/data/clam/20260401-clam-Day2-36C-C-vs-S/plate-C-T2.0.txt,plate-C-T2.0.txt,c,2,2026-04-01T10:27:29Z,25.8,"528/20,528/20",B,4,B4,NA,CONTROL,NA,CONTROL,NA,NA,BLUE,30,NA,NA,NA,61.51,NA,FALSE,FALSE,NA,parsed_table,FALSE,6280,4076,216,29.074074074074073,493,102.09721996423346,0.2070937524629482,NA,NA
20260401-clam-Day2-36C-C-vs-S,/Users/sr320/Documents/GitHub/resazurin-assay-development/data/clam/20260401-clam-Day2-36C-C-vs-S/plate-C-T3.0.txt,plate-C-T3.0.txt,c,3,2026-04-01T11:34:40Z,26.3,"528/20,528/20",B,4,B4,NA,CONTROL,NA,CONTROL,NA,NA,BLUE,30,NA,NA,NA,61.51,NA,FALSE,FALSE,NA,parsed_table,FALSE,8190,1910,215,38.093023255813954,493,133.1490814501707,0.270079272718399,NA,NA
20260401-clam-Day2-36C-C-vs-S,/Users/sr320/Documents/GitHub/resazurin-assay-development/data/clam/20260401-clam-Day2-36C-C-vs-S/plate-C-T4.0.txt,plate-C-T4.0.txt,c,4,2026-04-01T12:39:42Z,26.4,"528/20,528/20",B,4,B4,NA,CONTROL,NA,CONTROL,NA,NA,BLUE,30,NA,NA,NA,61.51,NA,FALSE,FALSE,NA,parsed_table,FALSE,8519,329,219,38.89954337899543,493,138.49780523492115,0.2809286110241809,NA,NA
20260401-clam-Day2-36C-C-vs-S,/Users/sr320/Documents/GitHub/resazurin-assay-development/data/clam/20260401-clam-Day2-36C-C-vs-S/plate-C-T0.0.txt,plate-C-T0.0.txt,c,0,2026-04-01T08:03:56Z,23.7,"528/20,528/20",C,1,C1,NA,NA,NA,NA,NA,NA,NA,NA,NA,NA,NA,NA,NA,TRUE,FALSE,NA,parsed_table,FALSE,211,0,211,1,NA,NA,NA,NA,NA
20260401-clam-Day2-36C-C-vs-S,/Users/sr320/Documents/GitHub/resazurin-assay-development/data/clam/20260401-clam-Day2-36C-C-vs-S/plate-C-T1.0.txt,plate-C-T1.0.txt,c,1,2026-04-01T09:04:30Z,25,"528/20,528/20",C,1,C1,NA,NA,NA,NA,NA,NA,NA,NA,NA,NA,NA,NA,NA,TRUE,FALSE,NA,parsed_table,FALSE,211,0,211,1,NA,NA,NA,NA,NA
20260401-clam-Day2-36C-C-vs-S,/Users/sr320/Documents/GitHub/resazurin-assay-development/data/clam/20260401-clam-Day2-36C-C-vs-S/plate-C-T2.0.txt,plate-C-T2.0.txt,c,2,2026-04-01T10:27:29Z,25.8,"528/20,528/20",C,1,C1,NA,NA,NA,NA,NA,NA,NA,NA,NA,NA,NA,NA,NA,TRUE,FALSE,NA,parsed_table,FALSE,216,5,216,1,NA,NA,NA,NA,NA
20260401-clam-Day2-36C-C-vs-S,/Users/sr320/Documents/GitHub/resazurin-assay-development/data/clam/20260401-clam-Day2-36C-C-vs-S/plate-C-T3.0.txt,plate-C-T3.0.txt,c,3,2026-04-01T11:34:40Z,26.3,"528/20,528/20",C,1,C1,NA,NA,NA,NA,NA,NA,NA,NA,NA,NA,NA,NA,NA,TRUE,FALSE,NA,parsed_table,FALSE,215,-1,215,1,NA,NA,NA,NA,NA
20260401-clam-Day2-36C-C-vs-S,/Users/sr320/Documents/GitHub/resazurin-assay-development/data/clam/20260401-clam-Day2-36C-C-vs-S/plate-C-T4.0.txt,plate-C-T4.0.txt,c,4,2026-04-01T12:39:42Z,26.4,"528/20,528/20",C,1,C1,NA,NA,NA,NA,NA,NA,NA,NA,NA,NA,NA,NA,NA,TRUE,FALSE,NA,parsed_table,FALSE,219,4,219,1,NA,NA,NA,NA,NA
20260401-clam-Day2-36C-C-vs-S,/Users/sr320/Documents/GitHub/resazurin-assay-development/data/clam/20260401-clam-Day2-36C-C-vs-S/plate-C-T0.0.txt,plate-C-T0.0.txt,c,0,2026-04-01T08:03:56Z,23.7,"528/20,528/20",C,2,C2,NA,SELECTED,NA,SELECTED,NA,NA,BLUE,31,NA,NA,NA,89.075,NA,FALSE,FALSE,NA,parsed_table,FALSE,460,0,211,2.1800947867298577,460,5.164187482458602,0.011226494527083918,NA,NA
20260401-clam-Day2-36C-C-vs-S,/Users/sr320/Documents/GitHub/resazurin-assay-development/data/clam/20260401-clam-Day2-36C-C-vs-S/plate-C-T1.0.txt,plate-C-T1.0.txt,c,1,2026-04-01T09:04:30Z,25,"528/20,528/20",C,2,C2,NA,SELECTED,NA,SELECTED,NA,NA,BLUE,31,NA,NA,NA,89.075,NA,FALSE,FALSE,NA,parsed_table,FALSE,2651,2191,211,12.563981042654028,460,29.761436991299465,0.06469877606804232,NA,NA
20260401-clam-Day2-36C-C-vs-S,/Users/sr320/Documents/GitHub/resazurin-assay-development/data/clam/20260401-clam-Day2-36C-C-vs-S/plate-C-T2.0.txt,plate-C-T2.0.txt,c,2,2026-04-01T10:27:29Z,25.8,"528/20,528/20",C,2,C2,NA,SELECTED,NA,SELECTED,NA,NA,BLUE,31,NA,NA,NA,89.075,NA,FALSE,FALSE,NA,parsed_table,FALSE,5870,3219,216,27.175925925925927,460,65.89952287398259,0.14325983233474476,NA,NA
20260401-clam-Day2-36C-C-vs-S,/Users/sr320/Documents/GitHub/resazurin-assay-development/data/clam/20260401-clam-Day2-36C-C-vs-S/plate-C-T3.0.txt,plate-C-T3.0.txt,c,3,2026-04-01T11:34:40Z,26.3,"528/20,528/20",C,2,C2,NA,SELECTED,NA,SELECTED,NA,NA,BLUE,31,NA,NA,NA,89.075,NA,FALSE,FALSE,NA,parsed_table,FALSE,7852,1982,215,36.520930232558136,460,88.15043502666292,0.19163138049274547,NA,NA
20260401-clam-Day2-36C-C-vs-S,/Users/sr320/Documents/GitHub/resazurin-assay-development/data/clam/20260401-clam-Day2-36C-C-vs-S/plate-C-T4.0.txt,plate-C-T4.0.txt,c,4,2026-04-01T12:39:42Z,26.4,"528/20,528/20",C,2,C2,NA,SELECTED,NA,SELECTED,NA,NA,BLUE,31,NA,NA,NA,89.075,NA,FALSE,FALSE,NA,parsed_table,FALSE,10134,2282,219,46.273972602739725,460,113.76929553746842,0.24732455551623567,NA,NA
20260401-clam-Day2-36C-C-vs-S,/Users/sr320/Documents/GitHub/resazurin-assay-development/data/clam/20260401-clam-Day2-36C-C-vs-S/plate-C-T0.0.txt,plate-C-T0.0.txt,c,0,2026-04-01T08:03:56Z,23.7,"528/20,528/20",C,3,C3,NA,CONTROL,NA,CONTROL,NA,NA,TWEED,32,NA,NA,NA,90.414,NA,FALSE,FALSE,NA,parsed_table,FALSE,396,0,211,1.8767772511848342,396,4.37985267768266,0.01106023403455217,NA,NA
20260401-clam-Day2-36C-C-vs-S,/Users/sr320/Documents/GitHub/resazurin-assay-development/data/clam/20260401-clam-Day2-36C-C-vs-S/plate-C-T1.0.txt,plate-C-T1.0.txt,c,1,2026-04-01T09:04:30Z,25,"528/20,528/20",C,3,C3,NA,CONTROL,NA,CONTROL,NA,NA,TWEED,32,NA,NA,NA,90.414,NA,FALSE,FALSE,NA,parsed_table,FALSE,2082,1686,211,9.867298578199053,396,23.02740725993762,0.05815001833317581,NA,NA
20260401-clam-Day2-36C-C-vs-S,/Users/sr320/Documents/GitHub/resazurin-assay-development/data/clam/20260401-clam-Day2-36C-C-vs-S/plate-C-T2.0.txt,plate-C-T2.0.txt,c,2,2026-04-01T10:27:29Z,25.8,"528/20,528/20",C,3,C3,NA,CONTROL,NA,CONTROL,NA,NA,TWEED,32,NA,NA,NA,90.414,NA,FALSE,FALSE,NA,parsed_table,FALSE,4795,2713,216,22.199074074074073,396,53.03382219567766,0.13392379342342842,NA,NA
20260401-clam-Day2-36C-C-vs-S,/Users/sr320/Documents/GitHub/resazurin-assay-development/data/clam/20260401-clam-Day2-36C-C-vs-S/plate-C-T3.0.txt,plate-C-T3.0.txt,c,3,2026-04-01T11:34:40Z,26.3,"528/20,528/20",C,3,C3,NA,CONTROL,NA,CONTROL,NA,NA,TWEED,32,NA,NA,NA,90.414,NA,FALSE,FALSE,NA,parsed_table,FALSE,7511,2716,215,34.93488372093023,396,83.07341783352136,0.20978135816545795,NA,NA
20260401-clam-Day2-36C-C-vs-S,/Users/sr320/Documents/GitHub/resazurin-assay-development/data/clam/20260401-clam-Day2-36C-C-vs-S/plate-C-T4.0.txt,plate-C-T4.0.txt,c,4,2026-04-01T12:39:42Z,26.4,"528/20,528/20",C,3,C3,NA,CONTROL,NA,CONTROL,NA,NA,TWEED,32,NA,NA,NA,90.414,NA,FALSE,FALSE,NA,parsed_table,FALSE,9227,1716,219,42.1324200913242,396,102.05277943681288,0.2577090389818507,NA,NA
20260401-clam-Day2-36C-C-vs-S,/Users/sr320/Documents/GitHub/resazurin-assay-development/data/clam/20260401-clam-Day2-36C-C-vs-S/plate-C-T0.0.txt,plate-C-T0.0.txt,c,0,2026-04-01T08:03:56Z,23.7,"528/20,528/20",C,4,C4,NA,CONTROL,NA,CONTROL,NA,NA,BLUE,33,NA,NA,NA,156.088,NA,FALSE,FALSE,NA,parsed_table,FALSE,1213,0,211,5.748815165876778,1213,7.77125723950592,0.00640664240684742,NA,NA
20260401-clam-Day2-36C-C-vs-S,/Users/sr320/Documents/GitHub/resazurin-assay-development/data/clam/20260401-clam-Day2-36C-C-vs-S/plate-C-T1.0.txt,plate-C-T1.0.txt,c,1,2026-04-01T09:04:30Z,25,"528/20,528/20",C,4,C4,NA,CONTROL,NA,CONTROL,NA,NA,BLUE,33,NA,NA,NA,156.088,NA,FALSE,FALSE,NA,parsed_table,FALSE,6440,5227,211,30.52132701421801,1213,41.25877710009738,0.0340138310800473,NA,NA
20260401-clam-Day2-36C-C-vs-S,/Users/sr320/Documents/GitHub/resazurin-assay-development/data/clam/20260401-clam-Day2-36C-C-vs-S/plate-C-T2.0.txt,plate-C-T2.0.txt,c,2,2026-04-01T10:27:29Z,25.8,"528/20,528/20",C,4,C4,NA,CONTROL,NA,CONTROL,NA,NA,BLUE,33,NA,NA,NA,156.088,NA,FALSE,FALSE,NA,parsed_table,FALSE,10443,4003,216,48.34722222222222,1213,66.90456665470761,0.05515627918772268,NA,NA
20260401-clam-Day2-36C-C-vs-S,/Users/sr320/Documents/GitHub/resazurin-assay-development/data/clam/20260401-clam-Day2-36C-C-vs-S/plate-C-T3.0.txt,plate-C-T3.0.txt,c,3,2026-04-01T11:34:40Z,26.3,"528/20,528/20",C,4,C4,NA,CONTROL,NA,CONTROL,NA,NA,BLUE,33,NA,NA,NA,156.088,NA,FALSE,FALSE,NA,parsed_table,FALSE,10760,317,215,50.04651162790697,1213,68.93547229767823,0.05683056248778091,NA,NA
20260401-clam-Day2-36C-C-vs-S,/Users/sr320/Documents/GitHub/resazurin-assay-development/data/clam/20260401-clam-Day2-36C-C-vs-S/plate-C-T4.0.txt,plate-C-T4.0.txt,c,4,2026-04-01T12:39:42Z,26.4,"528/20,528/20",C,4,C4,NA,CONTROL,NA,CONTROL,NA,NA,BLUE,33,NA,NA,NA,156.088,NA,FALSE,FALSE,NA,parsed_table,FALSE,8592,-2168,219,39.23287671232877,1213,55.04587155963303,0.04537994357760349,NA,NA
20260401-clam-Day2-36C-C-vs-S,/Users/sr320/Documents/GitHub/resazurin-assay-development/data/clam/20260401-clam-Day2-36C-C-vs-S/plate-D-T0.0.txt,plate-D-T0.0.txt,d,0,2026-04-01T08:12:59Z,24,"528/20,528/20",A,1,A1,NA,SELECTED,NA,SELECTED,NA,NA,TWEED,34,NA,NA,NA,150.81,NA,FALSE,FALSE,NA,parsed_table,FALSE,1114,0,220,5.0636363636363635,1114,7.386778065115045,0.006630860022544924,NA,NA
20260401-clam-Day2-36C-C-vs-S,/Users/sr320/Documents/GitHub/resazurin-assay-development/data/clam/20260401-clam-Day2-36C-C-vs-S/plate-D-T1.0.txt,plate-D-T1.0.txt,d,1,2026-04-01T09:05:35Z,25.1,"528/20,528/20",A,1,A1,NA,SELECTED,NA,SELECTED,NA,NA,TWEED,34,NA,NA,NA,150.81,NA,FALSE,FALSE,NA,parsed_table,FALSE,4646,3532,219,21.21461187214612,1114,30.806975664743717,0.02765437671880046,NA,NA
20260401-clam-Day2-36C-C-vs-S,/Users/sr320/Documents/GitHub/resazurin-assay-development/data/clam/20260401-clam-Day2-36C-C-vs-S/plate-D-T2.0.txt,plate-D-T2.0.txt,d,2,2026-04-01T10:29:48Z,25.8,"528/20,528/20",A,1,A1,NA,SELECTED,NA,SELECTED,NA,NA,TWEED,34,NA,NA,NA,150.81,NA,FALSE,FALSE,NA,parsed_table,FALSE,6930,2284,225,30.8,1114,45.951859956236326,0.04124942545443117,NA,NA
20260401-clam-Day2-36C-C-vs-S,/Users/sr320/Documents/GitHub/resazurin-assay-development/data/clam/20260401-clam-Day2-36C-C-vs-S/plate-D-T3.0.txt,plate-D-T3.0.txt,d,3,2026-04-01T11:36:40Z,26.3,"528/20,528/20",A,1,A1,NA,SELECTED,NA,SELECTED,NA,NA,TWEED,34,NA,NA,NA,150.81,NA,FALSE,FALSE,NA,parsed_table,FALSE,7006,76,230,30.46086956521739,1114,46.45580531794974,0.041701800105879476,NA,NA
20260401-clam-Day2-36C-C-vs-S,/Users/sr320/Documents/GitHub/resazurin-assay-development/data/clam/20260401-clam-Day2-36C-C-vs-S/plate-D-T4.0.txt,plate-D-T4.0.txt,d,4,2026-04-01T12:43:11Z,26.5,"528/20,528/20",A,1,A1,NA,SELECTED,NA,SELECTED,NA,NA,TWEED,34,NA,NA,NA,150.81,NA,FALSE,FALSE,NA,parsed_table,FALSE,6135,-871,233,26.330472103004293,1114,40.68032623831311,0.03651734850836006,NA,NA
20260401-clam-Day2-36C-C-vs-S,/Users/sr320/Documents/GitHub/resazurin-assay-development/data/clam/20260401-clam-Day2-36C-C-vs-S/plate-D-T0.0.txt,plate-D-T0.0.txt,d,0,2026-04-01T08:12:59Z,24,"528/20,528/20",A,2,A2,NA,SELECTED,NA,SELECTED,NA,NA,BLUE,35,NA,NA,NA,134.178,NA,FALSE,FALSE,NA,parsed_table,FALSE,1147,0,220,5.213636363636364,1147,8.548346226654147,0.0074527865969085845,NA,NA
20260401-clam-Day2-36C-C-vs-S,/Users/sr320/Documents/GitHub/resazurin-assay-development/data/clam/20260401-clam-Day2-36C-C-vs-S/plate-D-T1.0.txt,plate-D-T1.0.txt,d,1,2026-04-01T09:05:35Z,25.1,"528/20,528/20",A,2,A2,NA,SELECTED,NA,SELECTED,NA,NA,BLUE,35,NA,NA,NA,134.178,NA,FALSE,FALSE,NA,parsed_table,FALSE,5053,3906,219,23.073059360730593,1147,37.658930674179075,0.03283254635935403,NA,NA
20260401-clam-Day2-36C-C-vs-S,/Users/sr320/Documents/GitHub/resazurin-assay-development/data/clam/20260401-clam-Day2-36C-C-vs-S/plate-D-T2.0.txt,plate-D-T2.0.txt,d,2,2026-04-01T10:29:48Z,25.8,"528/20,528/20",A,2,A2,NA,SELECTED,NA,SELECTED,NA,NA,BLUE,35,NA,NA,NA,134.178,NA,FALSE,FALSE,NA,parsed_table,FALSE,9066,4013,225,40.29333333333334,1147,67.56696328757323,0.058907552997012405,NA,NA
20260401-clam-Day2-36C-C-vs-S,/Users/sr320/Documents/GitHub/resazurin-assay-development/data/clam/20260401-clam-Day2-36C-C-vs-S/plate-D-T3.0.txt,plate-D-T3.0.txt,d,3,2026-04-01T11:36:40Z,26.3,"528/20,528/20",A,2,A2,NA,SELECTED,NA,SELECTED,NA,NA,BLUE,35,NA,NA,NA,134.178,NA,FALSE,FALSE,NA,parsed_table,FALSE,9834,768,230,42.756521739130434,1147,73.29070339399902,0.06389773617611073,NA,NA
20260401-clam-Day2-36C-C-vs-S,/Users/sr320/Documents/GitHub/resazurin-assay-development/data/clam/20260401-clam-Day2-36C-C-vs-S/plate-D-T4.0.txt,plate-D-T4.0.txt,d,4,2026-04-01T12:43:11Z,26.5,"528/20,528/20",A,2,A2,NA,SELECTED,NA,SELECTED,NA,NA,BLUE,35,NA,NA,NA,134.178,NA,FALSE,FALSE,NA,parsed_table,FALSE,10803,969,233,46.36480686695279,1147,80.51245360640344,0.07019394385911372,NA,NA
20260401-clam-Day2-36C-C-vs-S,/Users/sr320/Documents/GitHub/resazurin-assay-development/data/clam/20260401-clam-Day2-36C-C-vs-S/plate-D-T0.0.txt,plate-D-T0.0.txt,d,0,2026-04-01T08:12:59Z,24,"528/20,528/20",A,3,A3,NA,CONTROL,NA,CONTROL,NA,NA,TWEED,36,NA,NA,NA,70.79,NA,FALSE,FALSE,NA,parsed_table,FALSE,394,0,220,1.790909090909091,394,5.56575787540613,0.014126289023873428,NA,NA
20260401-clam-Day2-36C-C-vs-S,/Users/sr320/Documents/GitHub/resazurin-assay-development/data/clam/20260401-clam-Day2-36C-C-vs-S/plate-D-T1.0.txt,plate-D-T1.0.txt,d,1,2026-04-01T09:05:35Z,25.1,"528/20,528/20",A,3,A3,NA,CONTROL,NA,CONTROL,NA,NA,TWEED,36,NA,NA,NA,70.79,NA,FALSE,FALSE,NA,parsed_table,FALSE,1784,1390,219,8.146118721461187,394,25.201299618590195,0.06396268938728475,NA,NA
20260401-clam-Day2-36C-C-vs-S,/Users/sr320/Documents/GitHub/resazurin-assay-development/data/clam/20260401-clam-Day2-36C-C-vs-S/plate-D-T2.0.txt,plate-D-T2.0.txt,d,2,2026-04-01T10:29:48Z,25.8,"528/20,528/20",A,3,A3,NA,CONTROL,NA,CONTROL,NA,NA,TWEED,36,NA,NA,NA,70.79,NA,FALSE,FALSE,NA,parsed_table,FALSE,4471,2687,225,19.871111111111112,394,63.158638225738095,0.16030111224806623,NA,NA
20260401-clam-Day2-36C-C-vs-S,/Users/sr320/Documents/GitHub/resazurin-assay-development/data/clam/20260401-clam-Day2-36C-C-vs-S/plate-D-T3.0.txt,plate-D-T3.0.txt,d,3,2026-04-01T11:36:40Z,26.3,"528/20,528/20",A,3,A3,NA,CONTROL,NA,CONTROL,NA,NA,TWEED,36,NA,NA,NA,70.79,NA,FALSE,FALSE,NA,parsed_table,FALSE,6523,2052,230,28.360869565217392,394,92.14578330272637,0.23387254645362024,NA,NA
20260401-clam-Day2-36C-C-vs-S,/Users/sr320/Documents/GitHub/resazurin-assay-development/data/clam/20260401-clam-Day2-36C-C-vs-S/plate-D-T4.0.txt,plate-D-T4.0.txt,d,4,2026-04-01T12:43:11Z,26.5,"528/20,528/20",A,3,A3,NA,CONTROL,NA,CONTROL,NA,NA,TWEED,36,NA,NA,NA,70.79,NA,FALSE,FALSE,NA,parsed_table,FALSE,8239,1716,233,35.36051502145923,394,116.38649526769316,0.2953971961108964,NA,NA
20260401-clam-Day2-36C-C-vs-S,/Users/sr320/Documents/GitHub/resazurin-assay-development/data/clam/20260401-clam-Day2-36C-C-vs-S/plate-D-T0.0.txt,plate-D-T0.0.txt,d,0,2026-04-01T08:12:59Z,24,"528/20,528/20",A,4,A4,NA,CONTROL,NA,CONTROL,NA,NA,BLUE,37,NA,NA,NA,77.234,NA,FALSE,FALSE,NA,parsed_table,FALSE,586,0,220,2.6636363636363636,586,7.587332004039673,0.012947665535903877,NA,NA
20260401-clam-Day2-36C-C-vs-S,/Users/sr320/Documents/GitHub/resazurin-assay-development/data/clam/20260401-clam-Day2-36C-C-vs-S/plate-D-T1.0.txt,plate-D-T1.0.txt,d,1,2026-04-01T09:05:35Z,25.1,"528/20,528/20",A,4,A4,NA,CONTROL,NA,CONTROL,NA,NA,BLUE,37,NA,NA,NA,77.234,NA,FALSE,FALSE,NA,parsed_table,FALSE,3053,2467,219,13.940639269406393,586,39.529222881114535,0.06745601174251628,NA,NA
20260401-clam-Day2-36C-C-vs-S,/Users/sr320/Documents/GitHub/resazurin-assay-development/data/clam/20260401-clam-Day2-36C-C-vs-S/plate-D-T2.0.txt,plate-D-T2.0.txt,d,2,2026-04-01T10:29:48Z,25.8,"528/20,528/20",A,4,A4,NA,CONTROL,NA,CONTROL,NA,NA,BLUE,37,NA,NA,NA,77.234,NA,FALSE,FALSE,NA,parsed_table,FALSE,6006,2953,225,26.69333333333333,586,77.76367920863869,0.13270252424682372,NA,NA
20260401-clam-Day2-36C-C-vs-S,/Users/sr320/Documents/GitHub/resazurin-assay-development/data/clam/20260401-clam-Day2-36C-C-vs-S/plate-D-T3.0.txt,plate-D-T3.0.txt,d,3,2026-04-01T11:36:40Z,26.3,"528/20,528/20",A,4,A4,NA,CONTROL,NA,CONTROL,NA,NA,BLUE,37,NA,NA,NA,77.234,NA,FALSE,FALSE,NA,parsed_table,FALSE,8720,2714,230,37.91304347826087,586,112.90364347308181,0.19266833357181196,NA,NA
20260401-clam-Day2-36C-C-vs-S,/Users/sr320/Documents/GitHub/resazurin-assay-development/data/clam/20260401-clam-Day2-36C-C-vs-S/plate-D-T4.0.txt,plate-D-T4.0.txt,d,4,2026-04-01T12:43:11Z,26.5,"528/20,528/20",A,4,A4,NA,CONTROL,NA,CONTROL,NA,NA,BLUE,37,NA,NA,NA,77.234,NA,FALSE,FALSE,NA,parsed_table,FALSE,10157,1437,233,43.592274678111586,586,131.50943884817568,0.22441883762487316,NA,NA
20260401-clam-Day2-36C-C-vs-S,/Users/sr320/Documents/GitHub/resazurin-assay-development/data/clam/20260401-clam-Day2-36C-C-vs-S/plate-D-T0.0.txt,plate-D-T0.0.txt,d,0,2026-04-01T08:12:59Z,24,"528/20,528/20",B,1,B1,NA,SELECTED,NA,SELECTED,NA,NA,TWEED,38,NA,NA,NA,124.904,NA,FALSE,FALSE,NA,parsed_table,FALSE,674,0,220,3.0636363636363635,674,5.3961442387753795,0.008006148722218664,NA,NA
20260401-clam-Day2-36C-C-vs-S,/Users/sr320/Documents/GitHub/resazurin-assay-development/data/clam/20260401-clam-Day2-36C-C-vs-S/plate-D-T1.0.txt,plate-D-T1.0.txt,d,1,2026-04-01T09:05:35Z,25.1,"528/20,528/20",B,1,B1,NA,SELECTED,NA,SELECTED,NA,NA,TWEED,38,NA,NA,NA,124.904,NA,FALSE,FALSE,NA,parsed_table,FALSE,2853,2179,219,13.027397260273972,674,22.84154230448985,0.03388952864167634,NA,NA
20260401-clam-Day2-36C-C-vs-S,/Users/sr320/Documents/GitHub/resazurin-assay-development/data/clam/20260401-clam-Day2-36C-C-vs-S/plate-D-T2.0.txt,plate-D-T2.0.txt,d,2,2026-04-01T10:29:48Z,25.8,"528/20,528/20",B,1,B1,NA,SELECTED,NA,SELECTED,NA,NA,TWEED,38,NA,NA,NA,124.904,NA,FALSE,FALSE,NA,parsed_table,FALSE,5466,2613,225,24.293333333333333,674,43.761608915647216,0.06492820313894246,NA,NA
20260401-clam-Day2-36C-C-vs-S,/Users/sr320/Documents/GitHub/resazurin-assay-development/data/clam/20260401-clam-Day2-36C-C-vs-S/plate-D-T3.0.txt,plate-D-T3.0.txt,d,3,2026-04-01T11:36:40Z,26.3,"528/20,528/20",B,1,B1,NA,SELECTED,NA,SELECTED,NA,NA,TWEED,38,NA,NA,NA,124.904,NA,FALSE,FALSE,NA,parsed_table,FALSE,6885,1419,230,29.934782608695652,674,55.1223339524755,0.08178387826776781,NA,NA
20260401-clam-Day2-36C-C-vs-S,/Users/sr320/Documents/GitHub/resazurin-assay-development/data/clam/20260401-clam-Day2-36C-C-vs-S/plate-D-T4.0.txt,plate-D-T4.0.txt,d,4,2026-04-01T12:43:11Z,26.5,"528/20,528/20",B,1,B1,NA,SELECTED,NA,SELECTED,NA,NA,TWEED,38,NA,NA,NA,124.904,NA,FALSE,FALSE,NA,parsed_table,FALSE,7456,571,233,32,674,59.69384487286236,0.08856653541967709,NA,NA
20260401-clam-Day2-36C-C-vs-S,/Users/sr320/Documents/GitHub/resazurin-assay-development/data/clam/20260401-clam-Day2-36C-C-vs-S/plate-D-T0.0.txt,plate-D-T0.0.txt,d,0,2026-04-01T08:12:59Z,24,"528/20,528/20",B,2,B2,NA,SELECTED,NA,SELECTED,NA,NA,BLUE,39,NA,NA,NA,132.896,NA,FALSE,FALSE,NA,parsed_table,FALSE,1581,0,220,7.1863636363636365,1581,11.89652058752709,0.007524680953527571,NA,NA
20260401-clam-Day2-36C-C-vs-S,/Users/sr320/Documents/GitHub/resazurin-assay-development/data/clam/20260401-clam-Day2-36C-C-vs-S/plate-D-T1.0.txt,plate-D-T1.0.txt,d,1,2026-04-01T09:05:35Z,25.1,"528/20,528/20",B,2,B2,NA,SELECTED,NA,SELECTED,NA,NA,BLUE,39,NA,NA,NA,132.896,NA,FALSE,FALSE,NA,parsed_table,FALSE,3875,2294,219,17.69406392694064,1581,29.158138694919337,0.018442845474332285,NA,NA
20260401-clam-Day2-36C-C-vs-S,/Users/sr320/Documents/GitHub/resazurin-assay-development/data/clam/20260401-clam-Day2-36C-C-vs-S/plate-D-T2.0.txt,plate-D-T2.0.txt,d,2,2026-04-01T10:29:48Z,25.8,"528/20,528/20",B,2,B2,NA,SELECTED,NA,SELECTED,NA,NA,BLUE,39,NA,NA,NA,132.896,NA,FALSE,FALSE,NA,parsed_table,FALSE,4626,751,225,20.56,1581,34.80917409101855,0.022017187913357713,NA,NA
20260401-clam-Day2-36C-C-vs-S,/Users/sr320/Documents/GitHub/resazurin-assay-development/data/clam/20260401-clam-Day2-36C-C-vs-S/plate-D-T3.0.txt,plate-D-T3.0.txt,d,3,2026-04-01T11:36:40Z,26.3,"528/20,528/20",B,2,B2,NA,SELECTED,NA,SELECTED,NA,NA,BLUE,39,NA,NA,NA,132.896,NA,FALSE,FALSE,NA,parsed_table,FALSE,4524,-102,230,19.669565217391305,1581,34.041656633758734,0.021531724626033352,NA,NA
20260401-clam-Day2-36C-C-vs-S,/Users/sr320/Documents/GitHub/resazurin-assay-development/data/clam/20260401-clam-Day2-36C-C-vs-S/plate-D-T4.0.txt,plate-D-T4.0.txt,d,4,2026-04-01T12:43:11Z,26.5,"528/20,528/20",B,2,B2,NA,SELECTED,NA,SELECTED,NA,NA,BLUE,39,NA,NA,NA,132.896,NA,FALSE,FALSE,NA,parsed_table,FALSE,4243,-281,233,18.21030042918455,1581,31.927221285817485,0.020194320863894676,NA,NA
20260401-clam-Day2-36C-C-vs-S,/Users/sr320/Documents/GitHub/resazurin-assay-development/data/clam/20260401-clam-Day2-36C-C-vs-S/plate-D-T0.0.txt,plate-D-T0.0.txt,d,0,2026-04-01T08:12:59Z,24,"528/20,528/20",B,3,B3,NA,CONTROL,NA,CONTROL,NA,NA,TWEED,40,NA,NA,NA,111.708,NA,FALSE,FALSE,NA,parsed_table,FALSE,289,0,220,1.3136363636363637,289,2.5871020875854907,0.008951910337666059,NA,NA
20260401-clam-Day2-36C-C-vs-S,/Users/sr320/Documents/GitHub/resazurin-assay-development/data/clam/20260401-clam-Day2-36C-C-vs-S/plate-D-T1.0.txt,plate-D-T1.0.txt,d,1,2026-04-01T09:05:35Z,25.1,"528/20,528/20",B,3,B3,NA,CONTROL,NA,CONTROL,NA,NA,TWEED,40,NA,NA,NA,111.708,NA,FALSE,FALSE,NA,parsed_table,FALSE,1805,1516,219,8.242009132420092,289,16.158198159487235,0.05591072027504234,NA,NA
20260401-clam-Day2-36C-C-vs-S,/Users/sr320/Documents/GitHub/resazurin-assay-development/data/clam/20260401-clam-Day2-36C-C-vs-S/plate-D-T2.0.txt,plate-D-T2.0.txt,d,2,2026-04-01T10:29:48Z,25.8,"528/20,528/20",B,3,B3,NA,CONTROL,NA,CONTROL,NA,NA,TWEED,40,NA,NA,NA,111.708,NA,FALSE,FALSE,NA,parsed_table,FALSE,3130,1325,225,13.911111111111111,289,28.019479356894763,0.09695321576780194,NA,NA
20260401-clam-Day2-36C-C-vs-S,/Users/sr320/Documents/GitHub/resazurin-assay-development/data/clam/20260401-clam-Day2-36C-C-vs-S/plate-D-T3.0.txt,plate-D-T3.0.txt,d,3,2026-04-01T11:36:40Z,26.3,"528/20,528/20",B,3,B3,NA,CONTROL,NA,CONTROL,NA,NA,TWEED,40,NA,NA,NA,111.708,NA,FALSE,FALSE,NA,parsed_table,FALSE,4358,1228,230,18.94782608695652,289,39.012425251548684,0.1349910908358086,NA,NA
20260401-clam-Day2-36C-C-vs-S,/Users/sr320/Documents/GitHub/resazurin-assay-development/data/clam/20260401-clam-Day2-36C-C-vs-S/plate-D-T4.0.txt,plate-D-T4.0.txt,d,4,2026-04-01T12:43:11Z,26.5,"528/20,528/20",B,3,B3,NA,CONTROL,NA,CONTROL,NA,NA,TWEED,40,NA,NA,NA,111.708,NA,FALSE,FALSE,NA,parsed_table,FALSE,5469,1111,233,23.472103004291846,289,48.95799763669567,0.1694048361131338,NA,NA
20260401-clam-Day2-36C-C-vs-S,/Users/sr320/Documents/GitHub/resazurin-assay-development/data/clam/20260401-clam-Day2-36C-C-vs-S/plate-D-T0.0.txt,plate-D-T0.0.txt,d,0,2026-04-01T08:12:59Z,24,"528/20,528/20",B,4,B4,NA,CONTROL,NA,CONTROL,NA,NA,BLUE,41,NA,NA,NA,67.008,NA,FALSE,FALSE,NA,parsed_table,FALSE,398,0,220,1.809090909090909,398,5.939589302769819,0.014923591212989494,NA,NA
20260401-clam-Day2-36C-C-vs-S,/Users/sr320/Documents/GitHub/resazurin-assay-development/data/clam/20260401-clam-Day2-36C-C-vs-S/plate-D-T1.0.txt,plate-D-T1.0.txt,d,1,2026-04-01T09:05:35Z,25.1,"528/20,528/20",B,4,B4,NA,CONTROL,NA,CONTROL,NA,NA,BLUE,41,NA,NA,NA,67.008,NA,FALSE,FALSE,NA,parsed_table,FALSE,2061,1663,219,9.41095890410959,398,30.75752148997135,0.07728020474867174,NA,NA
20260401-clam-Day2-36C-C-vs-S,/Users/sr320/Documents/GitHub/resazurin-assay-development/data/clam/20260401-clam-Day2-36C-C-vs-S/plate-D-T2.0.txt,plate-D-T2.0.txt,d,2,2026-04-01T10:29:48Z,25.8,"528/20,528/20",B,4,B4,NA,CONTROL,NA,CONTROL,NA,NA,BLUE,41,NA,NA,NA,67.008,NA,FALSE,FALSE,NA,parsed_table,FALSE,4276,2215,225,19.004444444444445,398,63.81327602674308,0.1603348643888017,NA,NA
20260401-clam-Day2-36C-C-vs-S,/Users/sr320/Documents/GitHub/resazurin-assay-development/data/clam/20260401-clam-Day2-36C-C-vs-S/plate-D-T3.0.txt,plate-D-T3.0.txt,d,3,2026-04-01T11:36:40Z,26.3,"528/20,528/20",B,4,B4,NA,CONTROL,NA,CONTROL,NA,NA,BLUE,41,NA,NA,NA,67.008,NA,FALSE,FALSE,NA,parsed_table,FALSE,6579,2303,230,28.604347826086958,398,98.18230659025788,0.2466892125383364,NA,NA
20260401-clam-Day2-36C-C-vs-S,/Users/sr320/Documents/GitHub/resazurin-assay-development/data/clam/20260401-clam-Day2-36C-C-vs-S/plate-D-T4.0.txt,plate-D-T4.0.txt,d,4,2026-04-01T12:43:11Z,26.5,"528/20,528/20",B,4,B4,NA,CONTROL,NA,CONTROL,NA,NA,BLUE,41,NA,NA,NA,67.008,NA,FALSE,FALSE,NA,parsed_table,FALSE,8708,2129,233,37.37339055793991,398,129.9546322827125,0.32651917658972995,NA,NA
20260401-clam-Day2-36C-C-vs-S,/Users/sr320/Documents/GitHub/resazurin-assay-development/data/clam/20260401-clam-Day2-36C-C-vs-S/plate-D-T0.0.txt,plate-D-T0.0.txt,d,0,2026-04-01T08:12:59Z,24,"528/20,528/20",C,1,C1,NA,SELECTED,NA,SELECTED,NA,NA,TWEED,42,NA,NA,NA,129.47,NA,FALSE,FALSE,NA,parsed_table,FALSE,547,0,220,2.4863636363636363,547,4.22491696918205,0.007723797018614351,NA,NA
20260401-clam-Day2-36C-C-vs-S,/Users/sr320/Documents/GitHub/resazurin-assay-development/data/clam/20260401-clam-Day2-36C-C-vs-S/plate-D-T1.0.txt,plate-D-T1.0.txt,d,1,2026-04-01T09:05:35Z,25.1,"528/20,528/20",C,1,C1,NA,SELECTED,NA,SELECTED,NA,NA,TWEED,42,NA,NA,NA,129.47,NA,FALSE,FALSE,NA,parsed_table,FALSE,3514,2967,219,16.04566210045662,547,27.14142272341083,0.04961868870824648,NA,NA
20260401-clam-Day2-36C-C-vs-S,/Users/sr320/Documents/GitHub/resazurin-assay-development/data/clam/20260401-clam-Day2-36C-C-vs-S/plate-D-T2.0.txt,plate-D-T2.0.txt,d,2,2026-04-01T10:29:48Z,25.8,"528/20,528/20",C,1,C1,NA,SELECTED,NA,SELECTED,NA,NA,TWEED,42,NA,NA,NA,129.47,NA,FALSE,FALSE,NA,parsed_table,FALSE,7751,4237,225,34.44888888888889,547,59.86715069127983,0.1094463449566359,NA,NA
20260401-clam-Day2-36C-C-vs-S,/Users/sr320/Documents/GitHub/resazurin-assay-development/data/clam/20260401-clam-Day2-36C-C-vs-S/plate-D-T3.0.txt,plate-D-T3.0.txt,d,3,2026-04-01T11:36:40Z,26.3,"528/20,528/20",C,1,C1,NA,SELECTED,NA,SELECTED,NA,NA,TWEED,42,NA,NA,NA,129.47,NA,FALSE,FALSE,NA,parsed_table,FALSE,9931,2180,230,43.178260869565214,547,76.70502819185911,0.1402285707346602,NA,NA
20260401-clam-Day2-36C-C-vs-S,/Users/sr320/Documents/GitHub/resazurin-assay-development/data/clam/20260401-clam-Day2-36C-C-vs-S/plate-D-T4.0.txt,plate-D-T4.0.txt,d,4,2026-04-01T12:43:11Z,26.5,"528/20,528/20",C,1,C1,NA,SELECTED,NA,SELECTED,NA,NA,TWEED,42,NA,NA,NA,129.47,NA,FALSE,FALSE,NA,parsed_table,FALSE,11607,1676,233,49.81545064377682,547,89.65011199505678,0.16389417183739813,NA,NA
20260401-clam-Day2-36C-C-vs-S,/Users/sr320/Documents/GitHub/resazurin-assay-development/data/clam/20260401-clam-Day2-36C-C-vs-S/plate-D-T0.0.txt,plate-D-T0.0.txt,d,0,2026-04-01T08:12:59Z,24,"528/20,528/20",C,2,C2,NA,NA,NA,NA,NA,NA,NA,NA,NA,NA,NA,NA,NA,TRUE,FALSE,NA,parsed_table,FALSE,220,0,220,1,NA,NA,NA,NA,NA
20260401-clam-Day2-36C-C-vs-S,/Users/sr320/Documents/GitHub/resazurin-assay-development/data/clam/20260401-clam-Day2-36C-C-vs-S/plate-D-T1.0.txt,plate-D-T1.0.txt,d,1,2026-04-01T09:05:35Z,25.1,"528/20,528/20",C,2,C2,NA,NA,NA,NA,NA,NA,NA,NA,NA,NA,NA,NA,NA,TRUE,FALSE,NA,parsed_table,FALSE,219,-1,219,1,NA,NA,NA,NA,NA
20260401-clam-Day2-36C-C-vs-S,/Users/sr320/Documents/GitHub/resazurin-assay-development/data/clam/20260401-clam-Day2-36C-C-vs-S/plate-D-T2.0.txt,plate-D-T2.0.txt,d,2,2026-04-01T10:29:48Z,25.8,"528/20,528/20",C,2,C2,NA,NA,NA,NA,NA,NA,NA,NA,NA,NA,NA,NA,NA,TRUE,FALSE,NA,parsed_table,FALSE,225,6,225,1,NA,NA,NA,NA,NA
20260401-clam-Day2-36C-C-vs-S,/Users/sr320/Documents/GitHub/resazurin-assay-development/data/clam/20260401-clam-Day2-36C-C-vs-S/plate-D-T3.0.txt,plate-D-T3.0.txt,d,3,2026-04-01T11:36:40Z,26.3,"528/20,528/20",C,2,C2,NA,NA,NA,NA,NA,NA,NA,NA,NA,NA,NA,NA,NA,TRUE,FALSE,NA,parsed_table,FALSE,230,5,230,1,NA,NA,NA,NA,NA
20260401-clam-Day2-36C-C-vs-S,/Users/sr320/Documents/GitHub/resazurin-assay-development/data/clam/20260401-clam-Day2-36C-C-vs-S/plate-D-T4.0.txt,plate-D-T4.0.txt,d,4,2026-04-01T12:43:11Z,26.5,"528/20,528/20",C,2,C2,NA,NA,NA,NA,NA,NA,NA,NA,NA,NA,NA,NA,NA,TRUE,FALSE,NA,parsed_table,FALSE,233,3,233,1,NA,NA,NA,NA,NA
20260401-clam-Day2-36C-C-vs-S,/Users/sr320/Documents/GitHub/resazurin-assay-development/data/clam/20260401-clam-Day2-36C-C-vs-S/plate-D-T0.0.txt,plate-D-T0.0.txt,d,0,2026-04-01T08:12:59Z,24,"528/20,528/20",C,3,C3,NA,CONTROL,NA,CONTROL,NA,NA,TWEED,43,NA,NA,NA,86.254,NA,FALSE,FALSE,NA,parsed_table,FALSE,788,0,220,3.581818181818182,788,9.135808194402578,0.011593665221323069,NA,NA
20260401-clam-Day2-36C-C-vs-S,/Users/sr320/Documents/GitHub/resazurin-assay-development/data/clam/20260401-clam-Day2-36C-C-vs-S/plate-D-T1.0.txt,plate-D-T1.0.txt,d,1,2026-04-01T09:05:35Z,25.1,"528/20,528/20",C,3,C3,NA,CONTROL,NA,CONTROL,NA,NA,TWEED,43,NA,NA,NA,86.254,NA,FALSE,FALSE,NA,parsed_table,FALSE,2282,1494,219,10.420091324200913,788,26.45674403505924,0.03357454826784168,NA,NA
20260401-clam-Day2-36C-C-vs-S,/Users/sr320/Documents/GitHub/resazurin-assay-development/data/clam/20260401-clam-Day2-36C-C-vs-S/plate-D-T2.0.txt,plate-D-T2.0.txt,d,2,2026-04-01T10:29:48Z,25.8,"528/20,528/20",C,3,C3,NA,CONTROL,NA,CONTROL,NA,NA,TWEED,43,NA,NA,NA,86.254,NA,FALSE,FALSE,NA,parsed_table,FALSE,4546,2264,225,20.204444444444444,788,52.70480209613467,0.06688426661946023,NA,NA
20260401-clam-Day2-36C-C-vs-S,/Users/sr320/Documents/GitHub/resazurin-assay-development/data/clam/20260401-clam-Day2-36C-C-vs-S/plate-D-T3.0.txt,plate-D-T3.0.txt,d,3,2026-04-01T11:36:40Z,26.3,"528/20,528/20",C,3,C3,NA,CONTROL,NA,CONTROL,NA,NA,TWEED,43,NA,NA,NA,86.254,NA,FALSE,FALSE,NA,parsed_table,FALSE,5763,1217,230,25.056521739130435,788,66.81429267048485,0.08478971151076757,NA,NA
20260401-clam-Day2-36C-C-vs-S,/Users/sr320/Documents/GitHub/resazurin-assay-development/data/clam/20260401-clam-Day2-36C-C-vs-S/plate-D-T4.0.txt,plate-D-T4.0.txt,d,4,2026-04-01T12:43:11Z,26.5,"528/20,528/20",C,3,C3,NA,CONTROL,NA,CONTROL,NA,NA,TWEED,43,NA,NA,NA,86.254,NA,FALSE,FALSE,NA,parsed_table,FALSE,6519,756,233,27.978540772532188,788,75.57910357780509,0.09591256799213843,NA,NA
20260401-clam-Day2-36C-C-vs-S,/Users/sr320/Documents/GitHub/resazurin-assay-development/data/clam/20260401-clam-Day2-36C-C-vs-S/plate-D-T0.0.txt,plate-D-T0.0.txt,d,0,2026-04-01T08:12:59Z,24,"528/20,528/20",C,4,C4,NA,CONTROL,NA,CONTROL,NA,NA,BLUE,44,NA,NA,NA,101.173,NA,FALSE,FALSE,NA,parsed_table,FALSE,1143,0,220,5.195454545454545,1143,11.297480553111996,0.009884059976475937,NA,NA
20260401-clam-Day2-36C-C-vs-S,/Users/sr320/Documents/GitHub/resazurin-assay-development/data/clam/20260401-clam-Day2-36C-C-vs-S/plate-D-T1.0.txt,plate-D-T1.0.txt,d,1,2026-04-01T09:05:35Z,25.1,"528/20,528/20",C,4,C4,NA,CONTROL,NA,CONTROL,NA,NA,BLUE,44,NA,NA,NA,101.173,NA,FALSE,FALSE,NA,parsed_table,FALSE,4148,3005,219,18.940639269406393,1143,40.99908078242219,0.03586971197062309,NA,NA
20260401-clam-Day2-36C-C-vs-S,/Users/sr320/Documents/GitHub/resazurin-assay-development/data/clam/20260401-clam-Day2-36C-C-vs-S/plate-D-T2.0.txt,plate-D-T2.0.txt,d,2,2026-04-01T10:29:48Z,25.8,"528/20,528/20",C,4,C4,NA,CONTROL,NA,CONTROL,NA,NA,BLUE,44,NA,NA,NA,101.173,NA,FALSE,FALSE,NA,parsed_table,FALSE,5704,1556,225,25.351111111111113,1143,56.37867810581874,0.04932517769537948,NA,NA
20260401-clam-Day2-36C-C-vs-S,/Users/sr320/Documents/GitHub/resazurin-assay-development/data/clam/20260401-clam-Day2-36C-C-vs-S/plate-D-T3.0.txt,plate-D-T3.0.txt,d,3,2026-04-01T11:36:40Z,26.3,"528/20,528/20",C,4,C4,NA,CONTROL,NA,CONTROL,NA,NA,BLUE,44,NA,NA,NA,101.173,NA,FALSE,FALSE,NA,parsed_table,FALSE,8212,2508,230,35.70434782608696,1143,81.16790052682039,0.07101303633142642,NA,NA
20260401-clam-Day2-36C-C-vs-S,/Users/sr320/Documents/GitHub/resazurin-assay-development/data/clam/20260401-clam-Day2-36C-C-vs-S/plate-D-T4.0.txt,plate-D-T4.0.txt,d,4,2026-04-01T12:43:11Z,26.5,"528/20,528/20",C,4,C4,NA,CONTROL,NA,CONTROL,NA,NA,BLUE,44,NA,NA,NA,101.173,NA,FALSE,FALSE,NA,parsed_table,FALSE,9719,1507,233,41.712446351931334,1143,96.06317891136963,0.08404477595045462,NA,NA
20260401-clam-Day2-36C-C-vs-S,/Users/sr320/Documents/GitHub/resazurin-assay-development/data/clam/20260401-clam-Day2-36C-C-vs-S/plate-E-T0.0.txt,plate-E-T0.0.txt,e,0,2026-04-01T08:14:09Z,24,"528/20,528/20",A,1,A1,NA,SELECTED,NA,SELECTED,NA,NA,TWEED,45,NA,NA,NA,145.403,NA,FALSE,FALSE,NA,parsed_table,FALSE,773,0,211,3.6635071090047395,773,5.316258949265146,0.0068774371918048464,NA,NA
20260401-clam-Day2-36C-C-vs-S,/Users/sr320/Documents/GitHub/resazurin-assay-development/data/clam/20260401-clam-Day2-36C-C-vs-S/plate-E-T1.0.txt,plate-E-T1.0.txt,e,1,2026-04-01T09:06:39Z,25.1,"528/20,528/20",A,1,A1,NA,SELECTED,NA,SELECTED,NA,NA,TWEED,45,NA,NA,NA,145.403,NA,FALSE,FALSE,NA,parsed_table,FALSE,5587,4814,211,26.47867298578199,773,38.424241590613676,0.0497079451366283,NA,NA
20260401-clam-Day2-36C-C-vs-S,/Users/sr320/Documents/GitHub/resazurin-assay-development/data/clam/20260401-clam-Day2-36C-C-vs-S/plate-E-T2.0.txt,plate-E-T2.0.txt,e,2,2026-04-01T10:31:14Z,25.8,"528/20,528/20",A,1,A1,NA,SELECTED,NA,SELECTED,NA,NA,TWEED,45,NA,NA,NA,145.403,NA,FALSE,FALSE,NA,parsed_table,FALSE,6514,927,216,30.15740740740741,773,44.799625867416765,0.05795553152317823,NA,NA
20260401-clam-Day2-36C-C-vs-S,/Users/sr320/Documents/GitHub/resazurin-assay-development/data/clam/20260401-clam-Day2-36C-C-vs-S/plate-E-T3.0.txt,plate-E-T3.0.txt,e,3,2026-04-01T11:38:04Z,26.3,"528/20,528/20",A,1,A1,NA,SELECTED,NA,SELECTED,NA,NA,TWEED,45,NA,NA,NA,145.403,NA,FALSE,FALSE,NA,parsed_table,FALSE,6202,-312,222,27.936936936936938,773,42.65386546357366,0.055179644842915467,NA,NA
20260401-clam-Day2-36C-C-vs-S,/Users/sr320/Documents/GitHub/resazurin-assay-development/data/clam/20260401-clam-Day2-36C-C-vs-S/plate-E-T4.0.txt,plate-E-T4.0.txt,e,4,2026-04-01T12:44:21Z,26.5,"528/20,528/20",A,1,A1,NA,SELECTED,NA,SELECTED,NA,NA,TWEED,45,NA,NA,NA,145.403,NA,FALSE,FALSE,NA,parsed_table,FALSE,5976,-226,223,26.798206278026907,773,41.09956465822576,0.0531689064142636,NA,NA
20260401-clam-Day2-36C-C-vs-S,/Users/sr320/Documents/GitHub/resazurin-assay-development/data/clam/20260401-clam-Day2-36C-C-vs-S/plate-E-T0.0.txt,plate-E-T0.0.txt,e,0,2026-04-01T08:14:09Z,24,"528/20,528/20",A,2,A2,NA,SELECTED,NA,SELECTED,NA,NA,BLUE,46,NA,NA,NA,118.981,NA,FALSE,FALSE,NA,parsed_table,FALSE,521,0,211,2.4691943127962084,521,4.378850404686463,0.008404703271950984,NA,NA
20260401-clam-Day2-36C-C-vs-S,/Users/sr320/Documents/GitHub/resazurin-assay-development/data/clam/20260401-clam-Day2-36C-C-vs-S/plate-E-T1.0.txt,plate-E-T1.0.txt,e,1,2026-04-01T09:06:39Z,25.1,"528/20,528/20",A,2,A2,NA,SELECTED,NA,SELECTED,NA,NA,BLUE,46,NA,NA,NA,118.981,NA,FALSE,FALSE,NA,parsed_table,FALSE,2610,2089,211,12.369668246445498,521,21.936275539792067,0.042104175700176716,NA,NA
20260401-clam-Day2-36C-C-vs-S,/Users/sr320/Documents/GitHub/resazurin-assay-development/data/clam/20260401-clam-Day2-36C-C-vs-S/plate-E-T2.0.txt,plate-E-T2.0.txt,e,2,2026-04-01T10:31:14Z,25.8,"528/20,528/20",A,2,A2,NA,SELECTED,NA,SELECTED,NA,NA,BLUE,46,NA,NA,NA,118.981,NA,FALSE,FALSE,NA,parsed_table,FALSE,4528,1918,216,20.962962962962962,521,38.05649641539406,0.07304509868597707,NA,NA
20260401-clam-Day2-36C-C-vs-S,/Users/sr320/Documents/GitHub/resazurin-assay-development/data/clam/20260401-clam-Day2-36C-C-vs-S/plate-E-T3.0.txt,plate-E-T3.0.txt,e,3,2026-04-01T11:38:04Z,26.3,"528/20,528/20",A,2,A2,NA,SELECTED,NA,SELECTED,NA,NA,BLUE,46,NA,NA,NA,118.981,NA,FALSE,FALSE,NA,parsed_table,FALSE,6429,1901,222,28.95945945945946,521,54.03383733537288,0.10371177991434333,NA,NA
20260401-clam-Day2-36C-C-vs-S,/Users/sr320/Documents/GitHub/resazurin-assay-development/data/clam/20260401-clam-Day2-36C-C-vs-S/plate-E-T4.0.txt,plate-E-T4.0.txt,e,4,2026-04-01T12:44:21Z,26.5,"528/20,528/20",A,2,A2,NA,SELECTED,NA,SELECTED,NA,NA,BLUE,46,NA,NA,NA,118.981,NA,FALSE,FALSE,NA,parsed_table,FALSE,7374,945,223,33.06726457399103,521,61.97628192736656,0.1189563952540625,NA,NA
20260401-clam-Day2-36C-C-vs-S,/Users/sr320/Documents/GitHub/resazurin-assay-development/data/clam/20260401-clam-Day2-36C-C-vs-S/plate-E-T0.0.txt,plate-E-T0.0.txt,e,0,2026-04-01T08:14:09Z,24,"528/20,528/20",A,3,A3,NA,CONTROL,NA,CONTROL,NA,NA,TWEED,47,NA,NA,NA,77.488,NA,FALSE,FALSE,NA,parsed_table,FALSE,545,0,211,2.5829383886255926,545,7.0333470989056375,0.012905224034689243,NA,NA
20260401-clam-Day2-36C-C-vs-S,/Users/sr320/Documents/GitHub/resazurin-assay-development/data/clam/20260401-clam-Day2-36C-C-vs-S/plate-E-T1.0.txt,plate-E-T1.0.txt,e,1,2026-04-01T09:06:39Z,25.1,"528/20,528/20",A,3,A3,NA,CONTROL,NA,CONTROL,NA,NA,TWEED,47,NA,NA,NA,77.488,NA,FALSE,FALSE,NA,parsed_table,FALSE,2923,2378,211,13.85308056872038,545,37.72196985339666,0.06921462358421404,NA,NA
20260401-clam-Day2-36C-C-vs-S,/Users/sr320/Documents/GitHub/resazurin-assay-development/data/clam/20260401-clam-Day2-36C-C-vs-S/plate-E-T2.0.txt,plate-E-T2.0.txt,e,2,2026-04-01T10:31:14Z,25.8,"528/20,528/20",A,3,A3,NA,CONTROL,NA,CONTROL,NA,NA,TWEED,47,NA,NA,NA,77.488,NA,FALSE,FALSE,NA,parsed_table,FALSE,5646,2723,216,26.13888888888889,545,72.86289489985546,0.13369338513734946,NA,NA
20260401-clam-Day2-36C-C-vs-S,/Users/sr320/Documents/GitHub/resazurin-assay-development/data/clam/20260401-clam-Day2-36C-C-vs-S/plate-E-T3.0.txt,plate-E-T3.0.txt,e,3,2026-04-01T11:38:04Z,26.3,"528/20,528/20",A,3,A3,NA,CONTROL,NA,CONTROL,NA,NA,TWEED,47,NA,NA,NA,77.488,NA,FALSE,FALSE,NA,parsed_table,FALSE,7136,1490,222,32.14414414414414,545,92.09167871154243,0.16897555726888522,NA,NA
20260401-clam-Day2-36C-C-vs-S,/Users/sr320/Documents/GitHub/resazurin-assay-development/data/clam/20260401-clam-Day2-36C-C-vs-S/plate-E-T4.0.txt,plate-E-T4.0.txt,e,4,2026-04-01T12:44:21Z,26.5,"528/20,528/20",A,3,A3,NA,CONTROL,NA,CONTROL,NA,NA,TWEED,47,NA,NA,NA,77.488,NA,FALSE,FALSE,NA,parsed_table,FALSE,8745,1609,223,39.2152466367713,545,112.85618418335743,0.20707556730891272,NA,NA
20260401-clam-Day2-36C-C-vs-S,/Users/sr320/Documents/GitHub/resazurin-assay-development/data/clam/20260401-clam-Day2-36C-C-vs-S/plate-E-T0.0.txt,plate-E-T0.0.txt,e,0,2026-04-01T08:14:09Z,24,"528/20,528/20",A,4,A4,NA,CONTROL,NA,CONTROL,NA,NA,BLUE,48,NA,NA,NA,68.083,NA,FALSE,FALSE,NA,parsed_table,FALSE,429,0,211,2.0331753554502368,429,6.301132441284903,0.014687954408589516,NA,NA
20260401-clam-Day2-36C-C-vs-S,/Users/sr320/Documents/GitHub/resazurin-assay-development/data/clam/20260401-clam-Day2-36C-C-vs-S/plate-E-T1.0.txt,plate-E-T1.0.txt,e,1,2026-04-01T09:06:39Z,25.1,"528/20,528/20",A,4,A4,NA,CONTROL,NA,CONTROL,NA,NA,BLUE,48,NA,NA,NA,68.083,NA,FALSE,FALSE,NA,parsed_table,FALSE,2387,1958,211,11.312796208530806,429,35.06014717330317,0.08172528478625449,NA,NA
20260401-clam-Day2-36C-C-vs-S,/Users/sr320/Documents/GitHub/resazurin-assay-development/data/clam/20260401-clam-Day2-36C-C-vs-S/plate-E-T2.0.txt,plate-E-T2.0.txt,e,2,2026-04-01T10:31:14Z,25.8,"528/20,528/20",A,4,A4,NA,CONTROL,NA,CONTROL,NA,NA,BLUE,48,NA,NA,NA,68.083,NA,FALSE,FALSE,NA,parsed_table,FALSE,6372,3985,216,29.5,429,93.59164549153239,0.2181623438031058,NA,NA
20260401-clam-Day2-36C-C-vs-S,/Users/sr320/Documents/GitHub/resazurin-assay-development/data/clam/20260401-clam-Day2-36C-C-vs-S/plate-E-T3.0.txt,plate-E-T3.0.txt,e,3,2026-04-01T11:38:04Z,26.3,"528/20,528/20",A,4,A4,NA,CONTROL,NA,CONTROL,NA,NA,BLUE,48,NA,NA,NA,68.083,NA,FALSE,FALSE,NA,parsed_table,FALSE,8506,2134,222,38.31531531531532,429,124.93574019946243,0.2912255016304485,NA,NA
20260401-clam-Day2-36C-C-vs-S,/Users/sr320/Documents/GitHub/resazurin-assay-development/data/clam/20260401-clam-Day2-36C-C-vs-S/plate-E-T4.0.txt,plate-E-T4.0.txt,e,4,2026-04-01T12:44:21Z,26.5,"528/20,528/20",A,4,A4,NA,CONTROL,NA,CONTROL,NA,NA,BLUE,48,NA,NA,NA,68.083,NA,FALSE,FALSE,NA,parsed_table,FALSE,9455,949,223,42.399103139013455,429,138.87460893321386,0.32371703714035865,NA,NA
20260401-clam-Day2-36C-C-vs-S,/Users/sr320/Documents/GitHub/resazurin-assay-development/data/clam/20260401-clam-Day2-36C-C-vs-S/plate-E-T0.0.txt,plate-E-T0.0.txt,e,0,2026-04-01T08:14:09Z,24,"528/20,528/20",B,1,B1,NA,SELECTED,NA,SELECTED,NA,NA,TWEED,49,NA,NA,NA,145.701,NA,FALSE,FALSE,NA,parsed_table,FALSE,1245,0,211,5.900473933649289,1245,8.544896740585171,0.0068633708759720255,NA,NA
20260401-clam-Day2-36C-C-vs-S,/Users/sr320/Documents/GitHub/resazurin-assay-development/data/clam/20260401-clam-Day2-36C-C-vs-S/plate-E-T1.0.txt,plate-E-T1.0.txt,e,1,2026-04-01T09:06:39Z,25.1,"528/20,528/20",B,1,B1,NA,SELECTED,NA,SELECTED,NA,NA,TWEED,49,NA,NA,NA,145.701,NA,FALSE,FALSE,NA,parsed_table,FALSE,6345,5100,211,30.071090047393366,1245,43.5480882080425,0.034978384102845386,NA,NA
20260401-clam-Day2-36C-C-vs-S,/Users/sr320/Documents/GitHub/resazurin-assay-development/data/clam/20260401-clam-Day2-36C-C-vs-S/plate-E-T2.0.txt,plate-E-T2.0.txt,e,2,2026-04-01T10:31:14Z,25.8,"528/20,528/20",B,1,B1,NA,SELECTED,NA,SELECTED,NA,NA,TWEED,49,NA,NA,NA,145.701,NA,FALSE,FALSE,NA,parsed_table,FALSE,10050,3705,216,46.52777777777778,1245,68.97687730351885,0.055403114300015134,NA,NA
20260401-clam-Day2-36C-C-vs-S,/Users/sr320/Documents/GitHub/resazurin-assay-development/data/clam/20260401-clam-Day2-36C-C-vs-S/plate-E-T3.0.txt,plate-E-T3.0.txt,e,3,2026-04-01T11:38:04Z,26.3,"528/20,528/20",B,1,B1,NA,SELECTED,NA,SELECTED,NA,NA,TWEED,49,NA,NA,NA,145.701,NA,FALSE,FALSE,NA,parsed_table,FALSE,11148,1098,222,50.21621621621622,1245,76.51285852533614,0.06145611126533023,NA,NA
20260401-clam-Day2-36C-C-vs-S,/Users/sr320/Documents/GitHub/resazurin-assay-development/data/clam/20260401-clam-Day2-36C-C-vs-S/plate-E-T4.0.txt,plate-E-T4.0.txt,e,4,2026-04-01T12:44:21Z,26.5,"528/20,528/20",B,1,B1,NA,SELECTED,NA,SELECTED,NA,NA,TWEED,49,NA,NA,NA,145.701,NA,FALSE,FALSE,NA,parsed_table,FALSE,11438,290,223,51.2914798206278,1245,78.50323607936802,0.06305480809587793,NA,NA
20260401-clam-Day2-36C-C-vs-S,/Users/sr320/Documents/GitHub/resazurin-assay-development/data/clam/20260401-clam-Day2-36C-C-vs-S/plate-E-T0.0.txt,plate-E-T0.0.txt,e,0,2026-04-01T08:14:09Z,24,"528/20,528/20",B,2,B2,NA,SELECTED,NA,SELECTED,NA,NA,BLUE,50,NA,NA,NA,114,NA,FALSE,FALSE,NA,parsed_table,FALSE,733,0,211,3.4739336492890995,733,6.4298245614035086,0.008771929824561403,NA,NA
20260401-clam-Day2-36C-C-vs-S,/Users/sr320/Documents/GitHub/resazurin-assay-development/data/clam/20260401-clam-Day2-36C-C-vs-S/plate-E-T1.0.txt,plate-E-T1.0.txt,e,1,2026-04-01T09:06:39Z,25.1,"528/20,528/20",B,2,B2,NA,SELECTED,NA,SELECTED,NA,NA,BLUE,50,NA,NA,NA,114,NA,FALSE,FALSE,NA,parsed_table,FALSE,3057,2324,211,14.488151658767773,733,26.81578947368421,0.03658361456164285,NA,NA
20260401-clam-Day2-36C-C-vs-S,/Users/sr320/Documents/GitHub/resazurin-assay-development/data/clam/20260401-clam-Day2-36C-C-vs-S/plate-E-T2.0.txt,plate-E-T2.0.txt,e,2,2026-04-01T10:31:14Z,25.8,"528/20,528/20",B,2,B2,NA,SELECTED,NA,SELECTED,NA,NA,BLUE,50,NA,NA,NA,114,NA,FALSE,FALSE,NA,parsed_table,FALSE,5671,2614,216,26.25462962962963,733,49.74561403508772,0.06786577630980589,NA,NA
20260401-clam-Day2-36C-C-vs-S,/Users/sr320/Documents/GitHub/resazurin-assay-development/data/clam/20260401-clam-Day2-36C-C-vs-S/plate-E-T3.0.txt,plate-E-T3.0.txt,e,3,2026-04-01T11:38:04Z,26.3,"528/20,528/20",B,2,B2,NA,SELECTED,NA,SELECTED,NA,NA,BLUE,50,NA,NA,NA,114,NA,FALSE,FALSE,NA,parsed_table,FALSE,7092,1421,222,31.945945945945947,733,62.21052631578947,0.08487111366410569,NA,NA
20260401-clam-Day2-36C-C-vs-S,/Users/sr320/Documents/GitHub/resazurin-assay-development/data/clam/20260401-clam-Day2-36C-C-vs-S/plate-E-T4.0.txt,plate-E-T4.0.txt,e,4,2026-04-01T12:44:21Z,26.5,"528/20,528/20",B,2,B2,NA,SELECTED,NA,SELECTED,NA,NA,BLUE,50,NA,NA,NA,114,NA,FALSE,FALSE,NA,parsed_table,FALSE,8964,1872,223,40.19730941704036,733,78.63157894736842,0.10727364112874274,NA,NA
20260401-clam-Day2-36C-C-vs-S,/Users/sr320/Documents/GitHub/resazurin-assay-development/data/clam/20260401-clam-Day2-36C-C-vs-S/plate-E-T0.0.txt,plate-E-T0.0.txt,e,0,2026-04-01T08:14:09Z,24,"528/20,528/20",B,3,B3,NA,CONTROL,NA,CONTROL,NA,NA,TWEED,51,NA,NA,NA,157.365,NA,FALSE,FALSE,NA,parsed_table,FALSE,1259,0,211,5.966824644549763,1259,8.000508372255585,0.006354653194801893,NA,NA
20260401-clam-Day2-36C-C-vs-S,/Users/sr320/Documents/GitHub/resazurin-assay-development/data/clam/20260401-clam-Day2-36C-C-vs-S/plate-E-T1.0.txt,plate-E-T1.0.txt,e,1,2026-04-01T09:06:39Z,25.1,"528/20,528/20",B,3,B3,NA,CONTROL,NA,CONTROL,NA,NA,TWEED,51,NA,NA,NA,157.365,NA,FALSE,FALSE,NA,parsed_table,FALSE,6206,4947,211,29.412322274881518,1259,39.43697772694055,0.0313240490285469,NA,NA
20260401-clam-Day2-36C-C-vs-S,/Users/sr320/Documents/GitHub/resazurin-assay-development/data/clam/20260401-clam-Day2-36C-C-vs-S/plate-E-T2.0.txt,plate-E-T2.0.txt,e,2,2026-04-01T10:31:14Z,25.8,"528/20,528/20",B,3,B3,NA,CONTROL,NA,CONTROL,NA,NA,TWEED,51,NA,NA,NA,157.365,NA,FALSE,FALSE,NA,parsed_table,FALSE,11528,5322,216,53.370370370370374,1259,73.25644202967622,0.058186212890926306,NA,NA
20260401-clam-Day2-36C-C-vs-S,/Users/sr320/Documents/GitHub/resazurin-assay-development/data/clam/20260401-clam-Day2-36C-C-vs-S/plate-E-T3.0.txt,plate-E-T3.0.txt,e,3,2026-04-01T11:38:04Z,26.3,"528/20,528/20",B,3,B3,NA,CONTROL,NA,CONTROL,NA,NA,TWEED,51,NA,NA,NA,157.365,NA,FALSE,FALSE,NA,parsed_table,FALSE,12267,739,222,55.25675675675676,1259,77.95253074063483,0.0619162277526885,NA,NA
20260401-clam-Day2-36C-C-vs-S,/Users/sr320/Documents/GitHub/resazurin-assay-development/data/clam/20260401-clam-Day2-36C-C-vs-S/plate-E-T4.0.txt,plate-E-T4.0.txt,e,4,2026-04-01T12:44:21Z,26.5,"528/20,528/20",B,3,B3,NA,CONTROL,NA,CONTROL,NA,NA,TWEED,51,NA,NA,NA,157.365,NA,FALSE,FALSE,NA,parsed_table,FALSE,12593,326,223,56.47085201793722,1259,80.02414768214024,0.063561674092248,NA,NA
20260401-clam-Day2-36C-C-vs-S,/Users/sr320/Documents/GitHub/resazurin-assay-development/data/clam/20260401-clam-Day2-36C-C-vs-S/plate-E-T0.0.txt,plate-E-T0.0.txt,e,0,2026-04-01T08:14:09Z,24,"528/20,528/20",B,4,B4,NA,CONTROL,NA,CONTROL,NA,NA,BLUE,52,NA,NA,NA,120.895,NA,FALSE,FALSE,NA,parsed_table,FALSE,960,0,211,4.549763033175355,960,7.94077505273171,0.008271640679928863,NA,NA
20260401-clam-Day2-36C-C-vs-S,/Users/sr320/Documents/GitHub/resazurin-assay-development/data/clam/20260401-clam-Day2-36C-C-vs-S/plate-E-T1.0.txt,plate-E-T1.0.txt,e,1,2026-04-01T09:06:39Z,25.1,"528/20,528/20",B,4,B4,NA,CONTROL,NA,CONTROL,NA,NA,BLUE,52,NA,NA,NA,120.895,NA,FALSE,FALSE,NA,parsed_table,FALSE,3835,2875,211,18.175355450236967,960,31.721742007527194,0.033043481257840825,NA,NA
20260401-clam-Day2-36C-C-vs-S,/Users/sr320/Documents/GitHub/resazurin-assay-development/data/clam/20260401-clam-Day2-36C-C-vs-S/plate-E-T2.0.txt,plate-E-T2.0.txt,e,2,2026-04-01T10:31:14Z,25.8,"528/20,528/20",B,4,B4,NA,CONTROL,NA,CONTROL,NA,NA,BLUE,52,NA,NA,NA,120.895,NA,FALSE,FALSE,NA,parsed_table,FALSE,7248,3413,216,33.55555555555556,960,59.95285164812441,0.062450887133462925,NA,NA
20260401-clam-Day2-36C-C-vs-S,/Users/sr320/Documents/GitHub/resazurin-assay-development/data/clam/20260401-clam-Day2-36C-C-vs-S/plate-E-T3.0.txt,plate-E-T3.0.txt,e,3,2026-04-01T11:38:04Z,26.3,"528/20,528/20",B,4,B4,NA,CONTROL,NA,CONTROL,NA,NA,BLUE,52,NA,NA,NA,120.895,NA,FALSE,FALSE,NA,parsed_table,FALSE,8904,1656,222,40.108108108108105,960,73.6506886140866,0.07671946730634022,NA,NA
20260401-clam-Day2-36C-C-vs-S,/Users/sr320/Documents/GitHub/resazurin-assay-development/data/clam/20260401-clam-Day2-36C-C-vs-S/plate-E-T4.0.txt,plate-E-T4.0.txt,e,4,2026-04-01T12:44:21Z,26.5,"528/20,528/20",B,4,B4,NA,CONTROL,NA,CONTROL,NA,NA,BLUE,52,NA,NA,NA,120.895,NA,FALSE,FALSE,NA,parsed_table,FALSE,9037,133,223,40.52466367713004,960,74.75081682451714,0.07786543419220536,NA,NA
20260401-clam-Day2-36C-C-vs-S,/Users/sr320/Documents/GitHub/resazurin-assay-development/data/clam/20260401-clam-Day2-36C-C-vs-S/plate-E-T0.0.txt,plate-E-T0.0.txt,e,0,2026-04-01T08:14:09Z,24,"528/20,528/20",C,1,C1,NA,NA,NA,NA,NA,NA,NA,NA,NA,NA,NA,NA,NA,TRUE,FALSE,NA,parsed_table,FALSE,211,0,211,1,NA,NA,NA,NA,NA
20260401-clam-Day2-36C-C-vs-S,/Users/sr320/Documents/GitHub/resazurin-assay-development/data/clam/20260401-clam-Day2-36C-C-vs-S/plate-E-T1.0.txt,plate-E-T1.0.txt,e,1,2026-04-01T09:06:39Z,25.1,"528/20,528/20",C,1,C1,NA,NA,NA,NA,NA,NA,NA,NA,NA,NA,NA,NA,NA,TRUE,FALSE,NA,parsed_table,FALSE,211,0,211,1,NA,NA,NA,NA,NA
20260401-clam-Day2-36C-C-vs-S,/Users/sr320/Documents/GitHub/resazurin-assay-development/data/clam/20260401-clam-Day2-36C-C-vs-S/plate-E-T2.0.txt,plate-E-T2.0.txt,e,2,2026-04-01T10:31:14Z,25.8,"528/20,528/20",C,1,C1,NA,NA,NA,NA,NA,NA,NA,NA,NA,NA,NA,NA,NA,TRUE,FALSE,NA,parsed_table,FALSE,216,5,216,1,NA,NA,NA,NA,NA
20260401-clam-Day2-36C-C-vs-S,/Users/sr320/Documents/GitHub/resazurin-assay-development/data/clam/20260401-clam-Day2-36C-C-vs-S/plate-E-T3.0.txt,plate-E-T3.0.txt,e,3,2026-04-01T11:38:04Z,26.3,"528/20,528/20",C,1,C1,NA,NA,NA,NA,NA,NA,NA,NA,NA,NA,NA,NA,NA,TRUE,FALSE,NA,parsed_table,FALSE,222,6,222,1,NA,NA,NA,NA,NA
20260401-clam-Day2-36C-C-vs-S,/Users/sr320/Documents/GitHub/resazurin-assay-development/data/clam/20260401-clam-Day2-36C-C-vs-S/plate-E-T4.0.txt,plate-E-T4.0.txt,e,4,2026-04-01T12:44:21Z,26.5,"528/20,528/20",C,1,C1,NA,NA,NA,NA,NA,NA,NA,NA,NA,NA,NA,NA,NA,TRUE,FALSE,NA,parsed_table,FALSE,223,1,223,1,NA,NA,NA,NA,NA
20260401-clam-Day2-36C-C-vs-S,/Users/sr320/Documents/GitHub/resazurin-assay-development/data/clam/20260401-clam-Day2-36C-C-vs-S/plate-E-T0.0.txt,plate-E-T0.0.txt,e,0,2026-04-01T08:14:09Z,24,"528/20,528/20",C,2,C2,NA,SELECTED,NA,SELECTED,NA,NA,BLUE,53,NA,NA,NA,130.547,NA,FALSE,FALSE,NA,parsed_table,FALSE,806,0,211,3.8199052132701423,806,6.174021616735735,0.007660076447562947,NA,NA
20260401-clam-Day2-36C-C-vs-S,/Users/sr320/Documents/GitHub/resazurin-assay-development/data/clam/20260401-clam-Day2-36C-C-vs-S/plate-E-T1.0.txt,plate-E-T1.0.txt,e,1,2026-04-01T09:06:39Z,25.1,"528/20,528/20",C,2,C2,NA,SELECTED,NA,SELECTED,NA,NA,BLUE,53,NA,NA,NA,130.547,NA,FALSE,FALSE,NA,parsed_table,FALSE,2242,1436,211,10.625592417061611,806,17.173891395436126,0.02130755756257584,NA,NA
20260401-clam-Day2-36C-C-vs-S,/Users/sr320/Documents/GitHub/resazurin-assay-development/data/clam/20260401-clam-Day2-36C-C-vs-S/plate-E-T2.0.txt,plate-E-T2.0.txt,e,2,2026-04-01T10:31:14Z,25.8,"528/20,528/20",C,2,C2,NA,SELECTED,NA,SELECTED,NA,NA,BLUE,53,NA,NA,NA,130.547,NA,FALSE,FALSE,NA,parsed_table,FALSE,3404,1162,216,15.75925925925926,806,26.074900227504273,0.032350992838094624,NA,NA
20260401-clam-Day2-36C-C-vs-S,/Users/sr320/Documents/GitHub/resazurin-assay-development/data/clam/20260401-clam-Day2-36C-C-vs-S/plate-E-T3.0.txt,plate-E-T3.0.txt,e,3,2026-04-01T11:38:04Z,26.3,"528/20,528/20",C,2,C2,NA,SELECTED,NA,SELECTED,NA,NA,BLUE,53,NA,NA,NA,130.547,NA,FALSE,FALSE,NA,parsed_table,FALSE,3752,348,222,16.9009009009009,806,28.740606831256176,0.03565832113059079,NA,NA
20260401-clam-Day2-36C-C-vs-S,/Users/sr320/Documents/GitHub/resazurin-assay-development/data/clam/20260401-clam-Day2-36C-C-vs-S/plate-E-T4.0.txt,plate-E-T4.0.txt,e,4,2026-04-01T12:44:21Z,26.5,"528/20,528/20",C,2,C2,NA,SELECTED,NA,SELECTED,NA,NA,BLUE,53,NA,NA,NA,130.547,NA,FALSE,FALSE,NA,parsed_table,FALSE,3168,-584,223,14.20627802690583,806,24.267122185879415,0.03010809204203401,NA,NA
20260401-clam-Day2-36C-C-vs-S,/Users/sr320/Documents/GitHub/resazurin-assay-development/data/clam/20260401-clam-Day2-36C-C-vs-S/plate-E-T0.0.txt,plate-E-T0.0.txt,e,0,2026-04-01T08:14:09Z,24,"528/20,528/20",C,3,C3,NA,CONTROL,NA,CONTROL,NA,NA,TWEED,54,NA,NA,NA,98.634,NA,FALSE,FALSE,NA,parsed_table,FALSE,533,0,211,2.5260663507109005,533,5.403816128312752,0.010138491797960135,NA,NA
20260401-clam-Day2-36C-C-vs-S,/Users/sr320/Documents/GitHub/resazurin-assay-development/data/clam/20260401-clam-Day2-36C-C-vs-S/plate-E-T1.0.txt,plate-E-T1.0.txt,e,1,2026-04-01T09:06:39Z,25.1,"528/20,528/20",C,3,C3,NA,CONTROL,NA,CONTROL,NA,NA,TWEED,54,NA,NA,NA,98.634,NA,FALSE,FALSE,NA,parsed_table,FALSE,2329,1796,211,11.037914691943127,533,23.612547397449156,0.044301214629360514,NA,NA
20260401-clam-Day2-36C-C-vs-S,/Users/sr320/Documents/GitHub/resazurin-assay-development/data/clam/20260401-clam-Day2-36C-C-vs-S/plate-E-T2.0.txt,plate-E-T2.0.txt,e,2,2026-04-01T10:31:14Z,25.8,"528/20,528/20",C,3,C3,NA,CONTROL,NA,CONTROL,NA,NA,TWEED,54,NA,NA,NA,98.634,NA,FALSE,FALSE,NA,parsed_table,FALSE,5510,3181,216,25.50925925925926,533,55.86308980676035,0.10480879888698001,NA,NA
20260401-clam-Day2-36C-C-vs-S,/Users/sr320/Documents/GitHub/resazurin-assay-development/data/clam/20260401-clam-Day2-36C-C-vs-S/plate-E-T3.0.txt,plate-E-T3.0.txt,e,3,2026-04-01T11:38:04Z,26.3,"528/20,528/20",C,3,C3,NA,CONTROL,NA,CONTROL,NA,NA,TWEED,54,NA,NA,NA,98.634,NA,FALSE,FALSE,NA,parsed_table,FALSE,6737,1227,222,30.346846846846848,533,68.30301924285743,0.12814825373894453,NA,NA
20260401-clam-Day2-36C-C-vs-S,/Users/sr320/Documents/GitHub/resazurin-assay-development/data/clam/20260401-clam-Day2-36C-C-vs-S/plate-E-T4.0.txt,plate-E-T4.0.txt,e,4,2026-04-01T12:44:21Z,26.5,"528/20,528/20",C,3,C3,NA,CONTROL,NA,CONTROL,NA,NA,TWEED,54,NA,NA,NA,98.634,NA,FALSE,FALSE,NA,parsed_table,FALSE,7589,852,223,34.03139013452915,533,76.94101425471946,0.1443546233672035,NA,NA
20260401-clam-Day2-36C-C-vs-S,/Users/sr320/Documents/GitHub/resazurin-assay-development/data/clam/20260401-clam-Day2-36C-C-vs-S/plate-E-T0.0.txt,plate-E-T0.0.txt,e,0,2026-04-01T08:14:09Z,24,"528/20,528/20",C,4,C4,NA,CONTROL,NA,CONTROL,NA,NA,BLUE,55,NA,NA,NA,88.552,NA,FALSE,FALSE,NA,parsed_table,FALSE,811,0,211,3.843601895734597,811,9.15846056554341,0.011292799710904326,NA,NA
20260401-clam-Day2-36C-C-vs-S,/Users/sr320/Documents/GitHub/resazurin-assay-development/data/clam/20260401-clam-Day2-36C-C-vs-S/plate-E-T1.0.txt,plate-E-T1.0.txt,e,1,2026-04-01T09:06:39Z,25.1,"528/20,528/20",C,4,C4,NA,CONTROL,NA,CONTROL,NA,NA,BLUE,55,NA,NA,NA,88.552,NA,FALSE,FALSE,NA,parsed_table,FALSE,3868,3057,211,18.33175355450237,811,43.680549281777935,0.05386011008850546,NA,NA
20260401-clam-Day2-36C-C-vs-S,/Users/sr320/Documents/GitHub/resazurin-assay-development/data/clam/20260401-clam-Day2-36C-C-vs-S/plate-E-T2.0.txt,plate-E-T2.0.txt,e,2,2026-04-01T10:31:14Z,25.8,"528/20,528/20",C,4,C4,NA,CONTROL,NA,CONTROL,NA,NA,BLUE,55,NA,NA,NA,88.552,NA,FALSE,FALSE,NA,parsed_table,FALSE,5872,2004,216,27.185185185185187,811,66.3113199024302,0.08176488274035784,NA,NA
20260401-clam-Day2-36C-C-vs-S,/Users/sr320/Documents/GitHub/resazurin-assay-development/data/clam/20260401-clam-Day2-36C-C-vs-S/plate-E-T3.0.txt,plate-E-T3.0.txt,e,3,2026-04-01T11:38:04Z,26.3,"528/20,528/20",C,4,C4,NA,CONTROL,NA,CONTROL,NA,NA,BLUE,55,NA,NA,NA,88.552,NA,FALSE,FALSE,NA,parsed_table,FALSE,7553,1681,222,34.02252252252252,811,85.29451621646038,0.10517202986000046,NA,NA
20260401-clam-Day2-36C-C-vs-S,/Users/sr320/Documents/GitHub/resazurin-assay-development/data/clam/20260401-clam-Day2-36C-C-vs-S/plate-E-T4.0.txt,plate-E-T4.0.txt,e,4,2026-04-01T12:44:21Z,26.5,"528/20,528/20",C,4,C4,NA,CONTROL,NA,CONTROL,NA,NA,BLUE,55,NA,NA,NA,88.552,NA,FALSE,FALSE,NA,parsed_table,FALSE,8797,1244,223,39.44843049327354,811,99.34275905682536,0.1224941542007711,NA,NA
20260401-clam-Day2-36C-C-vs-S,/Users/sr320/Documents/GitHub/resazurin-assay-development/data/clam/20260401-clam-Day2-36C-C-vs-S/plate-F-T0.0.txt,plate-F-T0.0.txt,f,0,2026-04-01T08:15:18Z,24,"528/20,528/20",A,1,A1,NA,SELECTED,NA,SELECTED,NA,NA,TWEED,56,NA,NA,NA,147.914,NA,FALSE,FALSE,NA,parsed_table,FALSE,745,0,201,3.7064676616915424,745,5.036710520978406,0.006760685263058264,NA,NA
20260401-clam-Day2-36C-C-vs-S,/Users/sr320/Documents/GitHub/resazurin-assay-development/data/clam/20260401-clam-Day2-36C-C-vs-S/plate-F-T1.0.txt,plate-F-T1.0.txt,f,1,2026-04-01T09:07:31Z,25.1,"528/20,528/20",A,1,A1,NA,SELECTED,NA,SELECTED,NA,NA,TWEED,56,NA,NA,NA,147.914,NA,FALSE,FALSE,NA,parsed_table,FALSE,4493,3748,203,22.133004926108374,745,30.37575888692078,0.04077283072069904,NA,NA
20260401-clam-Day2-36C-C-vs-S,/Users/sr320/Documents/GitHub/resazurin-assay-development/data/clam/20260401-clam-Day2-36C-C-vs-S/plate-F-T2.0.txt,plate-F-T2.0.txt,f,2,2026-04-01T10:32:34Z,25.9,"528/20,528/20",A,1,A1,NA,SELECTED,NA,SELECTED,NA,NA,TWEED,56,NA,NA,NA,147.914,NA,FALSE,FALSE,NA,parsed_table,FALSE,8605,4112,207,41.570048309178745,745,58.17569668861636,0.07808818347465284,NA,NA
20260401-clam-Day2-36C-C-vs-S,/Users/sr320/Documents/GitHub/resazurin-assay-development/data/clam/20260401-clam-Day2-36C-C-vs-S/plate-F-T3.0.txt,plate-F-T3.0.txt,f,3,2026-04-01T11:39:17Z,26.3,"528/20,528/20",A,1,A1,NA,SELECTED,NA,SELECTED,NA,NA,TWEED,56,NA,NA,NA,147.914,NA,FALSE,FALSE,NA,parsed_table,FALSE,10024,1419,211,47.507109004739334,745,67.76910907689604,0.09096524708308193,NA,NA
20260401-clam-Day2-36C-C-vs-S,/Users/sr320/Documents/GitHub/resazurin-assay-development/data/clam/20260401-clam-Day2-36C-C-vs-S/plate-F-T4.0.txt,plate-F-T4.0.txt,f,4,2026-04-01T12:45:36Z,26.5,"528/20,528/20",A,1,A1,NA,SELECTED,NA,SELECTED,NA,NA,TWEED,56,NA,NA,NA,147.914,NA,FALSE,FALSE,NA,parsed_table,FALSE,10515,491,209,50.311004784689,745,71.08860554105765,0.09542094703497671,NA,NA
20260401-clam-Day2-36C-C-vs-S,/Users/sr320/Documents/GitHub/resazurin-assay-development/data/clam/20260401-clam-Day2-36C-C-vs-S/plate-F-T0.0.txt,plate-F-T0.0.txt,f,0,2026-04-01T08:15:18Z,24,"528/20,528/20",A,2,A2,NA,SELECTED,NA,SELECTED,NA,NA,BLUE,57,NA,NA,NA,108.924,NA,FALSE,FALSE,NA,parsed_table,FALSE,642,0,201,3.1940298507462686,642,5.894017847306379,0.009180713157798098,NA,NA
20260401-clam-Day2-36C-C-vs-S,/Users/sr320/Documents/GitHub/resazurin-assay-development/data/clam/20260401-clam-Day2-36C-C-vs-S/plate-F-T1.0.txt,plate-F-T1.0.txt,f,1,2026-04-01T09:07:31Z,25.1,"528/20,528/20",A,2,A2,NA,SELECTED,NA,SELECTED,NA,NA,BLUE,57,NA,NA,NA,108.924,NA,FALSE,FALSE,NA,parsed_table,FALSE,3255,2613,203,16.03448275862069,642,29.883221328632807,0.04654707372061185,NA,NA
20260401-clam-Day2-36C-C-vs-S,/Users/sr320/Documents/GitHub/resazurin-assay-development/data/clam/20260401-clam-Day2-36C-C-vs-S/plate-F-T2.0.txt,plate-F-T2.0.txt,f,2,2026-04-01T10:32:34Z,25.9,"528/20,528/20",A,2,A2,NA,SELECTED,NA,SELECTED,NA,NA,BLUE,57,NA,NA,NA,108.924,NA,FALSE,FALSE,NA,parsed_table,FALSE,10216,6961,207,49.35265700483092,642,93.79016562006537,0.1460906006543074,NA,NA
20260401-clam-Day2-36C-C-vs-S,/Users/sr320/Documents/GitHub/resazurin-assay-development/data/clam/20260401-clam-Day2-36C-C-vs-S/plate-F-T3.0.txt,plate-F-T3.0.txt,f,3,2026-04-01T11:39:17Z,26.3,"528/20,528/20",A,2,A2,NA,SELECTED,NA,SELECTED,NA,NA,BLUE,57,NA,NA,NA,108.924,NA,FALSE,FALSE,NA,parsed_table,FALSE,12024,1808,211,56.985781990521325,642,110.38889500936432,0.1719453193292279,NA,NA
20260401-clam-Day2-36C-C-vs-S,/Users/sr320/Documents/GitHub/resazurin-assay-development/data/clam/20260401-clam-Day2-36C-C-vs-S/plate-F-T4.0.txt,plate-F-T4.0.txt,f,4,2026-04-01T12:45:36Z,26.5,"528/20,528/20",A,2,A2,NA,SELECTED,NA,SELECTED,NA,NA,BLUE,57,NA,NA,NA,108.924,NA,FALSE,FALSE,NA,parsed_table,FALSE,12248,224,209,58.60287081339713,642,112.44537475671109,0.17514855881107647,NA,NA
20260401-clam-Day2-36C-C-vs-S,/Users/sr320/Documents/GitHub/resazurin-assay-development/data/clam/20260401-clam-Day2-36C-C-vs-S/plate-F-T0.0.txt,plate-F-T0.0.txt,f,0,2026-04-01T08:15:18Z,24,"528/20,528/20",A,3,A3,NA,CONTROL,NA,CONTROL,NA,NA,TWEED,58,NA,NA,NA,95.881,NA,FALSE,FALSE,NA,parsed_table,FALSE,819,0,201,4.074626865671642,819,8.541838320418018,0.010429595018825418,NA,NA
20260401-clam-Day2-36C-C-vs-S,/Users/sr320/Documents/GitHub/resazurin-assay-development/data/clam/20260401-clam-Day2-36C-C-vs-S/plate-F-T1.0.txt,plate-F-T1.0.txt,f,1,2026-04-01T09:07:31Z,25.1,"528/20,528/20",A,3,A3,NA,CONTROL,NA,CONTROL,NA,NA,TWEED,58,NA,NA,NA,95.881,NA,FALSE,FALSE,NA,parsed_table,FALSE,3618,2799,203,17.822660098522167,819,37.73427477811037,0.04607359557766834,NA,NA
20260401-clam-Day2-36C-C-vs-S,/Users/sr320/Documents/GitHub/resazurin-assay-development/data/clam/20260401-clam-Day2-36C-C-vs-S/plate-F-T2.0.txt,plate-F-T2.0.txt,f,2,2026-04-01T10:32:34Z,25.9,"528/20,528/20",A,3,A3,NA,CONTROL,NA,CONTROL,NA,NA,TWEED,58,NA,NA,NA,95.881,NA,FALSE,FALSE,NA,parsed_table,FALSE,7243,3625,207,34.990338164251206,819,75.5415567213525,0.09223633299310441,NA,NA
20260401-clam-Day2-36C-C-vs-S,/Users/sr320/Documents/GitHub/resazurin-assay-development/data/clam/20260401-clam-Day2-36C-C-vs-S/plate-F-T3.0.txt,plate-F-T3.0.txt,f,3,2026-04-01T11:39:17Z,26.3,"528/20,528/20",A,3,A3,NA,CONTROL,NA,CONTROL,NA,NA,TWEED,58,NA,NA,NA,95.881,NA,FALSE,FALSE,NA,parsed_table,FALSE,10922,3679,211,51.76303317535545,819,113.91203679561123,0.13908673601417731,NA,NA
20260401-clam-Day2-36C-C-vs-S,/Users/sr320/Documents/GitHub/resazurin-assay-development/data/clam/20260401-clam-Day2-36C-C-vs-S/plate-F-T4.0.txt,plate-F-T4.0.txt,f,4,2026-04-01T12:45:36Z,26.5,"528/20,528/20",A,3,A3,NA,CONTROL,NA,CONTROL,NA,NA,TWEED,58,NA,NA,NA,95.881,NA,FALSE,FALSE,NA,parsed_table,FALSE,12680,1758,209,60.66985645933014,819,132.24726483870631,0.16147407184213225,NA,NA
20260401-clam-Day2-36C-C-vs-S,/Users/sr320/Documents/GitHub/resazurin-assay-development/data/clam/20260401-clam-Day2-36C-C-vs-S/plate-F-T0.0.txt,plate-F-T0.0.txt,f,0,2026-04-01T08:15:18Z,24,"528/20,528/20",A,4,A4,NA,CONTROL,NA,CONTROL,NA,NA,BLUE,59,NA,NA,NA,129.24,NA,FALSE,FALSE,NA,parsed_table,FALSE,1357,0,201,6.751243781094527,1357,10.49984524914887,0.00773754255648406,NA,NA
20260401-clam-Day2-36C-C-vs-S,/Users/sr320/Documents/GitHub/resazurin-assay-development/data/clam/20260401-clam-Day2-36C-C-vs-S/plate-F-T1.0.txt,plate-F-T1.0.txt,f,1,2026-04-01T09:07:31Z,25.1,"528/20,528/20",A,4,A4,NA,CONTROL,NA,CONTROL,NA,NA,BLUE,59,NA,NA,NA,129.24,NA,FALSE,FALSE,NA,parsed_table,FALSE,6811,5454,203,33.55172413793103,1357,52.70040235221293,0.038835963413568854,NA,NA
20260401-clam-Day2-36C-C-vs-S,/Users/sr320/Documents/GitHub/resazurin-assay-development/data/clam/20260401-clam-Day2-36C-C-vs-S/plate-F-T2.0.txt,plate-F-T2.0.txt,f,2,2026-04-01T10:32:34Z,25.9,"528/20,528/20",A,4,A4,NA,CONTROL,NA,CONTROL,NA,NA,BLUE,59,NA,NA,NA,129.24,NA,FALSE,FALSE,NA,parsed_table,FALSE,10591,3780,207,51.16425120772947,1357,81.94831321572268,0.06038932440362762,NA,NA
20260401-clam-Day2-36C-C-vs-S,/Users/sr320/Documents/GitHub/resazurin-assay-development/data/clam/20260401-clam-Day2-36C-C-vs-S/plate-F-T3.0.txt,plate-F-T3.0.txt,f,3,2026-04-01T11:39:17Z,26.3,"528/20,528/20",A,4,A4,NA,CONTROL,NA,CONTROL,NA,NA,BLUE,59,NA,NA,NA,129.24,NA,FALSE,FALSE,NA,parsed_table,FALSE,11168,577,211,52.92890995260664,1357,86.41287527081398,0.06367934802565511,NA,NA
20260401-clam-Day2-36C-C-vs-S,/Users/sr320/Documents/GitHub/resazurin-assay-development/data/clam/20260401-clam-Day2-36C-C-vs-S/plate-F-T4.0.txt,plate-F-T4.0.txt,f,4,2026-04-01T12:45:36Z,26.5,"528/20,528/20",A,4,A4,NA,CONTROL,NA,CONTROL,NA,NA,BLUE,59,NA,NA,NA,129.24,NA,FALSE,FALSE,NA,parsed_table,FALSE,11706,538,209,56.00956937799043,1357,90.5756731662024,0.06674699570095978,NA,NA
20260401-clam-Day2-36C-C-vs-S,/Users/sr320/Documents/GitHub/resazurin-assay-development/data/clam/20260401-clam-Day2-36C-C-vs-S/plate-F-T0.0.txt,plate-F-T0.0.txt,f,0,2026-04-01T08:15:18Z,24,"528/20,528/20",B,1,B1,NA,SELECTED,NA,SELECTED,NA,NA,TWEED,60,NA,NA,NA,146.886,NA,FALSE,FALSE,NA,parsed_table,FALSE,667,0,201,3.318407960199005,667,4.540936508584889,0.006808000762496085,NA,NA
20260401-clam-Day2-36C-C-vs-S,/Users/sr320/Documents/GitHub/resazurin-assay-development/data/clam/20260401-clam-Day2-36C-C-vs-S/plate-F-T1.0.txt,plate-F-T1.0.txt,f,1,2026-04-01T09:07:31Z,25.1,"528/20,528/20",B,1,B1,NA,SELECTED,NA,SELECTED,NA,NA,TWEED,60,NA,NA,NA,146.886,NA,FALSE,FALSE,NA,parsed_table,FALSE,5597,4930,203,27.571428571428573,667,38.104380267690594,0.05712800639833673,NA,NA
20260401-clam-Day2-36C-C-vs-S,/Users/sr320/Documents/GitHub/resazurin-assay-development/data/clam/20260401-clam-Day2-36C-C-vs-S/plate-F-T2.0.txt,plate-F-T2.0.txt,f,2,2026-04-01T10:32:34Z,25.9,"528/20,528/20",B,1,B1,NA,SELECTED,NA,SELECTED,NA,NA,TWEED,60,NA,NA,NA,146.886,NA,FALSE,FALSE,NA,parsed_table,FALSE,9870,4273,207,47.68115942028985,667,67.19496752583636,0.10074208024863023,NA,NA
20260401-clam-Day2-36C-C-vs-S,/Users/sr320/Documents/GitHub/resazurin-assay-development/data/clam/20260401-clam-Day2-36C-C-vs-S/plate-F-T3.0.txt,plate-F-T3.0.txt,f,3,2026-04-01T11:39:17Z,26.3,"528/20,528/20",B,1,B1,NA,SELECTED,NA,SELECTED,NA,NA,TWEED,60,NA,NA,NA,146.886,NA,FALSE,FALSE,NA,parsed_table,FALSE,11581,1711,211,54.88625592417062,667,78.84345683046716,0.11820608220459845,NA,NA
20260401-clam-Day2-36C-C-vs-S,/Users/sr320/Documents/GitHub/resazurin-assay-development/data/clam/20260401-clam-Day2-36C-C-vs-S/plate-F-T4.0.txt,plate-F-T4.0.txt,f,4,2026-04-01T12:45:36Z,26.5,"528/20,528/20",B,1,B1,NA,SELECTED,NA,SELECTED,NA,NA,TWEED,60,NA,NA,NA,146.886,NA,FALSE,FALSE,NA,parsed_table,FALSE,11765,184,209,56.291866028708135,667,80.09612897076644,0.12008415138045944,NA,NA
20260401-clam-Day2-36C-C-vs-S,/Users/sr320/Documents/GitHub/resazurin-assay-development/data/clam/20260401-clam-Day2-36C-C-vs-S/plate-F-T0.0.txt,plate-F-T0.0.txt,f,0,2026-04-01T08:15:18Z,24,"528/20,528/20",B,2,B2,NA,SELECTED,NA,SELECTED,NA,NA,BLUE,61,NA,NA,NA,108.129,NA,FALSE,FALSE,NA,parsed_table,FALSE,1111,0,201,5.527363184079602,1111,10.274764401779356,0.009248212782879708,NA,NA
20260401-clam-Day2-36C-C-vs-S,/Users/sr320/Documents/GitHub/resazurin-assay-development/data/clam/20260401-clam-Day2-36C-C-vs-S/plate-F-T1.0.txt,plate-F-T1.0.txt,f,1,2026-04-01T09:07:31Z,25.1,"528/20,528/20",B,2,B2,NA,SELECTED,NA,SELECTED,NA,NA,BLUE,61,NA,NA,NA,108.129,NA,FALSE,FALSE,NA,parsed_table,FALSE,5088,3977,203,25.064039408866996,1111,47.05490663929196,0.04235365134049681,NA,NA
20260401-clam-Day2-36C-C-vs-S,/Users/sr320/Documents/GitHub/resazurin-assay-development/data/clam/20260401-clam-Day2-36C-C-vs-S/plate-F-T2.0.txt,plate-F-T2.0.txt,f,2,2026-04-01T10:32:34Z,25.9,"528/20,528/20",B,2,B2,NA,SELECTED,NA,SELECTED,NA,NA,BLUE,61,NA,NA,NA,108.129,NA,FALSE,FALSE,NA,parsed_table,FALSE,8924,3836,207,43.111111111111114,1111,82.53105087441851,0.07428537432440911,NA,NA
20260401-clam-Day2-36C-C-vs-S,/Users/sr320/Documents/GitHub/resazurin-assay-development/data/clam/20260401-clam-Day2-36C-C-vs-S/plate-F-T3.0.txt,plate-F-T3.0.txt,f,3,2026-04-01T11:39:17Z,26.3,"528/20,528/20",B,2,B2,NA,SELECTED,NA,SELECTED,NA,NA,BLUE,61,NA,NA,NA,108.129,NA,FALSE,FALSE,NA,parsed_table,FALSE,10252,1328,211,48.58767772511848,1111,94.81267745008277,0.08533994369944443,NA,NA
20260401-clam-Day2-36C-C-vs-S,/Users/sr320/Documents/GitHub/resazurin-assay-development/data/clam/20260401-clam-Day2-36C-C-vs-S/plate-F-T4.0.txt,plate-F-T4.0.txt,f,4,2026-04-01T12:45:36Z,26.5,"528/20,528/20",B,2,B2,NA,SELECTED,NA,SELECTED,NA,NA,BLUE,61,NA,NA,NA,108.129,NA,FALSE,FALSE,NA,parsed_table,FALSE,11120,868,209,53.20574162679426,1111,102.84012614562235,0.09256537006806692,NA,NA
20260401-clam-Day2-36C-C-vs-S,/Users/sr320/Documents/GitHub/resazurin-assay-development/data/clam/20260401-clam-Day2-36C-C-vs-S/plate-F-T0.0.txt,plate-F-T0.0.txt,f,0,2026-04-01T08:15:18Z,24,"528/20,528/20",B,3,B3,NA,CONTROL,NA,CONTROL,NA,NA,TWEED,62,NA,NA,NA,67.258,NA,FALSE,FALSE,NA,parsed_table,FALSE,340,0,201,1.691542288557214,340,5.055160724374796,0.014868119777572929,NA,NA
20260401-clam-Day2-36C-C-vs-S,/Users/sr320/Documents/GitHub/resazurin-assay-development/data/clam/20260401-clam-Day2-36C-C-vs-S/plate-F-T1.0.txt,plate-F-T1.0.txt,f,1,2026-04-01T09:07:31Z,25.1,"528/20,528/20",B,3,B3,NA,CONTROL,NA,CONTROL,NA,NA,TWEED,62,NA,NA,NA,67.258,NA,FALSE,FALSE,NA,parsed_table,FALSE,948,608,203,4.669950738916256,340,14.094977549139136,0.04145581632099746,NA,NA
20260401-clam-Day2-36C-C-vs-S,/Users/sr320/Documents/GitHub/resazurin-assay-development/data/clam/20260401-clam-Day2-36C-C-vs-S/plate-F-T2.0.txt,plate-F-T2.0.txt,f,2,2026-04-01T10:32:34Z,25.9,"528/20,528/20",B,3,B3,NA,CONTROL,NA,CONTROL,NA,NA,TWEED,62,NA,NA,NA,67.258,NA,FALSE,FALSE,NA,parsed_table,FALSE,1563,615,207,7.550724637681159,340,23.23887121234649,0.06834962121278379,NA,NA
20260401-clam-Day2-36C-C-vs-S,/Users/sr320/Documents/GitHub/resazurin-assay-development/data/clam/20260401-clam-Day2-36C-C-vs-S/plate-F-T3.0.txt,plate-F-T3.0.txt,f,3,2026-04-01T11:39:17Z,26.3,"528/20,528/20",B,3,B3,NA,CONTROL,NA,CONTROL,NA,NA,TWEED,62,NA,NA,NA,67.258,NA,FALSE,FALSE,NA,parsed_table,FALSE,2052,489,211,9.725118483412322,340,30.509381783579652,0.08973347583405779,NA,NA
20260401-clam-Day2-36C-C-vs-S,/Users/sr320/Documents/GitHub/resazurin-assay-development/data/clam/20260401-clam-Day2-36C-C-vs-S/plate-F-T4.0.txt,plate-F-T4.0.txt,f,4,2026-04-01T12:45:36Z,26.5,"528/20,528/20",B,3,B3,NA,CONTROL,NA,CONTROL,NA,NA,TWEED,62,NA,NA,NA,67.258,NA,FALSE,FALSE,NA,parsed_table,FALSE,2366,314,209,11.320574162679426,340,35.17797139373755,0.10346462174628691,NA,NA
20260401-clam-Day2-36C-C-vs-S,/Users/sr320/Documents/GitHub/resazurin-assay-development/data/clam/20260401-clam-Day2-36C-C-vs-S/plate-F-T0.0.txt,plate-F-T0.0.txt,f,0,2026-04-01T08:15:18Z,24,"528/20,528/20",B,4,B4,NA,CONTROL,NA,CONTROL,NA,NA,BLUE,63,NA,NA,NA,119.773,NA,FALSE,FALSE,NA,parsed_table,FALSE,1209,0,201,6.014925373134329,1209,10.094094662403046,0.008349127098761825,NA,NA
20260401-clam-Day2-36C-C-vs-S,/Users/sr320/Documents/GitHub/resazurin-assay-development/data/clam/20260401-clam-Day2-36C-C-vs-S/plate-F-T1.0.txt,plate-F-T1.0.txt,f,1,2026-04-01T09:07:31Z,25.1,"528/20,528/20",B,4,B4,NA,CONTROL,NA,CONTROL,NA,NA,BLUE,63,NA,NA,NA,119.773,NA,FALSE,FALSE,NA,parsed_table,FALSE,7407,6198,203,36.48768472906404,1209,61.84198442052884,0.051151351878022194,NA,NA
20260401-clam-Day2-36C-C-vs-S,/Users/sr320/Documents/GitHub/resazurin-assay-development/data/clam/20260401-clam-Day2-36C-C-vs-S/plate-F-T2.0.txt,plate-F-T2.0.txt,f,2,2026-04-01T10:32:34Z,25.9,"528/20,528/20",B,4,B4,NA,CONTROL,NA,CONTROL,NA,NA,BLUE,63,NA,NA,NA,119.773,NA,FALSE,FALSE,NA,parsed_table,FALSE,10930,3523,207,52.80193236714976,1209,91.25595918946675,0.07548052869269375,NA,NA
20260401-clam-Day2-36C-C-vs-S,/Users/sr320/Documents/GitHub/resazurin-assay-development/data/clam/20260401-clam-Day2-36C-C-vs-S/plate-F-T3.0.txt,plate-F-T3.0.txt,f,3,2026-04-01T11:39:17Z,26.3,"528/20,528/20",B,4,B4,NA,CONTROL,NA,CONTROL,NA,NA,BLUE,63,NA,NA,NA,119.773,NA,FALSE,FALSE,NA,parsed_table,FALSE,12278,1348,211,58.18957345971564,1209,102.51058251859769,0.08478956370438187,NA,NA
20260401-clam-Day2-36C-C-vs-S,/Users/sr320/Documents/GitHub/resazurin-assay-development/data/clam/20260401-clam-Day2-36C-C-vs-S/plate-F-T4.0.txt,plate-F-T4.0.txt,f,4,2026-04-01T12:45:36Z,26.5,"528/20,528/20",B,4,B4,NA,CONTROL,NA,CONTROL,NA,NA,BLUE,63,NA,NA,NA,119.773,NA,FALSE,FALSE,NA,parsed_table,FALSE,12903,625,209,61.73684210526316,1209,107.72878695532383,0.0891056964063886,NA,NA
20260401-clam-Day2-36C-C-vs-S,/Users/sr320/Documents/GitHub/resazurin-assay-development/data/clam/20260401-clam-Day2-36C-C-vs-S/plate-F-T0.0.txt,plate-F-T0.0.txt,f,0,2026-04-01T08:15:18Z,24,"528/20,528/20",C,1,C1,NA,SELECTED,NA,SELECTED,NA,NA,TWEED,64,NA,NA,NA,238.33,NA,FALSE,FALSE,NA,parsed_table,FALSE,906,0,201,4.507462686567164,906,3.8014517685562033,0.004195862879201108,NA,NA
20260401-clam-Day2-36C-C-vs-S,/Users/sr320/Documents/GitHub/resazurin-assay-development/data/clam/20260401-clam-Day2-36C-C-vs-S/plate-F-T1.0.txt,plate-F-T1.0.txt,f,1,2026-04-01T09:07:31Z,25.1,"528/20,528/20",C,1,C1,NA,SELECTED,NA,SELECTED,NA,NA,TWEED,64,NA,NA,NA,238.33,NA,FALSE,FALSE,NA,parsed_table,FALSE,5913,5007,203,29.12807881773399,906,24.81013720471615,0.02738425740034895,NA,NA
20260401-clam-Day2-36C-C-vs-S,/Users/sr320/Documents/GitHub/resazurin-assay-development/data/clam/20260401-clam-Day2-36C-C-vs-S/plate-F-T2.0.txt,plate-F-T2.0.txt,f,2,2026-04-01T10:32:34Z,25.9,"528/20,528/20",C,1,C1,NA,SELECTED,NA,SELECTED,NA,NA,TWEED,64,NA,NA,NA,238.33,NA,FALSE,FALSE,NA,parsed_table,FALSE,10066,4153,207,48.628019323671495,906,42.23555574203835,0.046617611194302806,NA,NA
20260401-clam-Day2-36C-C-vs-S,/Users/sr320/Documents/GitHub/resazurin-assay-development/data/clam/20260401-clam-Day2-36C-C-vs-S/plate-F-T3.0.txt,plate-F-T3.0.txt,f,3,2026-04-01T11:39:17Z,26.3,"528/20,528/20",C,1,C1,NA,SELECTED,NA,SELECTED,NA,NA,TWEED,64,NA,NA,NA,238.33,NA,FALSE,FALSE,NA,parsed_table,FALSE,11054,988,211,52.388625592417064,906,46.38106826668904,0.05119323208243824,NA,NA
20260401-clam-Day2-36C-C-vs-S,/Users/sr320/Documents/GitHub/resazurin-assay-development/data/clam/20260401-clam-Day2-36C-C-vs-S/plate-F-T4.0.txt,plate-F-T4.0.txt,f,4,2026-04-01T12:45:36Z,26.5,"528/20,528/20",C,1,C1,NA,SELECTED,NA,SELECTED,NA,NA,TWEED,64,NA,NA,NA,238.33,NA,FALSE,FALSE,NA,parsed_table,FALSE,11471,417,209,54.88516746411483,906,48.130743087315906,0.053124440493726166,NA,NA
20260401-clam-Day2-36C-C-vs-S,/Users/sr320/Documents/GitHub/resazurin-assay-development/data/clam/20260401-clam-Day2-36C-C-vs-S/plate-F-T0.0.txt,plate-F-T0.0.txt,f,0,2026-04-01T08:15:18Z,24,"528/20,528/20",C,2,C2,NA,NA,NA,NA,NA,NA,NA,NA,NA,NA,NA,NA,NA,TRUE,FALSE,NA,parsed_table,FALSE,201,0,201,1,NA,NA,NA,NA,NA
20260401-clam-Day2-36C-C-vs-S,/Users/sr320/Documents/GitHub/resazurin-assay-development/data/clam/20260401-clam-Day2-36C-C-vs-S/plate-F-T1.0.txt,plate-F-T1.0.txt,f,1,2026-04-01T09:07:31Z,25.1,"528/20,528/20",C,2,C2,NA,NA,NA,NA,NA,NA,NA,NA,NA,NA,NA,NA,NA,TRUE,FALSE,NA,parsed_table,FALSE,203,2,203,1,NA,NA,NA,NA,NA
20260401-clam-Day2-36C-C-vs-S,/Users/sr320/Documents/GitHub/resazurin-assay-development/data/clam/20260401-clam-Day2-36C-C-vs-S/plate-F-T2.0.txt,plate-F-T2.0.txt,f,2,2026-04-01T10:32:34Z,25.9,"528/20,528/20",C,2,C2,NA,NA,NA,NA,NA,NA,NA,NA,NA,NA,NA,NA,NA,TRUE,FALSE,NA,parsed_table,FALSE,207,4,207,1,NA,NA,NA,NA,NA
20260401-clam-Day2-36C-C-vs-S,/Users/sr320/Documents/GitHub/resazurin-assay-development/data/clam/20260401-clam-Day2-36C-C-vs-S/plate-F-T3.0.txt,plate-F-T3.0.txt,f,3,2026-04-01T11:39:17Z,26.3,"528/20,528/20",C,2,C2,NA,NA,NA,NA,NA,NA,NA,NA,NA,NA,NA,NA,NA,TRUE,FALSE,NA,parsed_table,FALSE,211,4,211,1,NA,NA,NA,NA,NA
20260401-clam-Day2-36C-C-vs-S,/Users/sr320/Documents/GitHub/resazurin-assay-development/data/clam/20260401-clam-Day2-36C-C-vs-S/plate-F-T4.0.txt,plate-F-T4.0.txt,f,4,2026-04-01T12:45:36Z,26.5,"528/20,528/20",C,2,C2,NA,NA,NA,NA,NA,NA,NA,NA,NA,NA,NA,NA,NA,TRUE,FALSE,NA,parsed_table,FALSE,209,-2,209,1,NA,NA,NA,NA,NA
20260401-clam-Day2-36C-C-vs-S,/Users/sr320/Documents/GitHub/resazurin-assay-development/data/clam/20260401-clam-Day2-36C-C-vs-S/plate-F-T0.0.txt,plate-F-T0.0.txt,f,0,2026-04-01T08:15:18Z,24,"528/20,528/20",C,3,C3,NA,CONTROL,NA,CONTROL,NA,NA,TWEED,65,NA,NA,NA,116.868,NA,FALSE,FALSE,NA,parsed_table,FALSE,684,0,201,3.4029850746268657,684,5.852756956566383,0.008556662217202315,NA,NA
20260401-clam-Day2-36C-C-vs-S,/Users/sr320/Documents/GitHub/resazurin-assay-development/data/clam/20260401-clam-Day2-36C-C-vs-S/plate-F-T1.0.txt,plate-F-T1.0.txt,f,1,2026-04-01T09:07:31Z,25.1,"528/20,528/20",C,3,C3,NA,CONTROL,NA,CONTROL,NA,NA,TWEED,65,NA,NA,NA,116.868,NA,FALSE,FALSE,NA,parsed_table,FALSE,3365,2681,203,16.576354679802957,684,28.793168360885787,0.04209527538141197,NA,NA
20260401-clam-Day2-36C-C-vs-S,/Users/sr320/Documents/GitHub/resazurin-assay-development/data/clam/20260401-clam-Day2-36C-C-vs-S/plate-F-T2.0.txt,plate-F-T2.0.txt,f,2,2026-04-01T10:32:34Z,25.9,"528/20,528/20",C,3,C3,NA,CONTROL,NA,CONTROL,NA,NA,TWEED,65,NA,NA,NA,116.868,NA,FALSE,FALSE,NA,parsed_table,FALSE,6258,2893,207,30.231884057971016,684,53.54759215525208,0.078285953443351,NA,NA
20260401-clam-Day2-36C-C-vs-S,/Users/sr320/Documents/GitHub/resazurin-assay-development/data/clam/20260401-clam-Day2-36C-C-vs-S/plate-F-T3.0.txt,plate-F-T3.0.txt,f,3,2026-04-01T11:39:17Z,26.3,"528/20,528/20",C,3,C3,NA,CONTROL,NA,CONTROL,NA,NA,TWEED,65,NA,NA,NA,116.868,NA,FALSE,FALSE,NA,parsed_table,FALSE,10218,3960,211,48.426540284360186,684,87.43197453537324,0.12782452417452228,NA,NA
20260401-clam-Day2-36C-C-vs-S,/Users/sr320/Documents/GitHub/resazurin-assay-development/data/clam/20260401-clam-Day2-36C-C-vs-S/plate-F-T4.0.txt,plate-F-T4.0.txt,f,4,2026-04-01T12:45:36Z,26.5,"528/20,528/20",C,3,C3,NA,CONTROL,NA,CONTROL,NA,NA,TWEED,65,NA,NA,NA,116.868,NA,FALSE,FALSE,NA,parsed_table,FALSE,10523,305,209,50.34928229665072,684,90.04175651161995,0.13163999490002917,NA,NA
20260401-clam-Day2-36C-C-vs-S,/Users/sr320/Documents/GitHub/resazurin-assay-development/data/clam/20260401-clam-Day2-36C-C-vs-S/plate-F-T0.0.txt,plate-F-T0.0.txt,f,0,2026-04-01T08:15:18Z,24,"528/20,528/20",C,4,C4,NA,CONTROL,NA,CONTROL,NA,NA,BLUE,66,NA,NA,NA,148.844,NA,FALSE,FALSE,NA,parsed_table,FALSE,1410,0,201,7.014925373134329,1410,9.473005294133456,0.006718443471016635,NA,NA
20260401-clam-Day2-36C-C-vs-S,/Users/sr320/Documents/GitHub/resazurin-assay-development/data/clam/20260401-clam-Day2-36C-C-vs-S/plate-F-T1.0.txt,plate-F-T1.0.txt,f,1,2026-04-01T09:07:31Z,25.1,"528/20,528/20",C,4,C4,NA,CONTROL,NA,CONTROL,NA,NA,BLUE,66,NA,NA,NA,148.844,NA,FALSE,FALSE,NA,parsed_table,FALSE,6029,4619,203,29.699507389162562,1410,40.505495686759296,0.028727301905503048,NA,NA
20260401-clam-Day2-36C-C-vs-S,/Users/sr320/Documents/GitHub/resazurin-assay-development/data/clam/20260401-clam-Day2-36C-C-vs-S/plate-F-T2.0.txt,plate-F-T2.0.txt,f,2,2026-04-01T10:32:34Z,25.9,"528/20,528/20",C,4,C4,NA,CONTROL,NA,CONTROL,NA,NA,BLUE,66,NA,NA,NA,148.844,NA,FALSE,FALSE,NA,parsed_table,FALSE,8567,2538,207,41.38647342995169,1410,57.55690521619951,0.04082050015333299,NA,NA
20260401-clam-Day2-36C-C-vs-S,/Users/sr320/Documents/GitHub/resazurin-assay-development/data/clam/20260401-clam-Day2-36C-C-vs-S/plate-F-T3.0.txt,plate-F-T3.0.txt,f,3,2026-04-01T11:39:17Z,26.3,"528/20,528/20",C,4,C4,NA,CONTROL,NA,CONTROL,NA,NA,BLUE,66,NA,NA,NA,148.844,NA,FALSE,FALSE,NA,parsed_table,FALSE,8728,161,211,41.36492890995261,1410,58.63857461503319,0.04158764157094552,NA,NA
20260401-clam-Day2-36C-C-vs-S,/Users/sr320/Documents/GitHub/resazurin-assay-development/data/clam/20260401-clam-Day2-36C-C-vs-S/plate-F-T4.0.txt,plate-F-T4.0.txt,f,4,2026-04-01T12:45:36Z,26.5,"528/20,528/20",C,4,C4,NA,CONTROL,NA,CONTROL,NA,NA,BLUE,66,NA,NA,NA,148.844,NA,FALSE,FALSE,NA,parsed_table,FALSE,8779,51,209,42.004784688995215,1410,58.98121523205504,0.041830649100748254,NA,NA
20260528-rphi-36C,/Users/sr320/Documents/GitHub/resazurin-assay-development/data/clam/20260528-rphi-36C/plate-B-T0.0.txt,plate-B-T0.0.txt,b,0,2026-05-28T08:37:14Z,24.7,"528/20,528/20",A,1,A1,NA,SELECTED,NA,SELECTED,NA,NA,TWEED,1,NA,NA,NA,211.688,NA,FALSE,FALSE,NA,parsed_table,FALSE,178,0,114,1.5614035087719298,178,0.8408601337817921,0.0047239333358527645,NA,NA
20260528-rphi-36C,/Users/sr320/Documents/GitHub/resazurin-assay-development/data/clam/20260528-rphi-36C/plate-B-T0.5.txt,plate-B-T0.5.txt,b,0.5,2026-05-28T09:08:10Z,25.2,"528/20,528/20",A,1,A1,NA,SELECTED,NA,SELECTED,NA,NA,TWEED,1,NA,NA,NA,211.688,NA,FALSE,FALSE,NA,parsed_table,FALSE,468,290,115,4.069565217391304,178,2.210800801179094,0.01242022922010727,NA,NA
20260528-rphi-36C,/Users/sr320/Documents/GitHub/resazurin-assay-development/data/clam/20260528-rphi-36C/plate-B-T1.0.txt,plate-B-T1.0.txt,b,1,2026-05-28T09:41:47Z,25.5,"528/20,528/20",A,1,A1,NA,SELECTED,NA,SELECTED,NA,NA,TWEED,1,NA,NA,NA,211.688,NA,FALSE,FALSE,NA,parsed_table,FALSE,747,279,118,6.330508474576271,178,3.528778201882015,0.019824596639786606,NA,NA
20260528-rphi-36C,/Users/sr320/Documents/GitHub/resazurin-assay-development/data/clam/20260528-rphi-36C/plate-B-T1.5.txt,plate-B-T1.5.txt,b,1.5,2026-05-28T10:16:20Z,25.7,"528/20,528/20",A,1,A1,NA,SELECTED,NA,SELECTED,NA,NA,TWEED,1,NA,NA,NA,211.688,NA,FALSE,FALSE,NA,parsed_table,FALSE,935,188,122,7.663934426229508,178,4.416877669022335,0.024813919488889523,NA,NA
20260528-rphi-36C,/Users/sr320/Documents/GitHub/resazurin-assay-development/data/clam/20260528-rphi-36C/plate-B-T2.0.txt,plate-B-T2.0.txt,b,2,2026-05-28T10:55:06Z,25.9,"528/20,528/20",A,1,A1,NA,SELECTED,NA,SELECTED,NA,NA,TWEED,1,NA,NA,NA,211.688,NA,FALSE,FALSE,NA,parsed_table,FALSE,1165,230,125,9.32,178,5.503382336268471,0.030917878293643095,NA,NA
20260528-rphi-36C,/Users/sr320/Documents/GitHub/resazurin-assay-development/data/clam/20260528-rphi-36C/plate-B-T2.5.txt,plate-B-T2.5.txt,b,2.5,2026-05-28T11:25:45Z,25.9,"528/20,528/20",A,1,A1,NA,SELECTED,NA,SELECTED,NA,NA,TWEED,1,NA,NA,NA,211.688,NA,FALSE,FALSE,NA,parsed_table,FALSE,1430,265,127,11.259842519685039,178,6.755224670269453,0.03795070039477221,NA,NA
20260528-rphi-36C,/Users/sr320/Documents/GitHub/resazurin-assay-development/data/clam/20260528-rphi-36C/plate-B-T3.0.txt,plate-B-T3.0.txt,b,3,2026-05-28T12:00:17Z,25.9,"528/20,528/20",A,1,A1,NA,SELECTED,NA,SELECTED,NA,NA,TWEED,1,NA,NA,NA,211.688,NA,FALSE,FALSE,NA,parsed_table,FALSE,1812,382,127,14.26771653543307,178,8.55976720456521,0.04808857980092815,NA,NA
20260528-rphi-36C,/Users/sr320/Documents/GitHub/resazurin-assay-development/data/clam/20260528-rphi-36C/plate-B-T3.5.txt,plate-B-T3.5.txt,b,3.5,2026-05-28T12:28:42Z,25.9,"528/20,528/20",A,1,A1,NA,SELECTED,NA,SELECTED,NA,NA,TWEED,1,NA,NA,NA,211.688,NA,FALSE,FALSE,NA,parsed_table,FALSE,2065,253,128,16.1328125,178,9.754922338535959,0.05480293448615707,NA,NA
20260528-rphi-36C,/Users/sr320/Documents/GitHub/resazurin-assay-development/data/clam/20260528-rphi-36C/plate-B-T4.0.txt,plate-B-T4.0.txt,b,4,2026-05-28T13:03:34Z,25.8,"528/20,528/20",A,1,A1,NA,SELECTED,NA,SELECTED,NA,NA,TWEED,1,NA,NA,NA,211.688,NA,FALSE,FALSE,NA,parsed_table,FALSE,2366,301,129,18.34108527131783,178,11.176826272627642,0.06279115883498675,NA,NA
20260528-rphi-36C,/Users/sr320/Documents/GitHub/resazurin-assay-development/data/clam/20260528-rphi-36C/plate-B-T0.0.txt,plate-B-T0.0.txt,b,0,2026-05-28T08:37:14Z,24.7,"528/20,528/20",A,2,A2,NA,SELECTED,NA,SELECTED,NA,NA,BLUE,2,NA,NA,NA,194.349,NA,FALSE,FALSE,NA,parsed_table,FALSE,183,0,114,1.605263157894737,183,0.9416050507077475,0.005145382790752718,NA,NA
20260528-rphi-36C,/Users/sr320/Documents/GitHub/resazurin-assay-development/data/clam/20260528-rphi-36C/plate-B-T0.5.txt,plate-B-T0.5.txt,b,0.5,2026-05-28T09:08:10Z,25.2,"528/20,528/20",A,2,A2,NA,SELECTED,NA,SELECTED,NA,NA,BLUE,2,NA,NA,NA,194.349,NA,FALSE,FALSE,NA,parsed_table,FALSE,424,241,115,3.6869565217391305,183,2.1816423032791525,0.011921542640869686,NA,NA
20260528-rphi-36C,/Users/sr320/Documents/GitHub/resazurin-assay-development/data/clam/20260528-rphi-36C/plate-B-T1.0.txt,plate-B-T1.0.txt,b,1,2026-05-28T09:41:47Z,25.5,"528/20,528/20",A,2,A2,NA,SELECTED,NA,SELECTED,NA,NA,BLUE,2,NA,NA,NA,194.349,NA,FALSE,FALSE,NA,parsed_table,FALSE,652,228,118,5.52542372881356,183,3.3547895795707725,0.018332183494922254,NA,NA
20260528-rphi-36C,/Users/sr320/Documents/GitHub/resazurin-assay-development/data/clam/20260528-rphi-36C/plate-B-T1.5.txt,plate-B-T1.5.txt,b,1.5,2026-05-28T10:16:20Z,25.7,"528/20,528/20",A,2,A2,NA,SELECTED,NA,SELECTED,NA,NA,BLUE,2,NA,NA,NA,194.349,NA,FALSE,FALSE,NA,parsed_table,FALSE,828,176,122,6.786885245901639,183,4.260376950743251,0.023280748364717215,NA,NA
20260528-rphi-36C,/Users/sr320/Documents/GitHub/resazurin-assay-development/data/clam/20260528-rphi-36C/plate-B-T2.0.txt,plate-B-T2.0.txt,b,2,2026-05-28T10:55:06Z,25.9,"528/20,528/20",A,2,A2,NA,SELECTED,NA,SELECTED,NA,NA,BLUE,2,NA,NA,NA,194.349,NA,FALSE,FALSE,NA,parsed_table,FALSE,1051,223,125,8.408,183,5.407797313081107,0.029550804989514245,NA,NA
20260528-rphi-36C,/Users/sr320/Documents/GitHub/resazurin-assay-development/data/clam/20260528-rphi-36C/plate-B-T2.5.txt,plate-B-T2.5.txt,b,2.5,2026-05-28T11:25:45Z,25.9,"528/20,528/20",A,2,A2,NA,SELECTED,NA,SELECTED,NA,NA,BLUE,2,NA,NA,NA,194.349,NA,FALSE,FALSE,NA,parsed_table,FALSE,1102,51,127,8.67716535433071,183,5.6702118354094955,0.03098476412792074,NA,NA
20260528-rphi-36C,/Users/sr320/Documents/GitHub/resazurin-assay-development/data/clam/20260528-rphi-36C/plate-B-T3.0.txt,plate-B-T3.0.txt,b,3,2026-05-28T12:00:17Z,25.9,"528/20,528/20",A,2,A2,NA,SELECTED,NA,SELECTED,NA,NA,BLUE,2,NA,NA,NA,194.349,NA,FALSE,FALSE,NA,parsed_table,FALSE,1279,177,127,10.070866141732283,183,6.580944589372726,0.035961445843566815,NA,NA
20260528-rphi-36C,/Users/sr320/Documents/GitHub/resazurin-assay-development/data/clam/20260528-rphi-36C/plate-B-T3.5.txt,plate-B-T3.5.txt,b,3.5,2026-05-28T12:28:42Z,25.9,"528/20,528/20",A,2,A2,NA,SELECTED,NA,SELECTED,NA,NA,BLUE,2,NA,NA,NA,194.349,NA,FALSE,FALSE,NA,parsed_table,FALSE,1367,88,128,10.6796875,183,7.033738274958966,0.038435728278464296,NA,NA
20260528-rphi-36C,/Users/sr320/Documents/GitHub/resazurin-assay-development/data/clam/20260528-rphi-36C/plate-B-T4.0.txt,plate-B-T4.0.txt,b,4,2026-05-28T13:03:34Z,25.8,"528/20,528/20",A,2,A2,NA,SELECTED,NA,SELECTED,NA,NA,BLUE,2,NA,NA,NA,194.349,NA,FALSE,FALSE,NA,parsed_table,FALSE,1490,123,129,11.550387596899224,183,7.66662035822155,0.04189410031815055,NA,NA
20260528-rphi-36C,/Users/sr320/Documents/GitHub/resazurin-assay-development/data/clam/20260528-rphi-36C/plate-B-T0.0.txt,plate-B-T0.0.txt,b,0,2026-05-28T08:37:14Z,24.7,"528/20,528/20",A,3,A3,NA,CONTROL,NA,CONTROL,NA,NA,TWEED,3,NA,NA,NA,183.861,NA,FALSE,FALSE,NA,parsed_table,FALSE,192,0,114,1.6842105263157894,192,1.044267136586878,0.005438891336389991,NA,NA
20260528-rphi-36C,/Users/sr320/Documents/GitHub/resazurin-assay-development/data/clam/20260528-rphi-36C/plate-B-T0.5.txt,plate-B-T0.5.txt,b,0.5,2026-05-28T09:08:10Z,25.2,"528/20,528/20",A,3,A3,NA,CONTROL,NA,CONTROL,NA,NA,TWEED,3,NA,NA,NA,183.861,NA,FALSE,FALSE,NA,parsed_table,FALSE,399,207,115,3.4695652173913043,192,2.1701176432196063,0.011302696058435448,NA,NA
20260528-rphi-36C,/Users/sr320/Documents/GitHub/resazurin-assay-development/data/clam/20260528-rphi-36C/plate-B-T1.0.txt,plate-B-T1.0.txt,b,1,2026-05-28T09:41:47Z,25.5,"528/20,528/20",A,3,A3,NA,CONTROL,NA,CONTROL,NA,NA,TWEED,3,NA,NA,NA,183.861,NA,FALSE,FALSE,NA,parsed_table,FALSE,612,213,118,5.186440677966102,192,3.3286014978706744,0.017336466134743093,NA,NA
20260528-rphi-36C,/Users/sr320/Documents/GitHub/resazurin-assay-development/data/clam/20260528-rphi-36C/plate-B-T1.5.txt,plate-B-T1.5.txt,b,1.5,2026-05-28T10:16:20Z,25.7,"528/20,528/20",A,3,A3,NA,CONTROL,NA,CONTROL,NA,NA,TWEED,3,NA,NA,NA,183.861,NA,FALSE,FALSE,NA,parsed_table,FALSE,714,102,122,5.852459016393443,192,3.883368414182453,0.020225877157200277,NA,NA
20260528-rphi-36C,/Users/sr320/Documents/GitHub/resazurin-assay-development/data/clam/20260528-rphi-36C/plate-B-T2.0.txt,plate-B-T2.0.txt,b,2,2026-05-28T10:55:06Z,25.9,"528/20,528/20",A,3,A3,NA,CONTROL,NA,CONTROL,NA,NA,TWEED,3,NA,NA,NA,183.861,NA,FALSE,FALSE,NA,parsed_table,FALSE,918,204,125,7.344,192,4.992902246806011,0.026004699202114644,NA,NA
20260528-rphi-36C,/Users/sr320/Documents/GitHub/resazurin-assay-development/data/clam/20260528-rphi-36C/plate-B-T2.5.txt,plate-B-T2.5.txt,b,2.5,2026-05-28T11:25:45Z,25.9,"528/20,528/20",A,3,A3,NA,CONTROL,NA,CONTROL,NA,NA,TWEED,3,NA,NA,NA,183.861,NA,FALSE,FALSE,NA,parsed_table,FALSE,1018,100,127,8.015748031496063,192,5.536791380445011,0.028837455106484427,NA,NA
20260528-rphi-36C,/Users/sr320/Documents/GitHub/resazurin-assay-development/data/clam/20260528-rphi-36C/plate-B-T3.0.txt,plate-B-T3.0.txt,b,3,2026-05-28T12:00:17Z,25.9,"528/20,528/20",A,3,A3,NA,CONTROL,NA,CONTROL,NA,NA,TWEED,3,NA,NA,NA,183.861,NA,FALSE,FALSE,NA,parsed_table,FALSE,1153,135,127,9.078740157480315,192,6.271041710857659,0.03266167557738364,NA,NA
20260528-rphi-36C,/Users/sr320/Documents/GitHub/resazurin-assay-development/data/clam/20260528-rphi-36C/plate-B-T3.5.txt,plate-B-T3.5.txt,b,3.5,2026-05-28T12:28:42Z,25.9,"528/20,528/20",A,3,A3,NA,CONTROL,NA,CONTROL,NA,NA,TWEED,3,NA,NA,NA,183.861,NA,FALSE,FALSE,NA,parsed_table,FALSE,1244,91,128,9.71875,192,6.765980822469149,0.03523948345036015,NA,NA
20260528-rphi-36C,/Users/sr320/Documents/GitHub/resazurin-assay-development/data/clam/20260528-rphi-36C/plate-B-T4.0.txt,plate-B-T4.0.txt,b,4,2026-05-28T13:03:34Z,25.8,"528/20,528/20",A,3,A3,NA,CONTROL,NA,CONTROL,NA,NA,TWEED,3,NA,NA,NA,183.861,NA,FALSE,FALSE,NA,parsed_table,FALSE,1290,46,129,10,192,7.016169823943088,0.03654255116637025,NA,NA
20260528-rphi-36C,/Users/sr320/Documents/GitHub/resazurin-assay-development/data/clam/20260528-rphi-36C/plate-B-T0.0.txt,plate-B-T0.0.txt,b,0,2026-05-28T08:37:14Z,24.7,"528/20,528/20",A,4,A4,NA,CONTROL,NA,CONTROL,NA,NA,BLUE,4,NA,NA,NA,124.956,NA,FALSE,FALSE,NA,parsed_table,FALSE,149,0,114,1.3070175438596492,149,1.1924197317455745,0.008002816991581037,NA,NA
20260528-rphi-36C,/Users/sr320/Documents/GitHub/resazurin-assay-development/data/clam/20260528-rphi-36C/plate-B-T0.5.txt,plate-B-T0.5.txt,b,0.5,2026-05-28T09:08:10Z,25.2,"528/20,528/20",A,4,A4,NA,CONTROL,NA,CONTROL,NA,NA,BLUE,4,NA,NA,NA,124.956,NA,FALSE,FALSE,NA,parsed_table,FALSE,264,115,115,2.2956521739130435,149,2.1127436857773936,0.014179487824009353,NA,NA
20260528-rphi-36C,/Users/sr320/Documents/GitHub/resazurin-assay-development/data/clam/20260528-rphi-36C/plate-B-T1.0.txt,plate-B-T1.0.txt,b,1,2026-05-28T09:41:47Z,25.5,"528/20,528/20",A,4,A4,NA,CONTROL,NA,CONTROL,NA,NA,BLUE,4,NA,NA,NA,124.956,NA,FALSE,FALSE,NA,parsed_table,FALSE,418,154,118,3.542372881355932,149,3.345177502480873,0.022450855721348143,NA,NA
20260528-rphi-36C,/Users/sr320/Documents/GitHub/resazurin-assay-development/data/clam/20260528-rphi-36C/plate-B-T1.5.txt,plate-B-T1.5.txt,b,1.5,2026-05-28T10:16:20Z,25.7,"528/20,528/20",A,4,A4,NA,CONTROL,NA,CONTROL,NA,NA,BLUE,4,NA,NA,NA,124.956,NA,FALSE,FALSE,NA,parsed_table,FALSE,520,102,122,4.262295081967213,149,4.161464835622139,0.0279292941988063,NA,NA
20260528-rphi-36C,/Users/sr320/Documents/GitHub/resazurin-assay-development/data/clam/20260528-rphi-36C/plate-B-T2.0.txt,plate-B-T2.0.txt,b,2,2026-05-28T10:55:06Z,25.9,"528/20,528/20",A,4,A4,NA,CONTROL,NA,CONTROL,NA,NA,BLUE,4,NA,NA,NA,124.956,NA,FALSE,FALSE,NA,parsed_table,FALSE,623,103,125,4.984,149,4.985754985754985,0.033461442857416014,NA,NA
20260528-rphi-36C,/Users/sr320/Documents/GitHub/resazurin-assay-development/data/clam/20260528-rphi-36C/plate-B-T2.5.txt,plate-B-T2.5.txt,b,2.5,2026-05-28T11:25:45Z,25.9,"528/20,528/20",A,4,A4,NA,CONTROL,NA,CONTROL,NA,NA,BLUE,4,NA,NA,NA,124.956,NA,FALSE,FALSE,NA,parsed_table,FALSE,693,70,127,5.456692913385827,149,5.545952175165658,0.037221155538024554,NA,NA
20260528-rphi-36C,/Users/sr320/Documents/GitHub/resazurin-assay-development/data/clam/20260528-rphi-36C/plate-B-T3.0.txt,plate-B-T3.0.txt,b,3,2026-05-28T12:00:17Z,25.9,"528/20,528/20",A,4,A4,NA,CONTROL,NA,CONTROL,NA,NA,BLUE,4,NA,NA,NA,124.956,NA,FALSE,FALSE,NA,parsed_table,FALSE,753,60,127,5.929133858267717,149,6.02612119466052,0.04044376640711759,NA,NA
20260528-rphi-36C,/Users/sr320/Documents/GitHub/resazurin-assay-development/data/clam/20260528-rphi-36C/plate-B-T3.5.txt,plate-B-T3.5.txt,b,3.5,2026-05-28T12:28:42Z,25.9,"528/20,528/20",A,4,A4,NA,CONTROL,NA,CONTROL,NA,NA,BLUE,4,NA,NA,NA,124.956,NA,FALSE,FALSE,NA,parsed_table,FALSE,803,50,128,6.2734375,149,6.426262044239572,0.04312927546469511,NA,NA
20260528-rphi-36C,/Users/sr320/Documents/GitHub/resazurin-assay-development/data/clam/20260528-rphi-36C/plate-B-T4.0.txt,plate-B-T4.0.txt,b,4,2026-05-28T13:03:34Z,25.8,"528/20,528/20",A,4,A4,NA,CONTROL,NA,CONTROL,NA,NA,BLUE,4,NA,NA,NA,124.956,NA,FALSE,FALSE,NA,parsed_table,FALSE,829,26,129,6.426356589147287,149,6.634335286020679,0.044525740174635425,NA,NA
20260528-rphi-36C,/Users/sr320/Documents/GitHub/resazurin-assay-development/data/clam/20260528-rphi-36C/plate-B-T0.0.txt,plate-B-T0.0.txt,b,0,2026-05-28T08:37:14Z,24.7,"528/20,528/20",B,1,B1,NA,SELECTED,NA,SELECTED,NA,NA,TWEED,5,NA,NA,NA,297.767,NA,FALSE,FALSE,NA,parsed_table,FALSE,224,0,114,1.9649122807017543,224,0.7522660335094218,0.0033583305067384902,NA,NA
20260528-rphi-36C,/Users/sr320/Documents/GitHub/resazurin-assay-development/data/clam/20260528-rphi-36C/plate-B-T0.5.txt,plate-B-T0.5.txt,b,0.5,2026-05-28T09:08:10Z,25.2,"528/20,528/20",B,1,B1,NA,SELECTED,NA,SELECTED,NA,NA,TWEED,5,NA,NA,NA,297.767,NA,FALSE,FALSE,NA,parsed_table,FALSE,556,332,115,4.834782608695652,224,1.8672317617466005,0.008335856079225896,NA,NA
20260528-rphi-36C,/Users/sr320/Documents/GitHub/resazurin-assay-development/data/clam/20260528-rphi-36C/plate-B-T1.0.txt,plate-B-T1.0.txt,b,1,2026-05-28T09:41:47Z,25.5,"528/20,528/20",B,1,B1,NA,SELECTED,NA,SELECTED,NA,NA,TWEED,5,NA,NA,NA,297.767,NA,FALSE,FALSE,NA,parsed_table,FALSE,960,404,118,8.135593220338983,224,3.2239972864689506,0.014392845028879244,NA,NA
20260528-rphi-36C,/Users/sr320/Documents/GitHub/resazurin-assay-development/data/clam/20260528-rphi-36C/plate-B-T1.5.txt,plate-B-T1.5.txt,b,1.5,2026-05-28T10:16:20Z,25.7,"528/20,528/20",B,1,B1,NA,SELECTED,NA,SELECTED,NA,NA,TWEED,5,NA,NA,NA,297.767,NA,FALSE,FALSE,NA,parsed_table,FALSE,1223,263,122,10.024590163934427,224,4.1072382097411735,0.018335884864915955,NA,NA
20260528-rphi-36C,/Users/sr320/Documents/GitHub/resazurin-assay-development/data/clam/20260528-rphi-36C/plate-B-T2.0.txt,plate-B-T2.0.txt,b,2,2026-05-28T10:55:06Z,25.9,"528/20,528/20",B,1,B1,NA,SELECTED,NA,SELECTED,NA,NA,TWEED,5,NA,NA,NA,297.767,NA,FALSE,FALSE,NA,parsed_table,FALSE,1471,248,125,11.768,224,4.940104175412319,0.022054036497376424,NA,NA
20260528-rphi-36C,/Users/sr320/Documents/GitHub/resazurin-assay-development/data/clam/20260528-rphi-36C/plate-B-T2.5.txt,plate-B-T2.5.txt,b,2.5,2026-05-28T11:25:45Z,25.9,"528/20,528/20",B,1,B1,NA,SELECTED,NA,SELECTED,NA,NA,TWEED,5,NA,NA,NA,297.767,NA,FALSE,FALSE,NA,parsed_table,FALSE,1645,174,127,12.952755905511811,224,5.524453683584817,0.02466273965886079,NA,NA
20260528-rphi-36C,/Users/sr320/Documents/GitHub/resazurin-assay-development/data/clam/20260528-rphi-36C/plate-B-T3.0.txt,plate-B-T3.0.txt,b,3,2026-05-28T12:00:17Z,25.9,"528/20,528/20",B,1,B1,NA,SELECTED,NA,SELECTED,NA,NA,TWEED,5,NA,NA,NA,297.767,NA,FALSE,FALSE,NA,parsed_table,FALSE,1816,171,127,14.299212598425196,224,6.098728200237098,0.027226465179629903,NA,NA
20260528-rphi-36C,/Users/sr320/Documents/GitHub/resazurin-assay-development/data/clam/20260528-rphi-36C/plate-B-T3.5.txt,plate-B-T3.5.txt,b,3.5,2026-05-28T12:28:42Z,25.9,"528/20,528/20",B,1,B1,NA,SELECTED,NA,SELECTED,NA,NA,TWEED,5,NA,NA,NA,297.767,NA,FALSE,FALSE,NA,parsed_table,FALSE,1940,124,128,15.15625,224,6.515161183072671,0.02908554099586014,NA,NA
20260528-rphi-36C,/Users/sr320/Documents/GitHub/resazurin-assay-development/data/clam/20260528-rphi-36C/plate-B-T4.0.txt,plate-B-T4.0.txt,b,4,2026-05-28T13:03:34Z,25.8,"528/20,528/20",B,1,B1,NA,SELECTED,NA,SELECTED,NA,NA,TWEED,5,NA,NA,NA,297.767,NA,FALSE,FALSE,NA,parsed_table,FALSE,2030,90,129,15.736434108527131,224,6.817410928679135,0.030434870217317566,NA,NA
20260528-rphi-36C,/Users/sr320/Documents/GitHub/resazurin-assay-development/data/clam/20260528-rphi-36C/plate-B-T0.0.txt,plate-B-T0.0.txt,b,0,2026-05-28T08:37:14Z,24.7,"528/20,528/20",B,2,B2,NA,SELECTED,NA,SELECTED,NA,NA,BLUE,6,NA,NA,NA,143.734,NA,FALSE,FALSE,NA,parsed_table,FALSE,149,0,114,1.3070175438596492,149,1.0366371213491588,0.006957296116437308,NA,NA
20260528-rphi-36C,/Users/sr320/Documents/GitHub/resazurin-assay-development/data/clam/20260528-rphi-36C/plate-B-T0.5.txt,plate-B-T0.5.txt,b,0.5,2026-05-28T09:08:10Z,25.2,"528/20,528/20",B,2,B2,NA,SELECTED,NA,SELECTED,NA,NA,BLUE,6,NA,NA,NA,143.734,NA,FALSE,FALSE,NA,parsed_table,FALSE,284,135,115,2.4695652173913043,149,1.9758720970681953,0.013260886557504665,NA,NA
20260528-rphi-36C,/Users/sr320/Documents/GitHub/resazurin-assay-development/data/clam/20260528-rphi-36C/plate-B-T1.0.txt,plate-B-T1.0.txt,b,1,2026-05-28T09:41:47Z,25.5,"528/20,528/20",B,2,B2,NA,SELECTED,NA,SELECTED,NA,NA,BLUE,6,NA,NA,NA,143.734,NA,FALSE,FALSE,NA,parsed_table,FALSE,450,166,118,3.8135593220338984,149,3.1307832523967885,0.021011968136891195,NA,NA
20260528-rphi-36C,/Users/sr320/Documents/GitHub/resazurin-assay-development/data/clam/20260528-rphi-36C/plate-B-T1.5.txt,plate-B-T1.5.txt,b,1.5,2026-05-28T10:16:20Z,25.7,"528/20,528/20",B,2,B2,NA,SELECTED,NA,SELECTED,NA,NA,BLUE,6,NA,NA,NA,143.734,NA,FALSE,FALSE,NA,parsed_table,FALSE,544,94,122,4.459016393442623,149,3.7847690873418953,0.025401134814375136,NA,NA
20260528-rphi-36C,/Users/sr320/Documents/GitHub/resazurin-assay-development/data/clam/20260528-rphi-36C/plate-B-T2.0.txt,plate-B-T2.0.txt,b,2,2026-05-28T10:55:06Z,25.9,"528/20,528/20",B,2,B2,NA,SELECTED,NA,SELECTED,NA,NA,BLUE,6,NA,NA,NA,143.734,NA,FALSE,FALSE,NA,parsed_table,FALSE,714,170,125,5.712,149,4.967509427136237,0.033338989443867366,NA,NA
20260528-rphi-36C,/Users/sr320/Documents/GitHub/resazurin-assay-development/data/clam/20260528-rphi-36C/plate-B-T2.5.txt,plate-B-T2.5.txt,b,2.5,2026-05-28T11:25:45Z,25.9,"528/20,528/20",B,2,B2,NA,SELECTED,NA,SELECTED,NA,NA,BLUE,6,NA,NA,NA,143.734,NA,FALSE,FALSE,NA,parsed_table,FALSE,809,95,127,6.3700787401574805,149,5.628452558197782,0.037774849383877734,NA,NA
20260528-rphi-36C,/Users/sr320/Documents/GitHub/resazurin-assay-development/data/clam/20260528-rphi-36C/plate-B-T3.0.txt,plate-B-T3.0.txt,b,3,2026-05-28T12:00:17Z,25.9,"528/20,528/20",B,2,B2,NA,SELECTED,NA,SELECTED,NA,NA,BLUE,6,NA,NA,NA,143.734,NA,FALSE,FALSE,NA,parsed_table,FALSE,908,99,127,7.149606299212598,149,6.317224873725075,0.04239748237399379,NA,NA
20260528-rphi-36C,/Users/sr320/Documents/GitHub/resazurin-assay-development/data/clam/20260528-rphi-36C/plate-B-T3.5.txt,plate-B-T3.5.txt,b,3.5,2026-05-28T12:28:42Z,25.9,"528/20,528/20",B,2,B2,NA,SELECTED,NA,SELECTED,NA,NA,BLUE,6,NA,NA,NA,143.734,NA,FALSE,FALSE,NA,parsed_table,FALSE,989,81,128,7.7265625,149,6.880765859156497,0.046179636638634204,NA,NA
20260528-rphi-36C,/Users/sr320/Documents/GitHub/resazurin-assay-development/data/clam/20260528-rphi-36C/plate-B-T4.0.txt,plate-B-T4.0.txt,b,4,2026-05-28T13:03:34Z,25.8,"528/20,528/20",B,2,B2,NA,SELECTED,NA,SELECTED,NA,NA,BLUE,6,NA,NA,NA,143.734,NA,FALSE,FALSE,NA,parsed_table,FALSE,1024,35,129,7.937984496124031,149,7.124271223231803,0.04781390082705908,NA,NA
20260528-rphi-36C,/Users/sr320/Documents/GitHub/resazurin-assay-development/data/clam/20260528-rphi-36C/plate-B-T0.0.txt,plate-B-T0.0.txt,b,0,2026-05-28T08:37:14Z,24.7,"528/20,528/20",B,3,B3,NA,CONTROL,NA,CONTROL,NA,NA,TWEED,7,NA,NA,NA,107.619,NA,FALSE,FALSE,NA,parsed_table,FALSE,161,0,114,1.412280701754386,161,1.4960183610700712,0.009292039509751996,NA,NA
20260528-rphi-36C,/Users/sr320/Documents/GitHub/resazurin-assay-development/data/clam/20260528-rphi-36C/plate-B-T0.5.txt,plate-B-T0.5.txt,b,0.5,2026-05-28T09:08:10Z,25.2,"528/20,528/20",B,3,B3,NA,CONTROL,NA,CONTROL,NA,NA,TWEED,7,NA,NA,NA,107.619,NA,FALSE,FALSE,NA,parsed_table,FALSE,242,81,115,2.1043478260869564,161,2.248673561359983,0.01396691653018623,NA,NA
20260528-rphi-36C,/Users/sr320/Documents/GitHub/resazurin-assay-development/data/clam/20260528-rphi-36C/plate-B-T1.0.txt,plate-B-T1.0.txt,b,1,2026-05-28T09:41:47Z,25.5,"528/20,528/20",B,3,B3,NA,CONTROL,NA,CONTROL,NA,NA,TWEED,7,NA,NA,NA,107.619,NA,FALSE,FALSE,NA,parsed_table,FALSE,341,99,118,2.889830508474576,161,3.1685854728254306,0.019680655110716958,NA,NA
20260528-rphi-36C,/Users/sr320/Documents/GitHub/resazurin-assay-development/data/clam/20260528-rphi-36C/plate-B-T1.5.txt,plate-B-T1.5.txt,b,1.5,2026-05-28T10:16:20Z,25.7,"528/20,528/20",B,3,B3,NA,CONTROL,NA,CONTROL,NA,NA,TWEED,7,NA,NA,NA,107.619,NA,FALSE,FALSE,NA,parsed_table,FALSE,413,72,122,3.3852459016393444,161,3.837612317527574,0.023836101351102944,NA,NA
20260528-rphi-36C,/Users/sr320/Documents/GitHub/resazurin-assay-development/data/clam/20260528-rphi-36C/plate-B-T2.0.txt,plate-B-T2.0.txt,b,2,2026-05-28T10:55:06Z,25.9,"528/20,528/20",B,3,B3,NA,CONTROL,NA,CONTROL,NA,NA,TWEED,7,NA,NA,NA,107.619,NA,FALSE,FALSE,NA,parsed_table,FALSE,491,78,125,3.928,161,4.56239139928823,0.028337834778187763,NA,NA
20260528-rphi-36C,/Users/sr320/Documents/GitHub/resazurin-assay-development/data/clam/20260528-rphi-36C/plate-B-T2.5.txt,plate-B-T2.5.txt,b,2.5,2026-05-28T11:25:45Z,25.9,"528/20,528/20",B,3,B3,NA,CONTROL,NA,CONTROL,NA,NA,TWEED,7,NA,NA,NA,107.619,NA,FALSE,FALSE,NA,parsed_table,FALSE,539,48,127,4.244094488188976,161,5.0084092957563255,0.031108132271778423,NA,NA
20260528-rphi-36C,/Users/sr320/Documents/GitHub/resazurin-assay-development/data/clam/20260528-rphi-36C/plate-B-T3.0.txt,plate-B-T3.0.txt,b,3,2026-05-28T12:00:17Z,25.9,"528/20,528/20",B,3,B3,NA,CONTROL,NA,CONTROL,NA,NA,TWEED,7,NA,NA,NA,107.619,NA,FALSE,FALSE,NA,parsed_table,FALSE,584,45,127,4.5984251968503935,161,5.426551073695165,0.03370528617201966,NA,NA
20260528-rphi-36C,/Users/sr320/Documents/GitHub/resazurin-assay-development/data/clam/20260528-rphi-36C/plate-B-T3.5.txt,plate-B-T3.5.txt,b,3.5,2026-05-28T12:28:42Z,25.9,"528/20,528/20",B,3,B3,NA,CONTROL,NA,CONTROL,NA,NA,TWEED,7,NA,NA,NA,107.619,NA,FALSE,FALSE,NA,parsed_table,FALSE,620,36,128,4.84375,161,5.761064496046237,0.035783009292212654,NA,NA
20260528-rphi-36C,/Users/sr320/Documents/GitHub/resazurin-assay-development/data/clam/20260528-rphi-36C/plate-B-T4.0.txt,plate-B-T4.0.txt,b,4,2026-05-28T13:03:34Z,25.8,"528/20,528/20",B,3,B3,NA,CONTROL,NA,CONTROL,NA,NA,TWEED,7,NA,NA,NA,107.619,NA,FALSE,FALSE,NA,parsed_table,FALSE,650,30,129,5.038759689922481,161,6.039825681338797,0.037514445225706815,NA,NA
20260528-rphi-36C,/Users/sr320/Documents/GitHub/resazurin-assay-development/data/clam/20260528-rphi-36C/plate-B-T0.0.txt,plate-B-T0.0.txt,b,0,2026-05-28T08:37:14Z,24.7,"528/20,528/20",B,4,B4,NA,CONTROL,NA,CONTROL,NA,NA,BLUE,8,NA,NA,NA,153.249,NA,FALSE,FALSE,NA,parsed_table,FALSE,164,0,114,1.4385964912280702,164,1.0701538019823946,0.0065253280608682605,NA,NA
20260528-rphi-36C,/Users/sr320/Documents/GitHub/resazurin-assay-development/data/clam/20260528-rphi-36C/plate-B-T0.5.txt,plate-B-T0.5.txt,b,0.5,2026-05-28T09:08:10Z,25.2,"528/20,528/20",B,4,B4,NA,CONTROL,NA,CONTROL,NA,NA,BLUE,8,NA,NA,NA,153.249,NA,FALSE,FALSE,NA,parsed_table,FALSE,311,147,115,2.7043478260869565,164,2.029377026930029,0.012374250164207493,NA,NA
20260528-rphi-36C,/Users/sr320/Documents/GitHub/resazurin-assay-development/data/clam/20260528-rphi-36C/plate-B-T1.0.txt,plate-B-T1.0.txt,b,1,2026-05-28T09:41:47Z,25.5,"528/20,528/20",B,4,B4,NA,CONTROL,NA,CONTROL,NA,NA,BLUE,8,NA,NA,NA,153.249,NA,FALSE,FALSE,NA,parsed_table,FALSE,510,199,118,4.322033898305085,164,3.3279173110428126,0.02029217872587081,NA,NA
20260528-rphi-36C,/Users/sr320/Documents/GitHub/resazurin-assay-development/data/clam/20260528-rphi-36C/plate-B-T1.5.txt,plate-B-T1.5.txt,b,1.5,2026-05-28T10:16:20Z,25.7,"528/20,528/20",B,4,B4,NA,CONTROL,NA,CONTROL,NA,NA,BLUE,8,NA,NA,NA,153.249,NA,FALSE,FALSE,NA,parsed_table,FALSE,661,151,122,5.418032786885246,164,4.31324184823392,0.02630025517215805,NA,NA
20260528-rphi-36C,/Users/sr320/Documents/GitHub/resazurin-assay-development/data/clam/20260528-rphi-36C/plate-B-T2.0.txt,plate-B-T2.0.txt,b,2,2026-05-28T10:55:06Z,25.9,"528/20,528/20",B,4,B4,NA,CONTROL,NA,CONTROL,NA,NA,BLUE,8,NA,NA,NA,153.249,NA,FALSE,FALSE,NA,parsed_table,FALSE,786,125,125,6.288,164,5.128907855842453,0.03127382838928325,NA,NA
20260528-rphi-36C,/Users/sr320/Documents/GitHub/resazurin-assay-development/data/clam/20260528-rphi-36C/plate-B-T2.5.txt,plate-B-T2.5.txt,b,2.5,2026-05-28T11:25:45Z,25.9,"528/20,528/20",B,4,B4,NA,CONTROL,NA,CONTROL,NA,NA,BLUE,8,NA,NA,NA,153.249,NA,FALSE,FALSE,NA,parsed_table,FALSE,891,105,127,7.015748031496063,164,5.81406730223362,0.03545162989166841,NA,NA
20260528-rphi-36C,/Users/sr320/Documents/GitHub/resazurin-assay-development/data/clam/20260528-rphi-36C/plate-B-T3.0.txt,plate-B-T3.0.txt,b,3,2026-05-28T12:00:17Z,25.9,"528/20,528/20",B,4,B4,NA,CONTROL,NA,CONTROL,NA,NA,BLUE,8,NA,NA,NA,153.249,NA,FALSE,FALSE,NA,parsed_table,FALSE,972,81,127,7.653543307086614,164,6.342618875163949,0.038674505336365544,NA,NA
20260528-rphi-36C,/Users/sr320/Documents/GitHub/resazurin-assay-development/data/clam/20260528-rphi-36C/plate-B-T3.5.txt,plate-B-T3.5.txt,b,3.5,2026-05-28T12:28:42Z,25.9,"528/20,528/20",B,4,B4,NA,CONTROL,NA,CONTROL,NA,NA,BLUE,8,NA,NA,NA,153.249,NA,FALSE,FALSE,NA,parsed_table,FALSE,1030,58,128,8.046875,164,6.7210879026943084,0.040982243309111634,NA,NA
20260528-rphi-36C,/Users/sr320/Documents/GitHub/resazurin-assay-development/data/clam/20260528-rphi-36C/plate-B-T4.0.txt,plate-B-T4.0.txt,b,4,2026-05-28T13:03:34Z,25.8,"528/20,528/20",B,4,B4,NA,CONTROL,NA,CONTROL,NA,NA,BLUE,8,NA,NA,NA,153.249,NA,FALSE,FALSE,NA,parsed_table,FALSE,1093,63,129,8.472868217054264,164,7.132183570529008,0.043488924210542734,NA,NA
20260528-rphi-36C,/Users/sr320/Documents/GitHub/resazurin-assay-development/data/clam/20260528-rphi-36C/plate-B-T0.0.txt,plate-B-T0.0.txt,b,0,2026-05-28T08:37:14Z,24.7,"528/20,528/20",C,1,C1,NA,NA,NA,NA,NA,NA,NA,NA,NA,NA,NA,NA,NA,TRUE,FALSE,NA,parsed_table,FALSE,114,0,114,1,NA,NA,NA,NA,NA
20260528-rphi-36C,/Users/sr320/Documents/GitHub/resazurin-assay-development/data/clam/20260528-rphi-36C/plate-B-T0.5.txt,plate-B-T0.5.txt,b,0.5,2026-05-28T09:08:10Z,25.2,"528/20,528/20",C,1,C1,NA,NA,NA,NA,NA,NA,NA,NA,NA,NA,NA,NA,NA,TRUE,FALSE,NA,parsed_table,FALSE,115,1,115,1,NA,NA,NA,NA,NA
20260528-rphi-36C,/Users/sr320/Documents/GitHub/resazurin-assay-development/data/clam/20260528-rphi-36C/plate-B-T1.0.txt,plate-B-T1.0.txt,b,1,2026-05-28T09:41:47Z,25.5,"528/20,528/20",C,1,C1,NA,NA,NA,NA,NA,NA,NA,NA,NA,NA,NA,NA,NA,TRUE,FALSE,NA,parsed_table,FALSE,118,3,118,1,NA,NA,NA,NA,NA
20260528-rphi-36C,/Users/sr320/Documents/GitHub/resazurin-assay-development/data/clam/20260528-rphi-36C/plate-B-T1.5.txt,plate-B-T1.5.txt,b,1.5,2026-05-28T10:16:20Z,25.7,"528/20,528/20",C,1,C1,NA,NA,NA,NA,NA,NA,NA,NA,NA,NA,NA,NA,NA,TRUE,FALSE,NA,parsed_table,FALSE,122,4,122,1,NA,NA,NA,NA,NA
20260528-rphi-36C,/Users/sr320/Documents/GitHub/resazurin-assay-development/data/clam/20260528-rphi-36C/plate-B-T2.0.txt,plate-B-T2.0.txt,b,2,2026-05-28T10:55:06Z,25.9,"528/20,528/20",C,1,C1,NA,NA,NA,NA,NA,NA,NA,NA,NA,NA,NA,NA,NA,TRUE,FALSE,NA,parsed_table,FALSE,125,3,125,1,NA,NA,NA,NA,NA
20260528-rphi-36C,/Users/sr320/Documents/GitHub/resazurin-assay-development/data/clam/20260528-rphi-36C/plate-B-T2.5.txt,plate-B-T2.5.txt,b,2.5,2026-05-28T11:25:45Z,25.9,"528/20,528/20",C,1,C1,NA,NA,NA,NA,NA,NA,NA,NA,NA,NA,NA,NA,NA,TRUE,FALSE,NA,parsed_table,FALSE,127,2,127,1,NA,NA,NA,NA,NA
20260528-rphi-36C,/Users/sr320/Documents/GitHub/resazurin-assay-development/data/clam/20260528-rphi-36C/plate-B-T3.0.txt,plate-B-T3.0.txt,b,3,2026-05-28T12:00:17Z,25.9,"528/20,528/20",C,1,C1,NA,NA,NA,NA,NA,NA,NA,NA,NA,NA,NA,NA,NA,TRUE,FALSE,NA,parsed_table,FALSE,127,0,127,1,NA,NA,NA,NA,NA
20260528-rphi-36C,/Users/sr320/Documents/GitHub/resazurin-assay-development/data/clam/20260528-rphi-36C/plate-B-T3.5.txt,plate-B-T3.5.txt,b,3.5,2026-05-28T12:28:42Z,25.9,"528/20,528/20",C,1,C1,NA,NA,NA,NA,NA,NA,NA,NA,NA,NA,NA,NA,NA,TRUE,FALSE,NA,parsed_table,FALSE,128,1,128,1,NA,NA,NA,NA,NA
20260528-rphi-36C,/Users/sr320/Documents/GitHub/resazurin-assay-development/data/clam/20260528-rphi-36C/plate-B-T4.0.txt,plate-B-T4.0.txt,b,4,2026-05-28T13:03:34Z,25.8,"528/20,528/20",C,1,C1,NA,NA,NA,NA,NA,NA,NA,NA,NA,NA,NA,NA,NA,TRUE,FALSE,NA,parsed_table,FALSE,129,1,129,1,NA,NA,NA,NA,NA
20260528-rphi-36C,/Users/sr320/Documents/GitHub/resazurin-assay-development/data/clam/20260528-rphi-36C/plate-B-T0.0.txt,plate-B-T0.0.txt,b,0,2026-05-28T08:37:14Z,24.7,"528/20,528/20",C,2,C2,NA,SELECTED,NA,SELECTED,NA,NA,BLUE,10,NA,NA,NA,190.928,NA,FALSE,FALSE,NA,parsed_table,FALSE,178,0,114,1.5614035087719298,178,0.9322886114137267,0.0052375764686164415,NA,NA
20260528-rphi-36C,/Users/sr320/Documents/GitHub/resazurin-assay-development/data/clam/20260528-rphi-36C/plate-B-T0.5.txt,plate-B-T0.5.txt,b,0.5,2026-05-28T09:08:10Z,25.2,"528/20,528/20",C,2,C2,NA,SELECTED,NA,SELECTED,NA,NA,BLUE,10,NA,NA,NA,190.928,NA,FALSE,FALSE,NA,parsed_table,FALSE,363,185,115,3.1565217391304348,178,1.9012402581077683,0.01068112504554926,NA,NA
20260528-rphi-36C,/Users/sr320/Documents/GitHub/resazurin-assay-development/data/clam/20260528-rphi-36C/plate-B-T1.0.txt,plate-B-T1.0.txt,b,1,2026-05-28T09:41:47Z,25.5,"528/20,528/20",C,2,C2,NA,SELECTED,NA,SELECTED,NA,NA,BLUE,10,NA,NA,NA,190.928,NA,FALSE,FALSE,NA,parsed_table,FALSE,586,223,118,4.966101694915254,178,3.0692198106092348,0.01724280792477098,NA,NA
20260528-rphi-36C,/Users/sr320/Documents/GitHub/resazurin-assay-development/data/clam/20260528-rphi-36C/plate-B-T1.5.txt,plate-B-T1.5.txt,b,1.5,2026-05-28T10:16:20Z,25.7,"528/20,528/20",C,2,C2,NA,SELECTED,NA,SELECTED,NA,NA,BLUE,10,NA,NA,NA,190.928,NA,FALSE,FALSE,NA,parsed_table,FALSE,729,143,122,5.975409836065574,178,3.8181932456213863,0.02145052385180554,NA,NA
20260528-rphi-36C,/Users/sr320/Documents/GitHub/resazurin-assay-development/data/clam/20260528-rphi-36C/plate-B-T2.0.txt,plate-B-T2.0.txt,b,2,2026-05-28T10:55:06Z,25.9,"528/20,528/20",C,2,C2,NA,SELECTED,NA,SELECTED,NA,NA,BLUE,10,NA,NA,NA,190.928,NA,FALSE,FALSE,NA,parsed_table,FALSE,913,184,125,7.304,178,4.781907315846811,0.02686464784183602,NA,NA
20260528-rphi-36C,/Users/sr320/Documents/GitHub/resazurin-assay-development/data/clam/20260528-rphi-36C/plate-B-T2.5.txt,plate-B-T2.5.txt,b,2.5,2026-05-28T11:25:45Z,25.9,"528/20,528/20",C,2,C2,NA,SELECTED,NA,SELECTED,NA,NA,BLUE,10,NA,NA,NA,190.928,NA,FALSE,FALSE,NA,parsed_table,FALSE,1008,95,127,7.937007874015748,178,5.279477080365373,0.029659983597558275,NA,NA
20260528-rphi-36C,/Users/sr320/Documents/GitHub/resazurin-assay-development/data/clam/20260528-rphi-36C/plate-B-T3.0.txt,plate-B-T3.0.txt,b,3,2026-05-28T12:00:17Z,25.9,"528/20,528/20",C,2,C2,NA,SELECTED,NA,SELECTED,NA,NA,BLUE,10,NA,NA,NA,190.928,NA,FALSE,FALSE,NA,parsed_table,FALSE,1093,85,127,8.606299212598426,178,5.724671080197771,0.03216107348425714,NA,NA
20260528-rphi-36C,/Users/sr320/Documents/GitHub/resazurin-assay-development/data/clam/20260528-rphi-36C/plate-B-T3.5.txt,plate-B-T3.5.txt,b,3.5,2026-05-28T12:28:42Z,25.9,"528/20,528/20",C,2,C2,NA,SELECTED,NA,SELECTED,NA,NA,BLUE,10,NA,NA,NA,190.928,NA,FALSE,FALSE,NA,parsed_table,FALSE,1155,62,128,9.0234375,178,6.04940082125199,0.03398539787220219,NA,NA
20260528-rphi-36C,/Users/sr320/Documents/GitHub/resazurin-assay-development/data/clam/20260528-rphi-36C/plate-B-T4.0.txt,plate-B-T4.0.txt,b,4,2026-05-28T13:03:34Z,25.8,"528/20,528/20",C,2,C2,NA,SELECTED,NA,SELECTED,NA,NA,BLUE,10,NA,NA,NA,190.928,NA,FALSE,FALSE,NA,parsed_table,FALSE,1222,67,129,9.472868217054264,178,6.400318444649292,0.03595684519465894,NA,NA
20260528-rphi-36C,/Users/sr320/Documents/GitHub/resazurin-assay-development/data/clam/20260528-rphi-36C/plate-B-T0.0.txt,plate-B-T0.0.txt,b,0,2026-05-28T08:37:14Z,24.7,"528/20,528/20",C,3,C3,NA,CONTROL,NA,CONTROL,NA,NA,TWEED,11,NA,NA,NA,153.814,NA,FALSE,FALSE,NA,parsed_table,FALSE,164,0,114,1.4385964912280702,164,1.06622284057368,0.006501358783985853,NA,NA
20260528-rphi-36C,/Users/sr320/Documents/GitHub/resazurin-assay-development/data/clam/20260528-rphi-36C/plate-B-T0.5.txt,plate-B-T0.5.txt,b,0.5,2026-05-28T09:08:10Z,25.2,"528/20,528/20",C,3,C3,NA,CONTROL,NA,CONTROL,NA,NA,TWEED,11,NA,NA,NA,153.814,NA,FALSE,FALSE,NA,parsed_table,FALSE,307,143,115,2.6695652173913045,164,1.995917146683657,0.01217022650416864,NA,NA
20260528-rphi-36C,/Users/sr320/Documents/GitHub/resazurin-assay-development/data/clam/20260528-rphi-36C/plate-B-T1.0.txt,plate-B-T1.0.txt,b,1,2026-05-28T09:41:47Z,25.5,"528/20,528/20",C,3,C3,NA,CONTROL,NA,CONTROL,NA,NA,TWEED,11,NA,NA,NA,153.814,NA,FALSE,FALSE,NA,parsed_table,FALSE,477,170,118,4.0423728813559325,164,3.101148139961252,0.018909439877812514,NA,NA
20260528-rphi-36C,/Users/sr320/Documents/GitHub/resazurin-assay-development/data/clam/20260528-rphi-36C/plate-B-T1.5.txt,plate-B-T1.5.txt,b,1.5,2026-05-28T10:16:20Z,25.7,"528/20,528/20",C,3,C3,NA,CONTROL,NA,CONTROL,NA,NA,TWEED,11,NA,NA,NA,153.814,NA,FALSE,FALSE,NA,parsed_table,FALSE,601,124,122,4.926229508196721,164,3.9073166291754977,0.02382510139741157,NA,NA
20260528-rphi-36C,/Users/sr320/Documents/GitHub/resazurin-assay-development/data/clam/20260528-rphi-36C/plate-B-T2.0.txt,plate-B-T2.0.txt,b,2,2026-05-28T10:55:06Z,25.9,"528/20,528/20",C,3,C3,NA,CONTROL,NA,CONTROL,NA,NA,TWEED,11,NA,NA,NA,153.814,NA,FALSE,FALSE,NA,parsed_table,FALSE,735,134,125,5.88,164,4.778498706229602,0.02913718723310733,NA,NA
20260528-rphi-36C,/Users/sr320/Documents/GitHub/resazurin-assay-development/data/clam/20260528-rphi-36C/plate-B-T2.5.txt,plate-B-T2.5.txt,b,2.5,2026-05-28T11:25:45Z,25.9,"528/20,528/20",C,3,C3,NA,CONTROL,NA,CONTROL,NA,NA,TWEED,11,NA,NA,NA,153.814,NA,FALSE,FALSE,NA,parsed_table,FALSE,812,77,127,6.393700787401575,164,5.279103332596513,0.03218965446705191,NA,NA
20260528-rphi-36C,/Users/sr320/Documents/GitHub/resazurin-assay-development/data/clam/20260528-rphi-36C/plate-B-T3.0.txt,plate-B-T3.0.txt,b,3,2026-05-28T12:00:17Z,25.9,"528/20,528/20",C,3,C3,NA,CONTROL,NA,CONTROL,NA,NA,TWEED,11,NA,NA,NA,153.814,NA,FALSE,FALSE,NA,parsed_table,FALSE,889,77,127,7,164,5.7797079589634235,0.035242121700996484,NA,NA
20260528-rphi-36C,/Users/sr320/Documents/GitHub/resazurin-assay-development/data/clam/20260528-rphi-36C/plate-B-T3.5.txt,plate-B-T3.5.txt,b,3.5,2026-05-28T12:28:42Z,25.9,"528/20,528/20",C,3,C3,NA,CONTROL,NA,CONTROL,NA,NA,TWEED,11,NA,NA,NA,153.814,NA,FALSE,FALSE,NA,parsed_table,FALSE,940,51,128,7.34375,164,6.111277256946702,0.037263885713089646,NA,NA
20260528-rphi-36C,/Users/sr320/Documents/GitHub/resazurin-assay-development/data/clam/20260528-rphi-36C/plate-B-T4.0.txt,plate-B-T4.0.txt,b,4,2026-05-28T13:03:34Z,25.8,"528/20,528/20",C,3,C3,NA,CONTROL,NA,CONTROL,NA,NA,TWEED,11,NA,NA,NA,153.814,NA,FALSE,FALSE,NA,parsed_table,FALSE,991,51,129,7.682170542635659,164,6.4428465549299805,0.03928564972518281,NA,NA
20260528-rphi-36C,/Users/sr320/Documents/GitHub/resazurin-assay-development/data/clam/20260528-rphi-36C/plate-B-T0.0.txt,plate-B-T0.0.txt,b,0,2026-05-28T08:37:14Z,24.7,"528/20,528/20",C,4,C4,NA,CONTROL,NA,CONTROL,NA,NA,BLUE,12,NA,NA,NA,128.728,NA,FALSE,FALSE,NA,parsed_table,FALSE,152,0,114,1.3333333333333333,152,1.1807842893542972,0.007768317693120377,NA,NA
20260528-rphi-36C,/Users/sr320/Documents/GitHub/resazurin-assay-development/data/clam/20260528-rphi-36C/plate-B-T0.5.txt,plate-B-T0.5.txt,b,0.5,2026-05-28T09:08:10Z,25.2,"528/20,528/20",C,4,C4,NA,CONTROL,NA,CONTROL,NA,NA,BLUE,12,NA,NA,NA,128.728,NA,FALSE,FALSE,NA,parsed_table,FALSE,305,153,115,2.652173913043478,152,2.369336896401715,0.01558774273948497,NA,NA
20260528-rphi-36C,/Users/sr320/Documents/GitHub/resazurin-assay-development/data/clam/20260528-rphi-36C/plate-B-T1.0.txt,plate-B-T1.0.txt,b,1,2026-05-28T09:41:47Z,25.5,"528/20,528/20",C,4,C4,NA,CONTROL,NA,CONTROL,NA,NA,BLUE,12,NA,NA,NA,128.728,NA,FALSE,FALSE,NA,parsed_table,FALSE,479,174,118,4.059322033898305,152,3.721024175004661,0.02448042220397803,NA,NA
20260528-rphi-36C,/Users/sr320/Documents/GitHub/resazurin-assay-development/data/clam/20260528-rphi-36C/plate-B-T1.5.txt,plate-B-T1.5.txt,b,1.5,2026-05-28T10:16:20Z,25.7,"528/20,528/20",C,4,C4,NA,CONTROL,NA,CONTROL,NA,NA,BLUE,12,NA,NA,NA,128.728,NA,FALSE,FALSE,NA,parsed_table,FALSE,594,115,122,4.868852459016393,152,4.614380709713505,0.030357767827062527,NA,NA
20260528-rphi-36C,/Users/sr320/Documents/GitHub/resazurin-assay-development/data/clam/20260528-rphi-36C/plate-B-T2.0.txt,plate-B-T2.0.txt,b,2,2026-05-28T10:55:06Z,25.9,"528/20,528/20",C,4,C4,NA,CONTROL,NA,CONTROL,NA,NA,BLUE,12,NA,NA,NA,128.728,NA,FALSE,FALSE,NA,parsed_table,FALSE,703,109,125,5.624,152,5.461127338263625,0.035928469330681743,NA,NA
20260528-rphi-36C,/Users/sr320/Documents/GitHub/resazurin-assay-development/data/clam/20260528-rphi-36C/plate-B-T2.5.txt,plate-B-T2.5.txt,b,2.5,2026-05-28T11:25:45Z,25.9,"528/20,528/20",C,4,C4,NA,CONTROL,NA,CONTROL,NA,NA,BLUE,12,NA,NA,NA,128.728,NA,FALSE,FALSE,NA,parsed_table,FALSE,757,54,127,5.960629921259843,152,5.880616493692125,0.03868826640586925,NA,NA
20260528-rphi-36C,/Users/sr320/Documents/GitHub/resazurin-assay-development/data/clam/20260528-rphi-36C/plate-B-T3.0.txt,plate-B-T3.0.txt,b,3,2026-05-28T12:00:17Z,25.9,"528/20,528/20",C,4,C4,NA,CONTROL,NA,CONTROL,NA,NA,BLUE,12,NA,NA,NA,128.728,NA,FALSE,FALSE,NA,parsed_table,FALSE,830,73,127,6.535433070866142,152,6.4477036852899134,0.042419103192696796,NA,NA
20260528-rphi-36C,/Users/sr320/Documents/GitHub/resazurin-assay-development/data/clam/20260528-rphi-36C/plate-B-T3.5.txt,plate-B-T3.5.txt,b,3.5,2026-05-28T12:28:42Z,25.9,"528/20,528/20",C,4,C4,NA,CONTROL,NA,CONTROL,NA,NA,BLUE,12,NA,NA,NA,128.728,NA,FALSE,FALSE,NA,parsed_table,FALSE,879,49,128,6.8671875,152,6.828351252252812,0.04492336350166323,NA,NA
20260528-rphi-36C,/Users/sr320/Documents/GitHub/resazurin-assay-development/data/clam/20260528-rphi-36C/plate-B-T4.0.txt,plate-B-T4.0.txt,b,4,2026-05-28T13:03:34Z,25.8,"528/20,528/20",C,4,C4,NA,CONTROL,NA,CONTROL,NA,NA,BLUE,12,NA,NA,NA,128.728,NA,FALSE,FALSE,NA,parsed_table,FALSE,915,36,129,7.093023255813954,152,7.108010689205146,0.046763228218454904,NA,NA
20260528-rphi-36C,/Users/sr320/Documents/GitHub/resazurin-assay-development/data/clam/20260528-rphi-36C/plate-H-T0.0.txt,plate-H-T0.0.txt,h,0,2026-05-28T08:38:07Z,24.8,"528/20,528/20",A,1,A1,NA,SELECTED,NA,SELECTED,NA,NA,TWEED,13,NA,NA,NA,120.733,NA,FALSE,FALSE,NA,parsed_table,FALSE,140,0,112,1.25,140,1.1595835438529647,0.008282739598949748,NA,NA
20260528-rphi-36C,/Users/sr320/Documents/GitHub/resazurin-assay-development/data/clam/20260528-rphi-36C/plate-H-T0.5.txt,plate-H-T0.5.txt,h,0.5,2026-05-28T09:08:55Z,25.2,"528/20,528/20",A,1,A1,NA,SELECTED,NA,SELECTED,NA,NA,TWEED,13,NA,NA,NA,120.733,NA,FALSE,FALSE,NA,parsed_table,FALSE,309,169,117,2.641025641025641,140,2.5593665360754723,0.01828118954339623,NA,NA
20260528-rphi-36C,/Users/sr320/Documents/GitHub/resazurin-assay-development/data/clam/20260528-rphi-36C/plate-H-T1.0.txt,plate-H-T1.0.txt,h,1,2026-05-28T09:42:46Z,25.5,"528/20,528/20",A,1,A1,NA,SELECTED,NA,SELECTED,NA,NA,TWEED,13,NA,NA,NA,120.733,NA,FALSE,FALSE,NA,parsed_table,FALSE,452,143,119,3.7983193277310923,140,3.7437982987252862,0.02674141641946633,NA,NA
20260528-rphi-36C,/Users/sr320/Documents/GitHub/resazurin-assay-development/data/clam/20260528-rphi-36C/plate-H-T1.5.txt,plate-H-T1.5.txt,h,1.5,2026-05-28T10:20:15Z,25.7,"528/20,528/20",A,1,A1,NA,SELECTED,NA,SELECTED,NA,NA,TWEED,13,NA,NA,NA,120.733,NA,FALSE,FALSE,NA,parsed_table,FALSE,582,130,124,4.693548387096774,140,4.820554446588753,0.034432531761348244,NA,NA
20260528-rphi-36C,/Users/sr320/Documents/GitHub/resazurin-assay-development/data/clam/20260528-rphi-36C/plate-H-T2.0.txt,plate-H-T2.0.txt,h,2,2026-05-28T10:56:12Z,25.9,"528/20,528/20",A,1,A1,NA,SELECTED,NA,SELECTED,NA,NA,TWEED,13,NA,NA,NA,120.733,NA,FALSE,FALSE,NA,parsed_table,FALSE,700,118,127,5.511811023622047,140,5.797917719264824,0.04141369799474874,NA,NA
20260528-rphi-36C,/Users/sr320/Documents/GitHub/resazurin-assay-development/data/clam/20260528-rphi-36C/plate-H-T2.5.txt,plate-H-T2.5.txt,h,2.5,2026-05-28T11:26:41Z,26,"528/20,528/20",A,1,A1,NA,SELECTED,NA,SELECTED,NA,NA,TWEED,13,NA,NA,NA,120.733,NA,FALSE,FALSE,NA,parsed_table,FALSE,750,50,130,5.769230769230769,140,6.212054699212311,0.04437181928008793,NA,NA
20260528-rphi-36C,/Users/sr320/Documents/GitHub/resazurin-assay-development/data/clam/20260528-rphi-36C/plate-H-T3.0.txt,plate-H-T3.0.txt,h,3,2026-05-28T12:01:10Z,26,"528/20,528/20",A,1,A1,NA,SELECTED,NA,SELECTED,NA,NA,TWEED,13,NA,NA,NA,120.733,NA,FALSE,FALSE,NA,parsed_table,FALSE,808,58,133,6.075187969924812,140,6.692453595951396,0.04780323997108141,NA,NA
20260528-rphi-36C,/Users/sr320/Documents/GitHub/resazurin-assay-development/data/clam/20260528-rphi-36C/plate-H-T3.5.txt,plate-H-T3.5.txt,h,3.5,2026-05-28T12:29:30Z,25.9,"528/20,528/20",A,1,A1,NA,SELECTED,NA,SELECTED,NA,NA,TWEED,13,NA,NA,NA,120.733,NA,FALSE,FALSE,NA,parsed_table,FALSE,835,27,133,6.2781954887218046,140,6.91608756512304,0.04940062546516457,NA,NA
20260528-rphi-36C,/Users/sr320/Documents/GitHub/resazurin-assay-development/data/clam/20260528-rphi-36C/plate-H-T4.0.txt,plate-H-T4.0.txt,h,4,2026-05-28T13:04:27Z,25.8,"528/20,528/20",A,1,A1,NA,SELECTED,NA,SELECTED,NA,NA,TWEED,13,NA,NA,NA,120.733,NA,FALSE,FALSE,NA,parsed_table,FALSE,887,52,134,6.619402985074627,140,7.346790024268427,0.05247707160191733,NA,NA
20260528-rphi-36C,/Users/sr320/Documents/GitHub/resazurin-assay-development/data/clam/20260528-rphi-36C/plate-H-T0.0.txt,plate-H-T0.0.txt,h,0,2026-05-28T08:38:07Z,24.8,"528/20,528/20",A,2,A2,NA,SELECTED,NA,SELECTED,NA,NA,BLUE,14,NA,NA,NA,122.078,NA,FALSE,FALSE,NA,parsed_table,FALSE,158,0,112,1.4107142857142858,158,1.294254493029047,0.008191484133095233,NA,NA
20260528-rphi-36C,/Users/sr320/Documents/GitHub/resazurin-assay-development/data/clam/20260528-rphi-36C/plate-H-T0.5.txt,plate-H-T0.5.txt,h,0.5,2026-05-28T09:08:55Z,25.2,"528/20,528/20",A,2,A2,NA,SELECTED,NA,SELECTED,NA,NA,BLUE,14,NA,NA,NA,122.078,NA,FALSE,FALSE,NA,parsed_table,FALSE,278,120,117,2.376068376068376,158,2.277232589000475,0.01441286448734478,NA,NA
20260528-rphi-36C,/Users/sr320/Documents/GitHub/resazurin-assay-development/data/clam/20260528-rphi-36C/plate-H-T1.0.txt,plate-H-T1.0.txt,h,1,2026-05-28T09:42:46Z,25.5,"528/20,528/20",A,2,A2,NA,SELECTED,NA,SELECTED,NA,NA,BLUE,14,NA,NA,NA,122.078,NA,FALSE,FALSE,NA,parsed_table,FALSE,471,193,119,3.957983193277311,158,3.8581890266878553,0.02441891789042946,NA,NA
20260528-rphi-36C,/Users/sr320/Documents/GitHub/resazurin-assay-development/data/clam/20260528-rphi-36C/plate-H-T1.5.txt,plate-H-T1.5.txt,h,1.5,2026-05-28T10:20:15Z,25.7,"528/20,528/20",A,2,A2,NA,SELECTED,NA,SELECTED,NA,NA,BLUE,14,NA,NA,NA,122.078,NA,FALSE,FALSE,NA,parsed_table,FALSE,650,179,124,5.241935483870968,158,5.324464686511902,0.033699143585518364,NA,NA
20260528-rphi-36C,/Users/sr320/Documents/GitHub/resazurin-assay-development/data/clam/20260528-rphi-36C/plate-H-T2.0.txt,plate-H-T2.0.txt,h,2,2026-05-28T10:56:12Z,25.9,"528/20,528/20",A,2,A2,NA,SELECTED,NA,SELECTED,NA,NA,BLUE,14,NA,NA,NA,122.078,NA,FALSE,FALSE,NA,parsed_table,FALSE,762,112,127,6,158,6.241910909418569,0.03950576524948461,NA,NA
20260528-rphi-36C,/Users/sr320/Documents/GitHub/resazurin-assay-development/data/clam/20260528-rphi-36C/plate-H-T2.5.txt,plate-H-T2.5.txt,h,2.5,2026-05-28T11:26:41Z,26,"528/20,528/20",A,2,A2,NA,SELECTED,NA,SELECTED,NA,NA,BLUE,14,NA,NA,NA,122.078,NA,FALSE,FALSE,NA,parsed_table,FALSE,847,85,130,6.515384615384615,158,6.938187060731663,0.04391257633374471,NA,NA
20260528-rphi-36C,/Users/sr320/Documents/GitHub/resazurin-assay-development/data/clam/20260528-rphi-36C/plate-H-T3.0.txt,plate-H-T3.0.txt,h,3,2026-05-28T12:01:10Z,26,"528/20,528/20",A,2,A2,NA,SELECTED,NA,SELECTED,NA,NA,BLUE,14,NA,NA,NA,122.078,NA,FALSE,FALSE,NA,parsed_table,FALSE,918,71,133,6.902255639097745,158,7.519782434181425,0.04759355971000902,NA,NA
20260528-rphi-36C,/Users/sr320/Documents/GitHub/resazurin-assay-development/data/clam/20260528-rphi-36C/plate-H-T3.5.txt,plate-H-T3.5.txt,h,3.5,2026-05-28T12:29:30Z,25.9,"528/20,528/20",A,2,A2,NA,SELECTED,NA,SELECTED,NA,NA,BLUE,14,NA,NA,NA,122.078,NA,FALSE,FALSE,NA,parsed_table,FALSE,987,69,133,7.421052631578948,158,8.084994839364995,0.05117085341370251,NA,NA
20260528-rphi-36C,/Users/sr320/Documents/GitHub/resazurin-assay-development/data/clam/20260528-rphi-36C/plate-H-T4.0.txt,plate-H-T4.0.txt,h,4,2026-05-28T13:04:27Z,25.8,"528/20,528/20",A,2,A2,NA,SELECTED,NA,SELECTED,NA,NA,BLUE,14,NA,NA,NA,122.078,NA,FALSE,FALSE,NA,parsed_table,FALSE,1061,74,134,7.917910447761194,158,8.691164665214043,0.05500737129882306,NA,NA
20260528-rphi-36C,/Users/sr320/Documents/GitHub/resazurin-assay-development/data/clam/20260528-rphi-36C/plate-H-T0.0.txt,plate-H-T0.0.txt,h,0,2026-05-28T08:38:07Z,24.8,"528/20,528/20",A,3,A3,NA,CONTROL,NA,CONTROL,NA,NA,TWEED,15,NA,NA,NA,142.904,NA,FALSE,FALSE,NA,parsed_table,FALSE,141,0,112,1.2589285714285714,141,0.9866763701505906,0.0069977047528410686,NA,NA
20260528-rphi-36C,/Users/sr320/Documents/GitHub/resazurin-assay-development/data/clam/20260528-rphi-36C/plate-H-T0.5.txt,plate-H-T0.5.txt,h,0.5,2026-05-28T09:08:55Z,25.2,"528/20,528/20",A,3,A3,NA,CONTROL,NA,CONTROL,NA,NA,TWEED,15,NA,NA,NA,142.904,NA,FALSE,FALSE,NA,parsed_table,FALSE,303,162,117,2.58974358974359,141,2.1203045401108436,0.015037620851849957,NA,NA
20260528-rphi-36C,/Users/sr320/Documents/GitHub/resazurin-assay-development/data/clam/20260528-rphi-36C/plate-H-T1.0.txt,plate-H-T1.0.txt,h,1,2026-05-28T09:42:46Z,25.5,"528/20,528/20",A,3,A3,NA,CONTROL,NA,CONTROL,NA,NA,TWEED,15,NA,NA,NA,142.904,NA,FALSE,FALSE,NA,parsed_table,FALSE,494,191,119,4.151260504201681,141,3.456866147903488,0.024516781190804877,NA,NA
20260528-rphi-36C,/Users/sr320/Documents/GitHub/resazurin-assay-development/data/clam/20260528-rphi-36C/plate-H-T1.5.txt,plate-H-T1.5.txt,h,1.5,2026-05-28T10:20:15Z,25.7,"528/20,528/20",A,3,A3,NA,CONTROL,NA,CONTROL,NA,NA,TWEED,15,NA,NA,NA,142.904,NA,FALSE,FALSE,NA,parsed_table,FALSE,646,152,124,5.209677419354839,141,4.52051727033533,0.03206040617259099,NA,NA
20260528-rphi-36C,/Users/sr320/Documents/GitHub/resazurin-assay-development/data/clam/20260528-rphi-36C/plate-H-T2.0.txt,plate-H-T2.0.txt,h,2,2026-05-28T10:56:12Z,25.9,"528/20,528/20",A,3,A3,NA,CONTROL,NA,CONTROL,NA,NA,TWEED,15,NA,NA,NA,142.904,NA,FALSE,FALSE,NA,parsed_table,FALSE,746,100,127,5.874015748031496,141,5.220287745619437,0.0370233173448187,NA,NA
20260528-rphi-36C,/Users/sr320/Documents/GitHub/resazurin-assay-development/data/clam/20260528-rphi-36C/plate-H-T2.5.txt,plate-H-T2.5.txt,h,2.5,2026-05-28T11:26:41Z,26,"528/20,528/20",A,3,A3,NA,CONTROL,NA,CONTROL,NA,NA,TWEED,15,NA,NA,NA,142.904,NA,FALSE,FALSE,NA,parsed_table,FALSE,817,71,130,6.2846153846153845,141,5.717124783071153,0.04054698427710038,NA,NA
20260528-rphi-36C,/Users/sr320/Documents/GitHub/resazurin-assay-development/data/clam/20260528-rphi-36C/plate-H-T3.0.txt,plate-H-T3.0.txt,h,3,2026-05-28T12:01:10Z,26,"528/20,528/20",A,3,A3,NA,CONTROL,NA,CONTROL,NA,NA,TWEED,15,NA,NA,NA,142.904,NA,FALSE,FALSE,NA,parsed_table,FALSE,868,51,133,6.526315789473684,141,6.074007725466047,0.043078068974936504,NA,NA
20260528-rphi-36C,/Users/sr320/Documents/GitHub/resazurin-assay-development/data/clam/20260528-rphi-36C/plate-H-T3.5.txt,plate-H-T3.5.txt,h,3.5,2026-05-28T12:29:30Z,25.9,"528/20,528/20",A,3,A3,NA,CONTROL,NA,CONTROL,NA,NA,TWEED,15,NA,NA,NA,142.904,NA,FALSE,FALSE,NA,parsed_table,FALSE,916,48,133,6.887218045112782,141,6.409897553602419,0.045460266337605804,NA,NA
20260528-rphi-36C,/Users/sr320/Documents/GitHub/resazurin-assay-development/data/clam/20260528-rphi-36C/plate-H-T4.0.txt,plate-H-T4.0.txt,h,4,2026-05-28T13:04:27Z,25.8,"528/20,528/20",A,3,A3,NA,CONTROL,NA,CONTROL,NA,NA,TWEED,15,NA,NA,NA,142.904,NA,FALSE,FALSE,NA,parsed_table,FALSE,963,47,134,7.186567164179104,141,6.738789676985949,0.047792834588552824,NA,NA
20260528-rphi-36C,/Users/sr320/Documents/GitHub/resazurin-assay-development/data/clam/20260528-rphi-36C/plate-H-T0.0.txt,plate-H-T0.0.txt,h,0,2026-05-28T08:38:07Z,24.8,"528/20,528/20",A,4,A4,NA,CONTROL,NA,CONTROL,NA,NA,BLUE,16,NA,NA,NA,100.656,NA,FALSE,FALSE,NA,parsed_table,FALSE,131,0,112,1.1696428571428572,131,1.301462406612621,0.009934827531394054,NA,NA
20260528-rphi-36C,/Users/sr320/Documents/GitHub/resazurin-assay-development/data/clam/20260528-rphi-36C/plate-H-T0.5.txt,plate-H-T0.5.txt,h,0.5,2026-05-28T09:08:55Z,25.2,"528/20,528/20",A,4,A4,NA,CONTROL,NA,CONTROL,NA,NA,BLUE,16,NA,NA,NA,100.656,NA,FALSE,FALSE,NA,parsed_table,FALSE,194,63,117,1.6581196581196582,131,1.9273565410904465,0.01471264535183547,NA,NA
20260528-rphi-36C,/Users/sr320/Documents/GitHub/resazurin-assay-development/data/clam/20260528-rphi-36C/plate-H-T1.0.txt,plate-H-T1.0.txt,h,1,2026-05-28T09:42:46Z,25.5,"528/20,528/20",A,4,A4,NA,CONTROL,NA,CONTROL,NA,NA,BLUE,16,NA,NA,NA,100.656,NA,FALSE,FALSE,NA,parsed_table,FALSE,279,85,119,2.3445378151260505,131,2.771816881258941,0.02115890749052627,NA,NA
20260528-rphi-36C,/Users/sr320/Documents/GitHub/resazurin-assay-development/data/clam/20260528-rphi-36C/plate-H-T1.5.txt,plate-H-T1.5.txt,h,1.5,2026-05-28T10:20:15Z,25.7,"528/20,528/20",A,4,A4,NA,CONTROL,NA,CONTROL,NA,NA,BLUE,16,NA,NA,NA,100.656,NA,FALSE,FALSE,NA,parsed_table,FALSE,335,56,124,2.7016129032258065,131,3.328167223017008,0.02540585666425197,NA,NA
20260528-rphi-36C,/Users/sr320/Documents/GitHub/resazurin-assay-development/data/clam/20260528-rphi-36C/plate-H-T2.0.txt,plate-H-T2.0.txt,h,2,2026-05-28T10:56:12Z,25.9,"528/20,528/20",A,4,A4,NA,CONTROL,NA,CONTROL,NA,NA,BLUE,16,NA,NA,NA,100.656,NA,FALSE,FALSE,NA,parsed_table,FALSE,380,45,127,2.9921259842519685,131,3.775234461929741,0.028818583678852983,NA,NA
20260528-rphi-36C,/Users/sr320/Documents/GitHub/resazurin-assay-development/data/clam/20260528-rphi-36C/plate-H-T2.5.txt,plate-H-T2.5.txt,h,2.5,2026-05-28T11:26:41Z,26,"528/20,528/20",A,4,A4,NA,CONTROL,NA,CONTROL,NA,NA,BLUE,16,NA,NA,NA,100.656,NA,FALSE,FALSE,NA,parsed_table,FALSE,406,26,130,3.123076923076923,131,4.033539977745986,0.030790381509511345,NA,NA
20260528-rphi-36C,/Users/sr320/Documents/GitHub/resazurin-assay-development/data/clam/20260528-rphi-36C/plate-H-T3.0.txt,plate-H-T3.0.txt,h,3,2026-05-28T12:01:10Z,26,"528/20,528/20",A,4,A4,NA,CONTROL,NA,CONTROL,NA,NA,BLUE,16,NA,NA,NA,100.656,NA,FALSE,FALSE,NA,parsed_table,FALSE,425,19,133,3.1954887218045114,131,4.222301700842473,0.032231310693453995,NA,NA
20260528-rphi-36C,/Users/sr320/Documents/GitHub/resazurin-assay-development/data/clam/20260528-rphi-36C/plate-H-T3.5.txt,plate-H-T3.5.txt,h,3.5,2026-05-28T12:29:30Z,25.9,"528/20,528/20",A,4,A4,NA,CONTROL,NA,CONTROL,NA,NA,BLUE,16,NA,NA,NA,100.656,NA,FALSE,FALSE,NA,parsed_table,FALSE,448,23,133,3.3684210526315788,131,4.450802734064537,0.033975593389805624,NA,NA
20260528-rphi-36C,/Users/sr320/Documents/GitHub/resazurin-assay-development/data/clam/20260528-rphi-36C/plate-H-T4.0.txt,plate-H-T4.0.txt,h,4,2026-05-28T13:04:27Z,25.8,"528/20,528/20",A,4,A4,NA,CONTROL,NA,CONTROL,NA,NA,BLUE,16,NA,NA,NA,100.656,NA,FALSE,FALSE,NA,parsed_table,FALSE,470,22,134,3.5074626865671643,131,4.669368939755206,0.03564403770805501,NA,NA
20260528-rphi-36C,/Users/sr320/Documents/GitHub/resazurin-assay-development/data/clam/20260528-rphi-36C/plate-H-T0.0.txt,plate-H-T0.0.txt,h,0,2026-05-28T08:38:07Z,24.8,"528/20,528/20",B,1,B1,NA,SELECTED,NA,SELECTED,NA,NA,TWEED,17,NA,NA,NA,195.276,NA,FALSE,FALSE,NA,parsed_table,FALSE,169,0,112,1.5089285714285714,169,0.8654417337512034,0.00512095700444499,NA,NA
20260528-rphi-36C,/Users/sr320/Documents/GitHub/resazurin-assay-development/data/clam/20260528-rphi-36C/plate-H-T0.5.txt,plate-H-T0.5.txt,h,0.5,2026-05-28T09:08:55Z,25.2,"528/20,528/20",B,1,B1,NA,SELECTED,NA,SELECTED,NA,NA,TWEED,17,NA,NA,NA,195.276,NA,FALSE,FALSE,NA,parsed_table,FALSE,401,232,117,3.427350427350427,169,2.053503758782441,0.012150909815280716,NA,NA
20260528-rphi-36C,/Users/sr320/Documents/GitHub/resazurin-assay-development/data/clam/20260528-rphi-36C/plate-H-T1.0.txt,plate-H-T1.0.txt,h,1,2026-05-28T09:42:46Z,25.5,"528/20,528/20",B,1,B1,NA,SELECTED,NA,SELECTED,NA,NA,TWEED,17,NA,NA,NA,195.276,NA,FALSE,FALSE,NA,parsed_table,FALSE,622,221,119,5.226890756302521,169,3.185235256764784,0.018847545898016474,NA,NA
20260528-rphi-36C,/Users/sr320/Documents/GitHub/resazurin-assay-development/data/clam/20260528-rphi-36C/plate-H-T1.5.txt,plate-H-T1.5.txt,h,1.5,2026-05-28T10:20:15Z,25.7,"528/20,528/20",B,1,B1,NA,SELECTED,NA,SELECTED,NA,NA,TWEED,17,NA,NA,NA,195.276,NA,FALSE,FALSE,NA,parsed_table,FALSE,824,202,124,6.645161290322581,169,4.219668571662672,0.024968453086761374,NA,NA
20260528-rphi-36C,/Users/sr320/Documents/GitHub/resazurin-assay-development/data/clam/20260528-rphi-36C/plate-H-T2.0.txt,plate-H-T2.0.txt,h,2,2026-05-28T10:56:12Z,25.9,"528/20,528/20",B,1,B1,NA,SELECTED,NA,SELECTED,NA,NA,TWEED,17,NA,NA,NA,195.276,NA,FALSE,FALSE,NA,parsed_table,FALSE,1002,178,127,7.889763779527559,169,5.13119891845388,0.03036212377783361,NA,NA
20260528-rphi-36C,/Users/sr320/Documents/GitHub/resazurin-assay-development/data/clam/20260528-rphi-36C/plate-H-T2.5.txt,plate-H-T2.5.txt,h,2.5,2026-05-28T11:26:41Z,26,"528/20,528/20",B,1,B1,NA,SELECTED,NA,SELECTED,NA,NA,TWEED,17,NA,NA,NA,195.276,NA,FALSE,FALSE,NA,parsed_table,FALSE,1065,63,130,8.192307692307692,169,5.453819209733915,0.03227111958422435,NA,NA
20260528-rphi-36C,/Users/sr320/Documents/GitHub/resazurin-assay-development/data/clam/20260528-rphi-36C/plate-H-T3.0.txt,plate-H-T3.0.txt,h,3,2026-05-28T12:01:10Z,26,"528/20,528/20",B,1,B1,NA,SELECTED,NA,SELECTED,NA,NA,TWEED,17,NA,NA,NA,195.276,NA,FALSE,FALSE,NA,parsed_table,FALSE,1182,117,133,8.887218045112782,169,6.052971179253979,0.03581639751037857,NA,NA
20260528-rphi-36C,/Users/sr320/Documents/GitHub/resazurin-assay-development/data/clam/20260528-rphi-36C/plate-H-T3.5.txt,plate-H-T3.5.txt,h,3.5,2026-05-28T12:29:30Z,25.9,"528/20,528/20",B,1,B1,NA,SELECTED,NA,SELECTED,NA,NA,TWEED,17,NA,NA,NA,195.276,NA,FALSE,FALSE,NA,parsed_table,FALSE,1262,80,133,9.488721804511279,169,6.462647739609578,0.038240519169287446,NA,NA
20260528-rphi-36C,/Users/sr320/Documents/GitHub/resazurin-assay-development/data/clam/20260528-rphi-36C/plate-H-T4.0.txt,plate-H-T4.0.txt,h,4,2026-05-28T13:04:27Z,25.8,"528/20,528/20",B,1,B1,NA,SELECTED,NA,SELECTED,NA,NA,TWEED,17,NA,NA,NA,195.276,NA,FALSE,FALSE,NA,parsed_table,FALSE,1353,91,134,10.097014925373134,169,6.928654827014072,0.04099795755629629,NA,NA
20260528-rphi-36C,/Users/sr320/Documents/GitHub/resazurin-assay-development/data/clam/20260528-rphi-36C/plate-H-T0.0.txt,plate-H-T0.0.txt,h,0,2026-05-28T08:38:07Z,24.8,"528/20,528/20",B,2,B2,NA,SELECTED,NA,SELECTED,NA,NA,BLUE,18,NA,NA,NA,165.075,NA,FALSE,FALSE,NA,parsed_table,FALSE,143,0,112,1.2767857142857142,143,0.8662729062547327,0.006057852491291838,NA,NA
20260528-rphi-36C,/Users/sr320/Documents/GitHub/resazurin-assay-development/data/clam/20260528-rphi-36C/plate-H-T0.5.txt,plate-H-T0.5.txt,h,0.5,2026-05-28T09:08:55Z,25.2,"528/20,528/20",B,2,B2,NA,SELECTED,NA,SELECTED,NA,NA,BLUE,18,NA,NA,NA,165.075,NA,FALSE,FALSE,NA,parsed_table,FALSE,285,142,117,2.4358974358974357,143,1.7264879600181737,0.012073342377749466,NA,NA
20260528-rphi-36C,/Users/sr320/Documents/GitHub/resazurin-assay-development/data/clam/20260528-rphi-36C/plate-H-T1.0.txt,plate-H-T1.0.txt,h,1,2026-05-28T09:42:46Z,25.5,"528/20,528/20",B,2,B2,NA,SELECTED,NA,SELECTED,NA,NA,BLUE,18,NA,NA,NA,165.075,NA,FALSE,FALSE,NA,parsed_table,FALSE,432,147,119,3.630252100840336,143,2.616992276238074,0.018300645288378138,NA,NA
20260528-rphi-36C,/Users/sr320/Documents/GitHub/resazurin-assay-development/data/clam/20260528-rphi-36C/plate-H-T1.5.txt,plate-H-T1.5.txt,h,1.5,2026-05-28T10:20:15Z,25.7,"528/20,528/20",B,2,B2,NA,SELECTED,NA,SELECTED,NA,NA,BLUE,18,NA,NA,NA,165.075,NA,FALSE,FALSE,NA,parsed_table,FALSE,532,100,124,4.290322580645161,143,3.2227775253672575,0.022536905771799006,NA,NA
20260528-rphi-36C,/Users/sr320/Documents/GitHub/resazurin-assay-development/data/clam/20260528-rphi-36C/plate-H-T2.0.txt,plate-H-T2.0.txt,h,2,2026-05-28T10:56:12Z,25.9,"528/20,528/20",B,2,B2,NA,SELECTED,NA,SELECTED,NA,NA,BLUE,18,NA,NA,NA,165.075,NA,FALSE,FALSE,NA,parsed_table,FALSE,624,92,127,4.913385826771654,143,3.7800999545661065,0.0264342654165462,NA,NA
20260528-rphi-36C,/Users/sr320/Documents/GitHub/resazurin-assay-development/data/clam/20260528-rphi-36C/plate-H-T2.5.txt,plate-H-T2.5.txt,h,2.5,2026-05-28T11:26:41Z,26,"528/20,528/20",B,2,B2,NA,SELECTED,NA,SELECTED,NA,NA,BLUE,18,NA,NA,NA,165.075,NA,FALSE,FALSE,NA,parsed_table,FALSE,701,77,130,5.392307692307693,143,4.246554596395578,0.02969618598878027,NA,NA
20260528-rphi-36C,/Users/sr320/Documents/GitHub/resazurin-assay-development/data/clam/20260528-rphi-36C/plate-H-T3.0.txt,plate-H-T3.0.txt,h,3,2026-05-28T12:01:10Z,26,"528/20,528/20",B,2,B2,NA,SELECTED,NA,SELECTED,NA,NA,BLUE,18,NA,NA,NA,165.075,NA,FALSE,FALSE,NA,parsed_table,FALSE,753,52,133,5.661654135338346,143,4.561562925942754,0.031899041440159114,NA,NA
20260528-rphi-36C,/Users/sr320/Documents/GitHub/resazurin-assay-development/data/clam/20260528-rphi-36C/plate-H-T3.5.txt,plate-H-T3.5.txt,h,3.5,2026-05-28T12:29:30Z,25.9,"528/20,528/20",B,2,B2,NA,SELECTED,NA,SELECTED,NA,NA,BLUE,18,NA,NA,NA,165.075,NA,FALSE,FALSE,NA,parsed_table,FALSE,801,48,133,6.022556390977444,143,4.852339845524762,0.03393244647220113,NA,NA
20260528-rphi-36C,/Users/sr320/Documents/GitHub/resazurin-assay-development/data/clam/20260528-rphi-36C/plate-H-T4.0.txt,plate-H-T4.0.txt,h,4,2026-05-28T13:04:27Z,25.8,"528/20,528/20",B,2,B2,NA,SELECTED,NA,SELECTED,NA,NA,BLUE,18,NA,NA,NA,165.075,NA,FALSE,FALSE,NA,parsed_table,FALSE,852,51,134,6.358208955223881,143,5.161290322580646,0.03609293931874578,NA,NA
20260528-rphi-36C,/Users/sr320/Documents/GitHub/resazurin-assay-development/data/clam/20260528-rphi-36C/plate-H-T0.0.txt,plate-H-T0.0.txt,h,0,2026-05-28T08:38:07Z,24.8,"528/20,528/20",B,3,B3,NA,CONTROL,NA,CONTROL,NA,NA,TWEED,19,NA,NA,NA,109.886,NA,FALSE,FALSE,NA,parsed_table,FALSE,133,0,112,1.1875,133,1.2103452669129826,0.009100340352729193,NA,NA
20260528-rphi-36C,/Users/sr320/Documents/GitHub/resazurin-assay-development/data/clam/20260528-rphi-36C/plate-H-T0.5.txt,plate-H-T0.5.txt,h,0.5,2026-05-28T09:08:55Z,25.2,"528/20,528/20",B,3,B3,NA,CONTROL,NA,CONTROL,NA,NA,TWEED,19,NA,NA,NA,109.886,NA,FALSE,FALSE,NA,parsed_table,FALSE,248,115,117,2.1196581196581197,133,2.2568844074768397,0.016969055695314584,NA,NA
20260528-rphi-36C,/Users/sr320/Documents/GitHub/resazurin-assay-development/data/clam/20260528-rphi-36C/plate-H-T1.0.txt,plate-H-T1.0.txt,h,1,2026-05-28T09:42:46Z,25.5,"528/20,528/20",B,3,B3,NA,CONTROL,NA,CONTROL,NA,NA,TWEED,19,NA,NA,NA,109.886,NA,FALSE,FALSE,NA,parsed_table,FALSE,391,143,119,3.2857142857142856,133,3.558233077917114,0.026753632164790334,NA,NA
20260528-rphi-36C,/Users/sr320/Documents/GitHub/resazurin-assay-development/data/clam/20260528-rphi-36C/plate-H-T1.5.txt,plate-H-T1.5.txt,h,1.5,2026-05-28T10:20:15Z,25.7,"528/20,528/20",B,3,B3,NA,CONTROL,NA,CONTROL,NA,NA,TWEED,19,NA,NA,NA,109.886,NA,FALSE,FALSE,NA,parsed_table,FALSE,463,72,124,3.7338709677419355,133,4.213457583313616,0.03168013220536554,NA,NA
20260528-rphi-36C,/Users/sr320/Documents/GitHub/resazurin-assay-development/data/clam/20260528-rphi-36C/plate-H-T2.0.txt,plate-H-T2.0.txt,h,2,2026-05-28T10:56:12Z,25.9,"528/20,528/20",B,3,B3,NA,CONTROL,NA,CONTROL,NA,NA,TWEED,19,NA,NA,NA,109.886,NA,FALSE,FALSE,NA,parsed_table,FALSE,596,133,127,4.692913385826771,133,5.423802850226599,0.04078047255809473,NA,NA
20260528-rphi-36C,/Users/sr320/Documents/GitHub/resazurin-assay-development/data/clam/20260528-rphi-36C/plate-H-T2.5.txt,plate-H-T2.5.txt,h,2.5,2026-05-28T11:26:41Z,26,"528/20,528/20",B,3,B3,NA,CONTROL,NA,CONTROL,NA,NA,TWEED,19,NA,NA,NA,109.886,NA,FALSE,FALSE,NA,parsed_table,FALSE,963,367,130,7.407692307692308,133,8.763627759678212,0.06589193804269333,NA,NA
20260528-rphi-36C,/Users/sr320/Documents/GitHub/resazurin-assay-development/data/clam/20260528-rphi-36C/plate-H-T3.0.txt,plate-H-T3.0.txt,h,3,2026-05-28T12:01:10Z,26,"528/20,528/20",B,3,B3,NA,CONTROL,NA,CONTROL,NA,NA,TWEED,19,NA,NA,NA,109.886,NA,FALSE,FALSE,NA,parsed_table,FALSE,1187,224,133,8.924812030075188,133,10.802103998689551,0.08121882705781618,NA,NA
20260528-rphi-36C,/Users/sr320/Documents/GitHub/resazurin-assay-development/data/clam/20260528-rphi-36C/plate-H-T3.5.txt,plate-H-T3.5.txt,h,3.5,2026-05-28T12:29:30Z,25.9,"528/20,528/20",B,3,B3,NA,CONTROL,NA,CONTROL,NA,NA,TWEED,19,NA,NA,NA,109.886,NA,FALSE,FALSE,NA,parsed_table,FALSE,1375,188,133,10.338345864661655,133,12.51296798500264,0.09408246605265143,NA,NA
20260528-rphi-36C,/Users/sr320/Documents/GitHub/resazurin-assay-development/data/clam/20260528-rphi-36C/plate-H-T4.0.txt,plate-H-T4.0.txt,h,4,2026-05-28T13:04:27Z,25.8,"528/20,528/20",B,3,B3,NA,CONTROL,NA,CONTROL,NA,NA,TWEED,19,NA,NA,NA,109.886,NA,FALSE,FALSE,NA,parsed_table,FALSE,1534,159,134,11.447761194029852,133,13.959922101086581,0.10496182030892166,NA,NA
20260528-rphi-36C,/Users/sr320/Documents/GitHub/resazurin-assay-development/data/clam/20260528-rphi-36C/plate-H-T0.0.txt,plate-H-T0.0.txt,h,0,2026-05-28T08:38:07Z,24.8,"528/20,528/20",B,4,B4,NA,CONTROL,NA,CONTROL,NA,NA,BLUE,20,NA,NA,NA,152.797,NA,FALSE,FALSE,NA,parsed_table,FALSE,156,0,112,1.3928571428571428,156,1.0209624534513113,0.0065446311118673795,NA,NA
20260528-rphi-36C,/Users/sr320/Documents/GitHub/resazurin-assay-development/data/clam/20260528-rphi-36C/plate-H-T0.5.txt,plate-H-T0.5.txt,h,0.5,2026-05-28T09:08:55Z,25.2,"528/20,528/20",B,4,B4,NA,CONTROL,NA,CONTROL,NA,NA,BLUE,20,NA,NA,NA,152.797,NA,FALSE,FALSE,NA,parsed_table,FALSE,256,100,117,2.1880341880341883,156,1.6754255646380491,0.01073990746562852,NA,NA
20260528-rphi-36C,/Users/sr320/Documents/GitHub/resazurin-assay-development/data/clam/20260528-rphi-36C/plate-H-T1.0.txt,plate-H-T1.0.txt,h,1,2026-05-28T09:42:46Z,25.5,"528/20,528/20",B,4,B4,NA,CONTROL,NA,CONTROL,NA,NA,BLUE,20,NA,NA,NA,152.797,NA,FALSE,FALSE,NA,parsed_table,FALSE,422,166,119,3.546218487394958,156,2.761834329208034,0.017704066212872016,NA,NA
20260528-rphi-36C,/Users/sr320/Documents/GitHub/resazurin-assay-development/data/clam/20260528-rphi-36C/plate-H-T1.5.txt,plate-H-T1.5.txt,h,1.5,2026-05-28T10:20:15Z,25.7,"528/20,528/20",B,4,B4,NA,CONTROL,NA,CONTROL,NA,NA,BLUE,20,NA,NA,NA,152.797,NA,FALSE,FALSE,NA,parsed_table,FALSE,557,135,124,4.491935483870968,156,3.6453595293101304,0.023367689290449557,NA,NA
20260528-rphi-36C,/Users/sr320/Documents/GitHub/resazurin-assay-development/data/clam/20260528-rphi-36C/plate-H-T2.0.txt,plate-H-T2.0.txt,h,2,2026-05-28T10:56:12Z,25.9,"528/20,528/20",B,4,B4,NA,CONTROL,NA,CONTROL,NA,NA,BLUE,20,NA,NA,NA,152.797,NA,FALSE,FALSE,NA,parsed_table,FALSE,631,74,127,4.968503937007874,156,4.129662231588316,0.026472193792232798,NA,NA
20260528-rphi-36C,/Users/sr320/Documents/GitHub/resazurin-assay-development/data/clam/20260528-rphi-36C/plate-H-T2.5.txt,plate-H-T2.5.txt,h,2.5,2026-05-28T11:26:41Z,26,"528/20,528/20",B,4,B4,NA,CONTROL,NA,CONTROL,NA,NA,BLUE,20,NA,NA,NA,152.797,NA,FALSE,FALSE,NA,parsed_table,FALSE,720,89,130,5.538461538461538,156,4.712134400544514,0.030205989747080213,NA,NA
20260528-rphi-36C,/Users/sr320/Documents/GitHub/resazurin-assay-development/data/clam/20260528-rphi-36C/plate-H-T3.0.txt,plate-H-T3.0.txt,h,3,2026-05-28T12:01:10Z,26,"528/20,528/20",B,4,B4,NA,CONTROL,NA,CONTROL,NA,NA,BLUE,20,NA,NA,NA,152.797,NA,FALSE,FALSE,NA,parsed_table,FALSE,780,60,133,5.864661654135339,156,5.104812267256556,0.0327231555593369,NA,NA
20260528-rphi-36C,/Users/sr320/Documents/GitHub/resazurin-assay-development/data/clam/20260528-rphi-36C/plate-H-T3.5.txt,plate-H-T3.5.txt,h,3.5,2026-05-28T12:29:30Z,25.9,"528/20,528/20",B,4,B4,NA,CONTROL,NA,CONTROL,NA,NA,BLUE,20,NA,NA,NA,152.797,NA,FALSE,FALSE,NA,parsed_table,FALSE,844,64,133,6.345864661654136,156,5.523668658416068,0.03540813242574403,NA,NA
20260528-rphi-36C,/Users/sr320/Documents/GitHub/resazurin-assay-development/data/clam/20260528-rphi-36C/plate-H-T4.0.txt,plate-H-T4.0.txt,h,4,2026-05-28T13:04:27Z,25.8,"528/20,528/20",B,4,B4,NA,CONTROL,NA,CONTROL,NA,NA,BLUE,20,NA,NA,NA,152.797,NA,FALSE,FALSE,NA,parsed_table,FALSE,927,83,134,6.917910447761194,156,6.066873040701061,0.038890211799365776,NA,NA
20260528-rphi-36C,/Users/sr320/Documents/GitHub/resazurin-assay-development/data/clam/20260528-rphi-36C/plate-H-T0.0.txt,plate-H-T0.0.txt,h,0,2026-05-28T08:38:07Z,24.8,"528/20,528/20",C,1,C1,NA,SELECTED,NA,SELECTED,NA,NA,TWEED,21,NA,NA,NA,183.204,NA,FALSE,FALSE,NA,parsed_table,FALSE,162,0,112,1.4464285714285714,162,0.8842601689919434,0.00545839610488854,NA,NA
20260528-rphi-36C,/Users/sr320/Documents/GitHub/resazurin-assay-development/data/clam/20260528-rphi-36C/plate-H-T0.5.txt,plate-H-T0.5.txt,h,0.5,2026-05-28T09:08:55Z,25.2,"528/20,528/20",C,1,C1,NA,SELECTED,NA,SELECTED,NA,NA,TWEED,21,NA,NA,NA,183.204,NA,FALSE,FALSE,NA,parsed_table,FALSE,372,210,117,3.1794871794871793,162,2.0305233510185365,0.012534094759373683,NA,NA
20260528-rphi-36C,/Users/sr320/Documents/GitHub/resazurin-assay-development/data/clam/20260528-rphi-36C/plate-H-T1.0.txt,plate-H-T1.0.txt,h,1,2026-05-28T09:42:46Z,25.5,"528/20,528/20",C,1,C1,NA,SELECTED,NA,SELECTED,NA,NA,TWEED,21,NA,NA,NA,183.204,NA,FALSE,FALSE,NA,parsed_table,FALSE,576,204,119,4.840336134453781,162,3.144036156415799,0.01940763059515925,NA,NA
20260528-rphi-36C,/Users/sr320/Documents/GitHub/resazurin-assay-development/data/clam/20260528-rphi-36C/plate-H-T1.5.txt,plate-H-T1.5.txt,h,1.5,2026-05-28T10:20:15Z,25.7,"528/20,528/20",C,1,C1,NA,SELECTED,NA,SELECTED,NA,NA,TWEED,21,NA,NA,NA,183.204,NA,FALSE,FALSE,NA,parsed_table,FALSE,701,125,124,5.653225806451613,162,3.826335669526866,0.02361935598473374,NA,NA
20260528-rphi-36C,/Users/sr320/Documents/GitHub/resazurin-assay-development/data/clam/20260528-rphi-36C/plate-H-T2.0.txt,plate-H-T2.0.txt,h,2,2026-05-28T10:56:12Z,25.9,"528/20,528/20",C,1,C1,NA,SELECTED,NA,SELECTED,NA,NA,TWEED,21,NA,NA,NA,183.204,NA,FALSE,FALSE,NA,parsed_table,FALSE,853,152,127,6.716535433070866,162,4.656011877469924,0.02874081405845632,NA,NA
20260528-rphi-36C,/Users/sr320/Documents/GitHub/resazurin-assay-development/data/clam/20260528-rphi-36C/plate-H-T2.5.txt,plate-H-T2.5.txt,h,2.5,2026-05-28T11:26:41Z,26,"528/20,528/20",C,1,C1,NA,SELECTED,NA,SELECTED,NA,NA,TWEED,21,NA,NA,NA,183.204,NA,FALSE,FALSE,NA,parsed_table,FALSE,944,91,130,7.2615384615384615,162,5.152725923014781,0.031806950142066553,NA,NA
20260528-rphi-36C,/Users/sr320/Documents/GitHub/resazurin-assay-development/data/clam/20260528-rphi-36C/plate-H-T3.0.txt,plate-H-T3.0.txt,h,3,2026-05-28T12:01:10Z,26,"528/20,528/20",C,1,C1,NA,SELECTED,NA,SELECTED,NA,NA,TWEED,21,NA,NA,NA,183.204,NA,FALSE,FALSE,NA,parsed_table,FALSE,1014,70,133,7.62406015037594,162,5.534813650356979,0.034165516360228264,NA,NA
20260528-rphi-36C,/Users/sr320/Documents/GitHub/resazurin-assay-development/data/clam/20260528-rphi-36C/plate-H-T3.5.txt,plate-H-T3.5.txt,h,3.5,2026-05-28T12:29:30Z,25.9,"528/20,528/20",C,1,C1,NA,SELECTED,NA,SELECTED,NA,NA,TWEED,21,NA,NA,NA,183.204,NA,FALSE,FALSE,NA,parsed_table,FALSE,1073,59,133,8.06766917293233,162,5.856859020545403,0.036153450744107425,NA,NA
20260528-rphi-36C,/Users/sr320/Documents/GitHub/resazurin-assay-development/data/clam/20260528-rphi-36C/plate-H-T4.0.txt,plate-H-T4.0.txt,h,4,2026-05-28T13:04:27Z,25.8,"528/20,528/20",C,1,C1,NA,SELECTED,NA,SELECTED,NA,NA,TWEED,21,NA,NA,NA,183.204,NA,FALSE,FALSE,NA,parsed_table,FALSE,1137,64,134,8.485074626865671,162,6.206196371258269,0.03830985414356956,NA,NA
20260528-rphi-36C,/Users/sr320/Documents/GitHub/resazurin-assay-development/data/clam/20260528-rphi-36C/plate-H-T0.0.txt,plate-H-T0.0.txt,h,0,2026-05-28T08:38:07Z,24.8,"528/20,528/20",C,2,C2,NA,NA,NA,NA,NA,NA,NA,NA,NA,NA,NA,NA,NA,TRUE,FALSE,NA,parsed_table,FALSE,112,0,112,1,NA,NA,NA,NA,NA
20260528-rphi-36C,/Users/sr320/Documents/GitHub/resazurin-assay-development/data/clam/20260528-rphi-36C/plate-H-T0.5.txt,plate-H-T0.5.txt,h,0.5,2026-05-28T09:08:55Z,25.2,"528/20,528/20",C,2,C2,NA,NA,NA,NA,NA,NA,NA,NA,NA,NA,NA,NA,NA,TRUE,FALSE,NA,parsed_table,FALSE,117,5,117,1,NA,NA,NA,NA,NA
20260528-rphi-36C,/Users/sr320/Documents/GitHub/resazurin-assay-development/data/clam/20260528-rphi-36C/plate-H-T1.0.txt,plate-H-T1.0.txt,h,1,2026-05-28T09:42:46Z,25.5,"528/20,528/20",C,2,C2,NA,NA,NA,NA,NA,NA,NA,NA,NA,NA,NA,NA,NA,TRUE,FALSE,NA,parsed_table,FALSE,119,2,119,1,NA,NA,NA,NA,NA
20260528-rphi-36C,/Users/sr320/Documents/GitHub/resazurin-assay-development/data/clam/20260528-rphi-36C/plate-H-T1.5.txt,plate-H-T1.5.txt,h,1.5,2026-05-28T10:20:15Z,25.7,"528/20,528/20",C,2,C2,NA,NA,NA,NA,NA,NA,NA,NA,NA,NA,NA,NA,NA,TRUE,FALSE,NA,parsed_table,FALSE,124,5,124,1,NA,NA,NA,NA,NA
20260528-rphi-36C,/Users/sr320/Documents/GitHub/resazurin-assay-development/data/clam/20260528-rphi-36C/plate-H-T2.0.txt,plate-H-T2.0.txt,h,2,2026-05-28T10:56:12Z,25.9,"528/20,528/20",C,2,C2,NA,NA,NA,NA,NA,NA,NA,NA,NA,NA,NA,NA,NA,TRUE,FALSE,NA,parsed_table,FALSE,127,3,127,1,NA,NA,NA,NA,NA
20260528-rphi-36C,/Users/sr320/Documents/GitHub/resazurin-assay-development/data/clam/20260528-rphi-36C/plate-H-T2.5.txt,plate-H-T2.5.txt,h,2.5,2026-05-28T11:26:41Z,26,"528/20,528/20",C,2,C2,NA,NA,NA,NA,NA,NA,NA,NA,NA,NA,NA,NA,NA,TRUE,FALSE,NA,parsed_table,FALSE,130,3,130,1,NA,NA,NA,NA,NA
20260528-rphi-36C,/Users/sr320/Documents/GitHub/resazurin-assay-development/data/clam/20260528-rphi-36C/plate-H-T3.0.txt,plate-H-T3.0.txt,h,3,2026-05-28T12:01:10Z,26,"528/20,528/20",C,2,C2,NA,NA,NA,NA,NA,NA,NA,NA,NA,NA,NA,NA,NA,TRUE,FALSE,NA,parsed_table,FALSE,133,3,133,1,NA,NA,NA,NA,NA
20260528-rphi-36C,/Users/sr320/Documents/GitHub/resazurin-assay-development/data/clam/20260528-rphi-36C/plate-H-T3.5.txt,plate-H-T3.5.txt,h,3.5,2026-05-28T12:29:30Z,25.9,"528/20,528/20",C,2,C2,NA,NA,NA,NA,NA,NA,NA,NA,NA,NA,NA,NA,NA,TRUE,FALSE,NA,parsed_table,FALSE,133,0,133,1,NA,NA,NA,NA,NA
20260528-rphi-36C,/Users/sr320/Documents/GitHub/resazurin-assay-development/data/clam/20260528-rphi-36C/plate-H-T4.0.txt,plate-H-T4.0.txt,h,4,2026-05-28T13:04:27Z,25.8,"528/20,528/20",C,2,C2,NA,NA,NA,NA,NA,NA,NA,NA,NA,NA,NA,NA,NA,TRUE,FALSE,NA,parsed_table,FALSE,134,1,134,1,NA,NA,NA,NA,NA
20260528-rphi-36C,/Users/sr320/Documents/GitHub/resazurin-assay-development/data/clam/20260528-rphi-36C/plate-H-T0.0.txt,plate-H-T0.0.txt,h,0,2026-05-28T08:38:07Z,24.8,"528/20,528/20",C,3,C3,NA,CONTROL,NA,CONTROL,NA,NA,TWEED,23,NA,NA,NA,172.907,NA,FALSE,FALSE,NA,parsed_table,FALSE,163,0,112,1.4553571428571428,163,0.9427033029316337,0.005783455846206342,NA,NA
20260528-rphi-36C,/Users/sr320/Documents/GitHub/resazurin-assay-development/data/clam/20260528-rphi-36C/plate-H-T0.5.txt,plate-H-T0.5.txt,h,0.5,2026-05-28T09:08:55Z,25.2,"528/20,528/20",C,3,C3,NA,CONTROL,NA,CONTROL,NA,NA,TWEED,23,NA,NA,NA,172.907,NA,FALSE,FALSE,NA,parsed_table,FALSE,378,215,117,3.230769230769231,163,2.1861463098659972,0.013411940551325136,NA,NA
20260528-rphi-36C,/Users/sr320/Documents/GitHub/resazurin-assay-development/data/clam/20260528-rphi-36C/plate-H-T1.0.txt,plate-H-T1.0.txt,h,1,2026-05-28T09:42:46Z,25.5,"528/20,528/20",C,3,C3,NA,CONTROL,NA,CONTROL,NA,NA,TWEED,23,NA,NA,NA,172.907,NA,FALSE,FALSE,NA,parsed_table,FALSE,584,206,119,4.907563025210084,163,3.3775382141845034,0.02072109333855524,NA,NA
20260528-rphi-36C,/Users/sr320/Documents/GitHub/resazurin-assay-development/data/clam/20260528-rphi-36C/plate-H-T1.5.txt,plate-H-T1.5.txt,h,1.5,2026-05-28T10:20:15Z,25.7,"528/20,528/20",C,3,C3,NA,CONTROL,NA,CONTROL,NA,NA,TWEED,23,NA,NA,NA,172.907,NA,FALSE,FALSE,NA,parsed_table,FALSE,745,161,124,6.008064516129032,163,4.308674605423724,0.02643358653634187,NA,NA
20260528-rphi-36C,/Users/sr320/Documents/GitHub/resazurin-assay-development/data/clam/20260528-rphi-36C/plate-H-T2.0.txt,plate-H-T2.0.txt,h,2,2026-05-28T10:56:12Z,25.9,"528/20,528/20",C,3,C3,NA,CONTROL,NA,CONTROL,NA,NA,TWEED,23,NA,NA,NA,172.907,NA,FALSE,FALSE,NA,parsed_table,FALSE,862,117,127,6.78740157480315,163,4.985338939429867,0.030584901468894886,NA,NA
20260528-rphi-36C,/Users/sr320/Documents/GitHub/resazurin-assay-development/data/clam/20260528-rphi-36C/plate-H-T2.5.txt,plate-H-T2.5.txt,h,2.5,2026-05-28T11:26:41Z,26,"528/20,528/20",C,3,C3,NA,CONTROL,NA,CONTROL,NA,NA,TWEED,23,NA,NA,NA,172.907,NA,FALSE,FALSE,NA,parsed_table,FALSE,936,74,130,7.2,163,5.413314672049136,0.033210519460424144,NA,NA
20260528-rphi-36C,/Users/sr320/Documents/GitHub/resazurin-assay-development/data/clam/20260528-rphi-36C/plate-H-T3.0.txt,plate-H-T3.0.txt,h,3,2026-05-28T12:01:10Z,26,"528/20,528/20",C,3,C3,NA,CONTROL,NA,CONTROL,NA,NA,TWEED,23,NA,NA,NA,172.907,NA,FALSE,FALSE,NA,parsed_table,FALSE,1025,89,133,7.706766917293233,163,5.9280422423615,0.03636835731510123,NA,NA
20260528-rphi-36C,/Users/sr320/Documents/GitHub/resazurin-assay-development/data/clam/20260528-rphi-36C/plate-H-T3.5.txt,plate-H-T3.5.txt,h,3.5,2026-05-28T12:29:30Z,25.9,"528/20,528/20",C,3,C3,NA,CONTROL,NA,CONTROL,NA,NA,TWEED,23,NA,NA,NA,172.907,NA,FALSE,FALSE,NA,parsed_table,FALSE,1068,43,133,8.030075187969924,163,6.1767308437483734,0.03789405425612499,NA,NA
20260528-rphi-36C,/Users/sr320/Documents/GitHub/resazurin-assay-development/data/clam/20260528-rphi-36C/plate-H-T4.0.txt,plate-H-T4.0.txt,h,4,2026-05-28T13:04:27Z,25.8,"528/20,528/20",C,3,C3,NA,CONTROL,NA,CONTROL,NA,NA,TWEED,23,NA,NA,NA,172.907,NA,FALSE,FALSE,NA,parsed_table,FALSE,1162,94,134,8.671641791044776,163,6.7203756932917695,0.04122929873185134,NA,NA
20260528-rphi-36C,/Users/sr320/Documents/GitHub/resazurin-assay-development/data/clam/20260528-rphi-36C/plate-H-T0.0.txt,plate-H-T0.0.txt,h,0,2026-05-28T08:38:07Z,24.8,"528/20,528/20",C,4,C4,NA,CONTROL,NA,CONTROL,NA,NA,BLUE,24,NA,NA,NA,103.949,NA,FALSE,FALSE,NA,parsed_table,FALSE,147,0,112,1.3125,147,1.4141550183262948,0.009620102165484997,NA,NA
20260528-rphi-36C,/Users/sr320/Documents/GitHub/resazurin-assay-development/data/clam/20260528-rphi-36C/plate-H-T0.5.txt,plate-H-T0.5.txt,h,0.5,2026-05-28T09:08:55Z,25.2,"528/20,528/20",C,4,C4,NA,CONTROL,NA,CONTROL,NA,NA,BLUE,24,NA,NA,NA,103.949,NA,FALSE,FALSE,NA,parsed_table,FALSE,271,124,117,2.3162393162393164,147,2.6070476868464345,0.0177350182778669,NA,NA
20260528-rphi-36C,/Users/sr320/Documents/GitHub/resazurin-assay-development/data/clam/20260528-rphi-36C/plate-H-T1.0.txt,plate-H-T1.0.txt,h,1,2026-05-28T09:42:46Z,25.5,"528/20,528/20",C,4,C4,NA,CONTROL,NA,CONTROL,NA,NA,BLUE,24,NA,NA,NA,103.949,NA,FALSE,FALSE,NA,parsed_table,FALSE,402,131,119,3.3781512605042017,147,3.867281070524969,0.026308034493367136,NA,NA
20260528-rphi-36C,/Users/sr320/Documents/GitHub/resazurin-assay-development/data/clam/20260528-rphi-36C/plate-H-T1.5.txt,plate-H-T1.5.txt,h,1.5,2026-05-28T10:20:15Z,25.7,"528/20,528/20",C,4,C4,NA,CONTROL,NA,CONTROL,NA,NA,BLUE,24,NA,NA,NA,103.949,NA,FALSE,FALSE,NA,parsed_table,FALSE,516,114,124,4.161290322580645,147,4.963972717390258,0.03376852188700856,NA,NA
20260528-rphi-36C,/Users/sr320/Documents/GitHub/resazurin-assay-development/data/clam/20260528-rphi-36C/plate-H-T2.0.txt,plate-H-T2.0.txt,h,2,2026-05-28T10:56:12Z,25.9,"528/20,528/20",C,4,C4,NA,CONTROL,NA,CONTROL,NA,NA,BLUE,24,NA,NA,NA,103.949,NA,FALSE,FALSE,NA,parsed_table,FALSE,574,58,127,4.519685039370079,147,5.521938642988388,0.037564208455703324,NA,NA
20260528-rphi-36C,/Users/sr320/Documents/GitHub/resazurin-assay-development/data/clam/20260528-rphi-36C/plate-H-T2.5.txt,plate-H-T2.5.txt,h,2.5,2026-05-28T11:26:41Z,26,"528/20,528/20",C,4,C4,NA,CONTROL,NA,CONTROL,NA,NA,BLUE,24,NA,NA,NA,103.949,NA,FALSE,FALSE,NA,parsed_table,FALSE,624,50,130,4.8,147,6.002943751262639,0.04083635204940571,NA,NA
20260528-rphi-36C,/Users/sr320/Documents/GitHub/resazurin-assay-development/data/clam/20260528-rphi-36C/plate-H-T3.0.txt,plate-H-T3.0.txt,h,3,2026-05-28T12:01:10Z,26,"528/20,528/20",C,4,C4,NA,CONTROL,NA,CONTROL,NA,NA,BLUE,24,NA,NA,NA,103.949,NA,FALSE,FALSE,NA,parsed_table,FALSE,685,61,133,5.150375939849624,147,6.589769983357224,0.04482836723372261,NA,NA
20260528-rphi-36C,/Users/sr320/Documents/GitHub/resazurin-assay-development/data/clam/20260528-rphi-36C/plate-H-T3.5.txt,plate-H-T3.5.txt,h,3.5,2026-05-28T12:29:30Z,25.9,"528/20,528/20",C,4,C4,NA,CONTROL,NA,CONTROL,NA,NA,BLUE,24,NA,NA,NA,103.949,NA,FALSE,FALSE,NA,parsed_table,FALSE,709,24,133,5.330827067669173,147,6.820652435328864,0.04639899615869975,NA,NA
20260528-rphi-36C,/Users/sr320/Documents/GitHub/resazurin-assay-development/data/clam/20260528-rphi-36C/plate-H-T4.0.txt,plate-H-T4.0.txt,h,4,2026-05-28T13:04:27Z,25.8,"528/20,528/20",C,4,C4,NA,CONTROL,NA,CONTROL,NA,NA,BLUE,24,NA,NA,NA,103.949,NA,FALSE,FALSE,NA,parsed_table,FALSE,750,41,134,5.597014925373134,147,7.215076624113748,0.0490821539055357,NA,NA
20260528-rphi-36C,/Users/sr320/Documents/GitHub/resazurin-assay-development/data/clam/20260528-rphi-36C/plate-I-T0.0.txt,plate-I-T0.0.txt,i,0,2026-05-28T08:49:25Z,24.9,"528/20,528/20",A,1,A1,NA,SELECTED,NA,SELECTED,NA,NA,TWEED,25,NA,NA,NA,237.964,NA,FALSE,FALSE,NA,parsed_table,FALSE,174,0,113,1.5398230088495575,174,0.7312030391151603,0.004202316316753794,NA,NA
20260528-rphi-36C,/Users/sr320/Documents/GitHub/resazurin-assay-development/data/clam/20260528-rphi-36C/plate-I-T0.5.txt,plate-I-T0.5.txt,i,0.5,2026-05-28T09:21:55Z,25.4,"528/20,528/20",A,1,A1,NA,SELECTED,NA,SELECTED,NA,NA,TWEED,25,NA,NA,NA,237.964,NA,FALSE,FALSE,NA,parsed_table,FALSE,417,243,116,3.5948275862068964,174,1.7523659040863324,0.010071068414289267,NA,NA
20260528-rphi-36C,/Users/sr320/Documents/GitHub/resazurin-assay-development/data/clam/20260528-rphi-36C/plate-I-T1.0.txt,plate-I-T1.0.txt,i,1,2026-05-28T09:55:01Z,25.7,"528/20,528/20",A,1,A1,NA,SELECTED,NA,SELECTED,NA,NA,TWEED,25,NA,NA,NA,237.964,NA,FALSE,FALSE,NA,parsed_table,FALSE,646,229,118,5.47457627118644,174,2.714696340622951,0.015601703107028455,NA,NA
20260528-rphi-36C,/Users/sr320/Documents/GitHub/resazurin-assay-development/data/clam/20260528-rphi-36C/plate-I-T1.5.txt,plate-I-T1.5.txt,i,1.5,2026-05-28T10:28:27Z,25.8,"528/20,528/20",A,1,A1,NA,SELECTED,NA,SELECTED,NA,NA,TWEED,25,NA,NA,NA,237.964,NA,FALSE,FALSE,NA,parsed_table,FALSE,812,166,121,6.710743801652892,174,3.4122808492040813,0.019610809478184377,NA,NA
20260528-rphi-36C,/Users/sr320/Documents/GitHub/resazurin-assay-development/data/clam/20260528-rphi-36C/plate-I-T2.0.txt,plate-I-T2.0.txt,i,2,2026-05-28T11:02:39Z,25.9,"528/20,528/20",A,1,A1,NA,SELECTED,NA,SELECTED,NA,NA,TWEED,25,NA,NA,NA,237.964,NA,FALSE,FALSE,NA,parsed_table,FALSE,953,141,124,7.685483870967742,174,4.004807449866366,0.023016134769346934,NA,NA
20260528-rphi-36C,/Users/sr320/Documents/GitHub/resazurin-assay-development/data/clam/20260528-rphi-36C/plate-I-T2.5.txt,plate-I-T2.5.txt,i,2.5,2026-05-28T11:34:48Z,26,"528/20,528/20",A,1,A1,NA,SELECTED,NA,SELECTED,NA,NA,TWEED,25,NA,NA,NA,237.964,NA,FALSE,FALSE,NA,parsed_table,FALSE,1064,111,128,8.3125,174,4.471264561026038,0.025696922764517457,NA,NA
20260528-rphi-36C,/Users/sr320/Documents/GitHub/resazurin-assay-development/data/clam/20260528-rphi-36C/plate-I-T3.0.txt,plate-I-T3.0.txt,i,3,2026-05-28T12:08:28Z,26,"528/20,528/20",A,1,A1,NA,SELECTED,NA,SELECTED,NA,NA,TWEED,25,NA,NA,NA,237.964,NA,FALSE,FALSE,NA,parsed_table,FALSE,1155,91,131,8.816793893129772,174,4.8536753458506325,0.027894685895693293,NA,NA
20260528-rphi-36C,/Users/sr320/Documents/GitHub/resazurin-assay-development/data/clam/20260528-rphi-36C/plate-I-T3.5.txt,plate-I-T3.5.txt,i,3.5,2026-05-28T12:41:56Z,25.9,"528/20,528/20",A,1,A1,NA,SELECTED,NA,SELECTED,NA,NA,TWEED,25,NA,NA,NA,237.964,NA,FALSE,FALSE,NA,parsed_table,FALSE,1214,59,132,9.196969696969697,174,5.101612008539107,0.029319609244477626,NA,NA
20260528-rphi-36C,/Users/sr320/Documents/GitHub/resazurin-assay-development/data/clam/20260528-rphi-36C/plate-I-T4.0.txt,plate-I-T4.0.txt,i,4,2026-05-28T13:13:28Z,25.8,"528/20,528/20",A,1,A1,NA,SELECTED,NA,SELECTED,NA,NA,TWEED,25,NA,NA,NA,237.964,NA,FALSE,FALSE,NA,parsed_table,FALSE,1269,55,133,9.541353383458647,174,5.332739405960566,0.03064792762046302,NA,NA
20260528-rphi-36C,/Users/sr320/Documents/GitHub/resazurin-assay-development/data/clam/20260528-rphi-36C/plate-I-T0.0.txt,plate-I-T0.0.txt,i,0,2026-05-28T08:49:25Z,24.9,"528/20,528/20",A,2,A2,NA,SELECTED,NA,SELECTED,NA,NA,BLUE,26,NA,NA,NA,167.012,NA,FALSE,FALSE,NA,parsed_table,FALSE,142,0,113,1.2566371681415929,142,0.8502383062294925,0.005987593705841497,NA,NA
20260528-rphi-36C,/Users/sr320/Documents/GitHub/resazurin-assay-development/data/clam/20260528-rphi-36C/plate-I-T0.5.txt,plate-I-T0.5.txt,i,0.5,2026-05-28T09:21:55Z,25.4,"528/20,528/20",A,2,A2,NA,SELECTED,NA,SELECTED,NA,NA,BLUE,26,NA,NA,NA,167.012,NA,FALSE,FALSE,NA,parsed_table,FALSE,318,176,116,2.7413793103448274,142,1.904054798457596,0.01340883660885631,NA,NA
20260528-rphi-36C,/Users/sr320/Documents/GitHub/resazurin-assay-development/data/clam/20260528-rphi-36C/plate-I-T1.0.txt,plate-I-T1.0.txt,i,1,2026-05-28T09:55:01Z,25.7,"528/20,528/20",A,2,A2,NA,SELECTED,NA,SELECTED,NA,NA,BLUE,26,NA,NA,NA,167.012,NA,FALSE,FALSE,NA,parsed_table,FALSE,607,289,118,5.1440677966101696,142,3.6344693794457883,0.025594854784829497,NA,NA
20260528-rphi-36C,/Users/sr320/Documents/GitHub/resazurin-assay-development/data/clam/20260528-rphi-36C/plate-I-T1.5.txt,plate-I-T1.5.txt,i,1.5,2026-05-28T10:28:27Z,25.8,"528/20,528/20",A,2,A2,NA,SELECTED,NA,SELECTED,NA,NA,BLUE,26,NA,NA,NA,167.012,NA,FALSE,FALSE,NA,parsed_table,FALSE,739,132,121,6.107438016528926,142,4.424831748616866,0.031160786962090604,NA,NA
20260528-rphi-36C,/Users/sr320/Documents/GitHub/resazurin-assay-development/data/clam/20260528-rphi-36C/plate-I-T2.0.txt,plate-I-T2.0.txt,i,2,2026-05-28T11:02:39Z,25.9,"528/20,528/20",A,2,A2,NA,SELECTED,NA,SELECTED,NA,NA,BLUE,26,NA,NA,NA,167.012,NA,FALSE,FALSE,NA,parsed_table,FALSE,940,201,124,7.580645161290323,142,5.628338083491006,0.03963618368655639,NA,NA
20260528-rphi-36C,/Users/sr320/Documents/GitHub/resazurin-assay-development/data/clam/20260528-rphi-36C/plate-I-T2.5.txt,plate-I-T2.5.txt,i,2.5,2026-05-28T11:34:48Z,26,"528/20,528/20",A,2,A2,NA,SELECTED,NA,SELECTED,NA,NA,BLUE,26,NA,NA,NA,167.012,NA,FALSE,FALSE,NA,parsed_table,FALSE,1051,111,128,8.2109375,142,6.292960984839413,0.04431662665379868,NA,NA
20260528-rphi-36C,/Users/sr320/Documents/GitHub/resazurin-assay-development/data/clam/20260528-rphi-36C/plate-I-T3.0.txt,plate-I-T3.0.txt,i,3,2026-05-28T12:08:28Z,26,"528/20,528/20",A,2,A2,NA,SELECTED,NA,SELECTED,NA,NA,BLUE,26,NA,NA,NA,167.012,NA,FALSE,FALSE,NA,parsed_table,FALSE,1142,91,131,8.717557251908397,142,6.837832012070989,0.048153746563880204,NA,NA
20260528-rphi-36C,/Users/sr320/Documents/GitHub/resazurin-assay-development/data/clam/20260528-rphi-36C/plate-I-T3.5.txt,plate-I-T3.5.txt,i,3.5,2026-05-28T12:41:56Z,25.9,"528/20,528/20",A,2,A2,NA,SELECTED,NA,SELECTED,NA,NA,BLUE,26,NA,NA,NA,167.012,NA,FALSE,FALSE,NA,parsed_table,FALSE,1202,60,132,9.106060606060606,142,7.197087634421479,0.050683715735362525,NA,NA
20260528-rphi-36C,/Users/sr320/Documents/GitHub/resazurin-assay-development/data/clam/20260528-rphi-36C/plate-I-T4.0.txt,plate-I-T4.0.txt,i,4,2026-05-28T13:13:28Z,25.8,"528/20,528/20",A,2,A2,NA,SELECTED,NA,SELECTED,NA,NA,BLUE,26,NA,NA,NA,167.012,NA,FALSE,FALSE,NA,parsed_table,FALSE,1294,92,133,9.729323308270677,142,7.7479462553588965,0.054563001798302084,NA,NA
20260528-rphi-36C,/Users/sr320/Documents/GitHub/resazurin-assay-development/data/clam/20260528-rphi-36C/plate-I-T0.0.txt,plate-I-T0.0.txt,i,0,2026-05-28T08:49:25Z,24.9,"528/20,528/20",A,3,A3,NA,CONTROL,NA,CONTROL,NA,NA,TWEED,27,NA,NA,NA,174.02,NA,FALSE,FALSE,NA,parsed_table,FALSE,142,0,113,1.2566371681415929,142,0.8159981611309044,0.005746465923457074,NA,NA
20260528-rphi-36C,/Users/sr320/Documents/GitHub/resazurin-assay-development/data/clam/20260528-rphi-36C/plate-I-T0.5.txt,plate-I-T0.5.txt,i,0.5,2026-05-28T09:21:55Z,25.4,"528/20,528/20",A,3,A3,NA,CONTROL,NA,CONTROL,NA,NA,TWEED,27,NA,NA,NA,174.02,NA,FALSE,FALSE,NA,parsed_table,FALSE,311,169,116,2.6810344827586206,142,1.78715090219515,0.012585569733768662,NA,NA
20260528-rphi-36C,/Users/sr320/Documents/GitHub/resazurin-assay-development/data/clam/20260528-rphi-36C/plate-I-T1.0.txt,plate-I-T1.0.txt,i,1,2026-05-28T09:55:01Z,25.7,"528/20,528/20",A,3,A3,NA,CONTROL,NA,CONTROL,NA,NA,TWEED,27,NA,NA,NA,174.02,NA,FALSE,FALSE,NA,parsed_table,FALSE,435,124,118,3.6864406779661016,142,2.499712676703827,0.017603610399322726,NA,NA
20260528-rphi-36C,/Users/sr320/Documents/GitHub/resazurin-assay-development/data/clam/20260528-rphi-36C/plate-I-T1.5.txt,plate-I-T1.5.txt,i,1.5,2026-05-28T10:28:27Z,25.8,"528/20,528/20",A,3,A3,NA,CONTROL,NA,CONTROL,NA,NA,TWEED,27,NA,NA,NA,174.02,NA,FALSE,FALSE,NA,parsed_table,FALSE,598,163,121,4.9421487603305785,142,3.43638662222733,0.02419990579033331,NA,NA
20260528-rphi-36C,/Users/sr320/Documents/GitHub/resazurin-assay-development/data/clam/20260528-rphi-36C/plate-I-T2.0.txt,plate-I-T2.0.txt,i,2,2026-05-28T11:02:39Z,25.9,"528/20,528/20",A,3,A3,NA,CONTROL,NA,CONTROL,NA,NA,TWEED,27,NA,NA,NA,174.02,NA,FALSE,FALSE,NA,parsed_table,FALSE,709,111,124,5.717741935483871,142,4.074244339731065,0.028691861547401866,NA,NA
20260528-rphi-36C,/Users/sr320/Documents/GitHub/resazurin-assay-development/data/clam/20260528-rphi-36C/plate-I-T2.5.txt,plate-I-T2.5.txt,i,2.5,2026-05-28T11:34:48Z,26,"528/20,528/20",A,3,A3,NA,CONTROL,NA,CONTROL,NA,NA,TWEED,27,NA,NA,NA,174.02,NA,FALSE,FALSE,NA,parsed_table,FALSE,782,73,128,6.109375,142,4.493736352143432,0.03164603064889741,NA,NA
20260528-rphi-36C,/Users/sr320/Documents/GitHub/resazurin-assay-development/data/clam/20260528-rphi-36C/plate-I-T3.0.txt,plate-I-T3.0.txt,i,3,2026-05-28T12:08:28Z,26,"528/20,528/20",A,3,A3,NA,CONTROL,NA,CONTROL,NA,NA,TWEED,27,NA,NA,NA,174.02,NA,FALSE,FALSE,NA,parsed_table,FALSE,850,68,131,6.488549618320611,142,4.884496034938513,0.034397859400975436,NA,NA
20260528-rphi-36C,/Users/sr320/Documents/GitHub/resazurin-assay-development/data/clam/20260528-rphi-36C/plate-I-T3.5.txt,plate-I-T3.5.txt,i,3.5,2026-05-28T12:41:56Z,25.9,"528/20,528/20",A,3,A3,NA,CONTROL,NA,CONTROL,NA,NA,TWEED,27,NA,NA,NA,174.02,NA,FALSE,FALSE,NA,parsed_table,FALSE,904,54,132,6.848484848484849,142,5.194805194805195,0.03658313517468447,NA,NA
20260528-rphi-36C,/Users/sr320/Documents/GitHub/resazurin-assay-development/data/clam/20260528-rphi-36C/plate-I-T4.0.txt,plate-I-T4.0.txt,i,4,2026-05-28T13:13:28Z,25.8,"528/20,528/20",A,3,A3,NA,CONTROL,NA,CONTROL,NA,NA,TWEED,27,NA,NA,NA,174.02,NA,FALSE,FALSE,NA,parsed_table,FALSE,942,38,133,7.082706766917293,142,5.4131708998965635,0.03812092183025748,NA,NA
20260528-rphi-36C,/Users/sr320/Documents/GitHub/resazurin-assay-development/data/clam/20260528-rphi-36C/plate-I-T0.0.txt,plate-I-T0.0.txt,i,0,2026-05-28T08:49:25Z,24.9,"528/20,528/20",A,4,A4,NA,CONTROL,NA,CONTROL,NA,NA,BLUE,28,NA,NA,NA,198.336,NA,FALSE,FALSE,NA,parsed_table,FALSE,152,0,113,1.345132743362832,152,0.7663762504033559,0.005041949015811552,NA,NA
20260528-rphi-36C,/Users/sr320/Documents/GitHub/resazurin-assay-development/data/clam/20260528-rphi-36C/plate-I-T0.5.txt,plate-I-T0.5.txt,i,0.5,2026-05-28T09:21:55Z,25.4,"528/20,528/20",A,4,A4,NA,CONTROL,NA,CONTROL,NA,NA,BLUE,28,NA,NA,NA,198.336,NA,FALSE,FALSE,NA,parsed_table,FALSE,472,320,116,4.068965517241379,152,2.3797999354630526,0.015656578522783238,NA,NA
20260528-rphi-36C,/Users/sr320/Documents/GitHub/resazurin-assay-development/data/clam/20260528-rphi-36C/plate-I-T1.0.txt,plate-I-T1.0.txt,i,1,2026-05-28T09:55:01Z,25.7,"528/20,528/20",A,4,A4,NA,CONTROL,NA,CONTROL,NA,NA,BLUE,28,NA,NA,NA,198.336,NA,FALSE,FALSE,NA,parsed_table,FALSE,713,241,118,6.0423728813559325,152,3.5949096482736365,0.023650721370221294,NA,NA
20260528-rphi-36C,/Users/sr320/Documents/GitHub/resazurin-assay-development/data/clam/20260528-rphi-36C/plate-I-T1.5.txt,plate-I-T1.5.txt,i,1.5,2026-05-28T10:28:27Z,25.8,"528/20,528/20",A,4,A4,NA,CONTROL,NA,CONTROL,NA,NA,BLUE,28,NA,NA,NA,198.336,NA,FALSE,FALSE,NA,parsed_table,FALSE,982,269,121,8.115702479338843,152,4.951193933526944,0.032573644299519366,NA,NA
20260528-rphi-36C,/Users/sr320/Documents/GitHub/resazurin-assay-development/data/clam/20260528-rphi-36C/plate-I-T2.0.txt,plate-I-T2.0.txt,i,2,2026-05-28T11:02:39Z,25.9,"528/20,528/20",A,4,A4,NA,CONTROL,NA,CONTROL,NA,NA,BLUE,28,NA,NA,NA,198.336,NA,FALSE,FALSE,NA,parsed_table,FALSE,1254,272,124,10.112903225806452,152,6.322604065827686,0.0415960793804453,NA,NA
20260528-rphi-36C,/Users/sr320/Documents/GitHub/resazurin-assay-development/data/clam/20260528-rphi-36C/plate-I-T2.5.txt,plate-I-T2.5.txt,i,2.5,2026-05-28T11:34:48Z,26,"528/20,528/20",A,4,A4,NA,CONTROL,NA,CONTROL,NA,NA,BLUE,28,NA,NA,NA,198.336,NA,FALSE,FALSE,NA,parsed_table,FALSE,1523,269,128,11.8984375,152,7.678888351080993,0.05051900230974338,NA,NA
20260528-rphi-36C,/Users/sr320/Documents/GitHub/resazurin-assay-development/data/clam/20260528-rphi-36C/plate-I-T3.0.txt,plate-I-T3.0.txt,i,3,2026-05-28T12:08:28Z,26,"528/20,528/20",A,4,A4,NA,CONTROL,NA,CONTROL,NA,NA,BLUE,28,NA,NA,NA,198.336,NA,FALSE,FALSE,NA,parsed_table,FALSE,1796,273,131,13.709923664122137,152,9.055340432397546,0.059574608107878596,NA,NA
20260528-rphi-36C,/Users/sr320/Documents/GitHub/resazurin-assay-development/data/clam/20260528-rphi-36C/plate-I-T3.5.txt,plate-I-T3.5.txt,i,3.5,2026-05-28T12:41:56Z,25.9,"528/20,528/20",A,4,A4,NA,CONTROL,NA,CONTROL,NA,NA,BLUE,28,NA,NA,NA,198.336,NA,FALSE,FALSE,NA,parsed_table,FALSE,2070,274,132,15.681818181818182,152,10.436834462729912,0.0686633846232231,NA,NA
20260528-rphi-36C,/Users/sr320/Documents/GitHub/resazurin-assay-development/data/clam/20260528-rphi-36C/plate-I-T4.0.txt,plate-I-T4.0.txt,i,4,2026-05-28T13:13:28Z,25.8,"528/20,528/20",A,4,A4,NA,CONTROL,NA,CONTROL,NA,NA,BLUE,28,NA,NA,NA,198.336,NA,FALSE,FALSE,NA,parsed_table,FALSE,2342,272,133,17.60902255639098,152,11.808244595030654,0.07768581970414903,NA,NA
20260528-rphi-36C,/Users/sr320/Documents/GitHub/resazurin-assay-development/data/clam/20260528-rphi-36C/plate-I-T0.0.txt,plate-I-T0.0.txt,i,0,2026-05-28T08:49:25Z,24.9,"528/20,528/20",B,1,B1,NA,SELECTED,NA,SELECTED,NA,NA,TWEED,29,NA,NA,NA,120.558,NA,FALSE,FALSE,NA,parsed_table,FALSE,135,0,113,1.1946902654867257,135,1.1197929627233365,0.008294762686839529,NA,NA
20260528-rphi-36C,/Users/sr320/Documents/GitHub/resazurin-assay-development/data/clam/20260528-rphi-36C/plate-I-T0.5.txt,plate-I-T0.5.txt,i,0.5,2026-05-28T09:21:55Z,25.4,"528/20,528/20",B,1,B1,NA,SELECTED,NA,SELECTED,NA,NA,TWEED,29,NA,NA,NA,120.558,NA,FALSE,FALSE,NA,parsed_table,FALSE,257,122,116,2.2155172413793105,135,2.131754010517759,0.015790770448279697,NA,NA
20260528-rphi-36C,/Users/sr320/Documents/GitHub/resazurin-assay-development/data/clam/20260528-rphi-36C/plate-I-T1.0.txt,plate-I-T1.0.txt,i,1,2026-05-28T09:55:01Z,25.7,"528/20,528/20",B,1,B1,NA,SELECTED,NA,SELECTED,NA,NA,TWEED,29,NA,NA,NA,120.558,NA,FALSE,FALSE,NA,parsed_table,FALSE,435,178,118,3.6864406779661016,135,3.608221768775195,0.02672756865759404,NA,NA
20260528-rphi-36C,/Users/sr320/Documents/GitHub/resazurin-assay-development/data/clam/20260528-rphi-36C/plate-I-T1.5.txt,plate-I-T1.5.txt,i,1.5,2026-05-28T10:28:27Z,25.8,"528/20,528/20",B,1,B1,NA,SELECTED,NA,SELECTED,NA,NA,TWEED,29,NA,NA,NA,120.558,NA,FALSE,FALSE,NA,parsed_table,FALSE,552,117,121,4.56198347107438,135,4.57870900313542,0.033916362986188296,NA,NA
20260528-rphi-36C,/Users/sr320/Documents/GitHub/resazurin-assay-development/data/clam/20260528-rphi-36C/plate-I-T2.0.txt,plate-I-T2.0.txt,i,2,2026-05-28T11:02:39Z,25.9,"528/20,528/20",B,1,B1,NA,SELECTED,NA,SELECTED,NA,NA,TWEED,29,NA,NA,NA,120.558,NA,FALSE,FALSE,NA,parsed_table,FALSE,672,120,124,5.419354838709677,135,5.574080525556163,0.0412894853744901,NA,NA
20260528-rphi-36C,/Users/sr320/Documents/GitHub/resazurin-assay-development/data/clam/20260528-rphi-36C/plate-I-T2.5.txt,plate-I-T2.5.txt,i,2.5,2026-05-28T11:34:48Z,26,"528/20,528/20",B,1,B1,NA,SELECTED,NA,SELECTED,NA,NA,TWEED,29,NA,NA,NA,120.558,NA,FALSE,FALSE,NA,parsed_table,FALSE,739,67,128,5.7734375,135,6.129829625574412,0.04540614537462527,NA,NA
20260528-rphi-36C,/Users/sr320/Documents/GitHub/resazurin-assay-development/data/clam/20260528-rphi-36C/plate-I-T3.0.txt,plate-I-T3.0.txt,i,3,2026-05-28T12:08:28Z,26,"528/20,528/20",B,1,B1,NA,SELECTED,NA,SELECTED,NA,NA,TWEED,29,NA,NA,NA,120.558,NA,FALSE,FALSE,NA,parsed_table,FALSE,795,56,131,6.068702290076335,135,6.594336336037426,0.04884693582249945,NA,NA
20260528-rphi-36C,/Users/sr320/Documents/GitHub/resazurin-assay-development/data/clam/20260528-rphi-36C/plate-I-T3.5.txt,plate-I-T3.5.txt,i,3.5,2026-05-28T12:41:56Z,25.9,"528/20,528/20",B,1,B1,NA,SELECTED,NA,SELECTED,NA,NA,TWEED,29,NA,NA,NA,120.558,NA,FALSE,FALSE,NA,parsed_table,FALSE,858,63,132,6.5,135,7.116906385308316,0.052717825076357895,NA,NA
20260528-rphi-36C,/Users/sr320/Documents/GitHub/resazurin-assay-development/data/clam/20260528-rphi-36C/plate-I-T4.0.txt,plate-I-T4.0.txt,i,4,2026-05-28T13:13:28Z,25.8,"528/20,528/20",B,1,B1,NA,SELECTED,NA,SELECTED,NA,NA,TWEED,29,NA,NA,NA,120.558,NA,FALSE,FALSE,NA,parsed_table,FALSE,895,37,133,6.7293233082706765,135,7.423812604721379,0.05499120447941762,NA,NA
20260528-rphi-36C,/Users/sr320/Documents/GitHub/resazurin-assay-development/data/clam/20260528-rphi-36C/plate-I-T0.0.txt,plate-I-T0.0.txt,i,0,2026-05-28T08:49:25Z,24.9,"528/20,528/20",B,2,B2,NA,SELECTED,NA,SELECTED,NA,NA,BLUE,30,NA,NA,NA,163.224,NA,FALSE,FALSE,NA,parsed_table,FALSE,135,0,113,1.1946902654867257,135,0.8270842523158359,0.00612655001715434,NA,NA
20260528-rphi-36C,/Users/sr320/Documents/GitHub/resazurin-assay-development/data/clam/20260528-rphi-36C/plate-I-T0.5.txt,plate-I-T0.5.txt,i,0.5,2026-05-28T09:21:55Z,25.4,"528/20,528/20",B,2,B2,NA,SELECTED,NA,SELECTED,NA,NA,BLUE,30,NA,NA,NA,163.224,NA,FALSE,FALSE,NA,parsed_table,FALSE,325,190,116,2.8017241379310347,135,1.9911287555751607,0.014749101893149338,NA,NA
20260528-rphi-36C,/Users/sr320/Documents/GitHub/resazurin-assay-development/data/clam/20260528-rphi-36C/plate-I-T1.0.txt,plate-I-T1.0.txt,i,1,2026-05-28T09:55:01Z,25.7,"528/20,528/20",B,2,B2,NA,SELECTED,NA,SELECTED,NA,NA,BLUE,30,NA,NA,NA,163.224,NA,FALSE,FALSE,NA,parsed_table,FALSE,477,152,118,4.0423728813559325,135,2.9223643581826204,0.021647143393945335,NA,NA
20260528-rphi-36C,/Users/sr320/Documents/GitHub/resazurin-assay-development/data/clam/20260528-rphi-36C/plate-I-T1.5.txt,plate-I-T1.5.txt,i,1.5,2026-05-28T10:28:27Z,25.8,"528/20,528/20",B,2,B2,NA,SELECTED,NA,SELECTED,NA,NA,BLUE,30,NA,NA,NA,163.224,NA,FALSE,FALSE,NA,parsed_table,FALSE,627,150,121,5.181818181818182,135,3.8413468607557713,0.028454421190783494,NA,NA
20260528-rphi-36C,/Users/sr320/Documents/GitHub/resazurin-assay-development/data/clam/20260528-rphi-36C/plate-I-T2.0.txt,plate-I-T2.0.txt,i,2,2026-05-28T11:02:39Z,25.9,"528/20,528/20",B,2,B2,NA,SELECTED,NA,SELECTED,NA,NA,BLUE,30,NA,NA,NA,163.224,NA,FALSE,FALSE,NA,parsed_table,FALSE,805,178,124,6.491935483870968,135,4.931872763809244,0.036532390843031434,NA,NA
20260528-rphi-36C,/Users/sr320/Documents/GitHub/resazurin-assay-development/data/clam/20260528-rphi-36C/plate-I-T2.5.txt,plate-I-T2.5.txt,i,2.5,2026-05-28T11:34:48Z,26,"528/20,528/20",B,2,B2,NA,SELECTED,NA,SELECTED,NA,NA,BLUE,30,NA,NA,NA,163.224,NA,FALSE,FALSE,NA,parsed_table,FALSE,879,74,128,6.8671875,135,5.385237465078665,0.039890647889471595,NA,NA
20260528-rphi-36C,/Users/sr320/Documents/GitHub/resazurin-assay-development/data/clam/20260528-rphi-36C/plate-I-T3.0.txt,plate-I-T3.0.txt,i,3,2026-05-28T12:08:28Z,26,"528/20,528/20",B,2,B2,NA,SELECTED,NA,SELECTED,NA,NA,BLUE,30,NA,NA,NA,163.224,NA,FALSE,FALSE,NA,parsed_table,FALSE,969,90,131,7.396946564885496,135,5.936626966622556,0.04397501456757449,NA,NA
20260528-rphi-36C,/Users/sr320/Documents/GitHub/resazurin-assay-development/data/clam/20260528-rphi-36C/plate-I-T3.5.txt,plate-I-T3.5.txt,i,3.5,2026-05-28T12:41:56Z,25.9,"528/20,528/20",B,2,B2,NA,SELECTED,NA,SELECTED,NA,NA,BLUE,30,NA,NA,NA,163.224,NA,FALSE,FALSE,NA,parsed_table,FALSE,1048,79,132,7.9393939393939394,135,6.4206244179777485,0.04756018087390925,NA,NA
20260528-rphi-36C,/Users/sr320/Documents/GitHub/resazurin-assay-development/data/clam/20260528-rphi-36C/plate-I-T4.0.txt,plate-I-T4.0.txt,i,4,2026-05-28T13:13:28Z,25.8,"528/20,528/20",B,2,B2,NA,SELECTED,NA,SELECTED,NA,NA,BLUE,30,NA,NA,NA,163.224,NA,FALSE,FALSE,NA,parsed_table,FALSE,1106,58,133,8.31578947368421,135,6.775964318972701,0.05019232828868667,NA,NA
20260528-rphi-36C,/Users/sr320/Documents/GitHub/resazurin-assay-development/data/clam/20260528-rphi-36C/plate-I-T0.0.txt,plate-I-T0.0.txt,i,0,2026-05-28T08:49:25Z,24.9,"528/20,528/20",B,3,B3,NA,CONTROL,NA,CONTROL,NA,NA,TWEED,31,NA,NA,NA,149.261,NA,FALSE,FALSE,NA,parsed_table,FALSE,133,0,113,1.176991150442478,133,0.8910566055433101,0.00669967372588955,NA,NA
20260528-rphi-36C,/Users/sr320/Documents/GitHub/resazurin-assay-development/data/clam/20260528-rphi-36C/plate-I-T0.5.txt,plate-I-T0.5.txt,i,0.5,2026-05-28T09:21:55Z,25.4,"528/20,528/20",B,3,B3,NA,CONTROL,NA,CONTROL,NA,NA,TWEED,31,NA,NA,NA,149.261,NA,FALSE,FALSE,NA,parsed_table,FALSE,242,109,116,2.086206896551724,133,1.621321041665271,0.012190383771919331,NA,NA
20260528-rphi-36C,/Users/sr320/Documents/GitHub/resazurin-assay-development/data/clam/20260528-rphi-36C/plate-I-T1.0.txt,plate-I-T1.0.txt,i,1,2026-05-28T09:55:01Z,25.7,"528/20,528/20",B,3,B3,NA,CONTROL,NA,CONTROL,NA,NA,TWEED,31,NA,NA,NA,149.261,NA,FALSE,FALSE,NA,parsed_table,FALSE,342,100,118,2.8983050847457625,133,2.291288414254226,0.0172277324380017,NA,NA
20260528-rphi-36C,/Users/sr320/Documents/GitHub/resazurin-assay-development/data/clam/20260528-rphi-36C/plate-I-T1.5.txt,plate-I-T1.5.txt,i,1.5,2026-05-28T10:28:27Z,25.8,"528/20,528/20",B,3,B3,NA,CONTROL,NA,CONTROL,NA,NA,TWEED,31,NA,NA,NA,149.261,NA,FALSE,FALSE,NA,parsed_table,FALSE,424,82,121,3.5041322314049586,133,2.840661659777169,0.02135835834418924,NA,NA
20260528-rphi-36C,/Users/sr320/Documents/GitHub/resazurin-assay-development/data/clam/20260528-rphi-36C/plate-I-T2.0.txt,plate-I-T2.0.txt,i,2,2026-05-28T11:02:39Z,25.9,"528/20,528/20",B,3,B3,NA,CONTROL,NA,CONTROL,NA,NA,TWEED,31,NA,NA,NA,149.261,NA,FALSE,FALSE,NA,parsed_table,FALSE,510,86,124,4.112903225806452,133,3.4168336002036703,0.025690478197020077,NA,NA
20260528-rphi-36C,/Users/sr320/Documents/GitHub/resazurin-assay-development/data/clam/20260528-rphi-36C/plate-I-T2.5.txt,plate-I-T2.5.txt,i,2.5,2026-05-28T11:34:48Z,26,"528/20,528/20",B,3,B3,NA,CONTROL,NA,CONTROL,NA,NA,TWEED,31,NA,NA,NA,149.261,NA,FALSE,FALSE,NA,parsed_table,FALSE,562,52,128,4.390625,133,3.765216633949927,0.02830989950338291,NA,NA
20260528-rphi-36C,/Users/sr320/Documents/GitHub/resazurin-assay-development/data/clam/20260528-rphi-36C/plate-I-T3.0.txt,plate-I-T3.0.txt,i,3,2026-05-28T12:08:28Z,26,"528/20,528/20",B,3,B3,NA,CONTROL,NA,CONTROL,NA,NA,TWEED,31,NA,NA,NA,149.261,NA,FALSE,FALSE,NA,parsed_table,FALSE,598,36,131,4.564885496183206,133,4.006404888081951,0.030123345023172557,NA,NA
20260528-rphi-36C,/Users/sr320/Documents/GitHub/resazurin-assay-development/data/clam/20260528-rphi-36C/plate-I-T3.5.txt,plate-I-T3.5.txt,i,3.5,2026-05-28T12:41:56Z,25.9,"528/20,528/20",B,3,B3,NA,CONTROL,NA,CONTROL,NA,NA,TWEED,31,NA,NA,NA,149.261,NA,FALSE,FALSE,NA,parsed_table,FALSE,633,35,132,4.795454545454546,133,4.240893468488085,0.03188641705630139,NA,NA
20260528-rphi-36C,/Users/sr320/Documents/GitHub/resazurin-assay-development/data/clam/20260528-rphi-36C/plate-I-T4.0.txt,plate-I-T4.0.txt,i,4,2026-05-28T13:13:28Z,25.8,"528/20,528/20",B,3,B3,NA,CONTROL,NA,CONTROL,NA,NA,TWEED,31,NA,NA,NA,149.261,NA,FALSE,FALSE,NA,parsed_table,FALSE,657,24,133,4.93984962406015,133,4.401685637909434,0.033095380736161154,NA,NA
20260528-rphi-36C,/Users/sr320/Documents/GitHub/resazurin-assay-development/data/clam/20260528-rphi-36C/plate-I-T0.0.txt,plate-I-T0.0.txt,i,0,2026-05-28T08:49:25Z,24.9,"528/20,528/20",B,4,B4,NA,CONTROL,NA,CONTROL,NA,NA,BLUE,32,NA,NA,NA,155.675,NA,FALSE,FALSE,NA,parsed_table,FALSE,144,0,113,1.2743362831858407,144,0.9250040147743697,0.006423638991488678,NA,NA
20260528-rphi-36C,/Users/sr320/Documents/GitHub/resazurin-assay-development/data/clam/20260528-rphi-36C/plate-I-T0.5.txt,plate-I-T0.5.txt,i,0.5,2026-05-28T09:21:55Z,25.4,"528/20,528/20",B,4,B4,NA,CONTROL,NA,CONTROL,NA,NA,BLUE,32,NA,NA,NA,155.675,NA,FALSE,FALSE,NA,parsed_table,FALSE,306,162,116,2.6379310344827585,144,1.9656335313955355,0.013650232856913441,NA,NA
20260528-rphi-36C,/Users/sr320/Documents/GitHub/resazurin-assay-development/data/clam/20260528-rphi-36C/plate-I-T1.0.txt,plate-I-T1.0.txt,i,1,2026-05-28T09:55:01Z,25.7,"528/20,528/20",B,4,B4,NA,CONTROL,NA,CONTROL,NA,NA,BLUE,32,NA,NA,NA,155.675,NA,FALSE,FALSE,NA,parsed_table,FALSE,416,110,118,3.5254237288135593,144,2.67223382045929,0.018557179308745068,NA,NA
20260528-rphi-36C,/Users/sr320/Documents/GitHub/resazurin-assay-development/data/clam/20260528-rphi-36C/plate-I-T1.5.txt,plate-I-T1.5.txt,i,1.5,2026-05-28T10:28:27Z,25.8,"528/20,528/20",B,4,B4,NA,CONTROL,NA,CONTROL,NA,NA,BLUE,32,NA,NA,NA,155.675,NA,FALSE,FALSE,NA,parsed_table,FALSE,547,131,121,4.520661157024794,144,3.5137305283443068,0.024400906446835464,NA,NA
20260528-rphi-36C,/Users/sr320/Documents/GitHub/resazurin-assay-development/data/clam/20260528-rphi-36C/plate-I-T2.0.txt,plate-I-T2.0.txt,i,2,2026-05-28T11:02:39Z,25.9,"528/20,528/20",B,4,B4,NA,CONTROL,NA,CONTROL,NA,NA,BLUE,32,NA,NA,NA,155.675,NA,FALSE,FALSE,NA,parsed_table,FALSE,638,91,124,5.145161290322581,144,4.098281676569776,0.028460289420623446,NA,NA
20260528-rphi-36C,/Users/sr320/Documents/GitHub/resazurin-assay-development/data/clam/20260528-rphi-36C/plate-I-T2.5.txt,plate-I-T2.5.txt,i,2.5,2026-05-28T11:34:48Z,26,"528/20,528/20",B,4,B4,NA,CONTROL,NA,CONTROL,NA,NA,BLUE,32,NA,NA,NA,155.675,NA,FALSE,FALSE,NA,parsed_table,FALSE,705,67,128,5.5078125,144,4.5286654889995175,0.031449065895829985,NA,NA
20260528-rphi-36C,/Users/sr320/Documents/GitHub/resazurin-assay-development/data/clam/20260528-rphi-36C/plate-I-T3.0.txt,plate-I-T3.0.txt,i,3,2026-05-28T12:08:28Z,26,"528/20,528/20",B,4,B4,NA,CONTROL,NA,CONTROL,NA,NA,BLUE,32,NA,NA,NA,155.675,NA,FALSE,FALSE,NA,parsed_table,FALSE,748,43,131,5.709923664122138,144,4.804881965633531,0.033367235872455075,NA,NA
20260528-rphi-36C,/Users/sr320/Documents/GitHub/resazurin-assay-development/data/clam/20260528-rphi-36C/plate-I-T3.5.txt,plate-I-T3.5.txt,i,3.5,2026-05-28T12:41:56Z,25.9,"528/20,528/20",B,4,B4,NA,CONTROL,NA,CONTROL,NA,NA,BLUE,32,NA,NA,NA,155.675,NA,FALSE,FALSE,NA,parsed_table,FALSE,775,27,132,5.871212121212121,144,4.978320218403725,0.0345716681833592,NA,NA
20260528-rphi-36C,/Users/sr320/Documents/GitHub/resazurin-assay-development/data/clam/20260528-rphi-36C/plate-I-T4.0.txt,plate-I-T4.0.txt,i,4,2026-05-28T13:13:28Z,25.8,"528/20,528/20",B,4,B4,NA,CONTROL,NA,CONTROL,NA,NA,BLUE,32,NA,NA,NA,155.675,NA,FALSE,FALSE,NA,parsed_table,FALSE,809,34,133,6.082706766917293,144,5.19672394411434,0.03608836072301625,NA,NA
20260528-rphi-36C,/Users/sr320/Documents/GitHub/resazurin-assay-development/data/clam/20260528-rphi-36C/plate-I-T0.0.txt,plate-I-T0.0.txt,i,0,2026-05-28T08:49:25Z,24.9,"528/20,528/20",C,1,C1,NA,SELECTED,NA,SELECTED,NA,NA,TWEED,33,NA,NA,NA,203.482,NA,FALSE,FALSE,NA,parsed_table,FALSE,145,0,113,1.2831858407079646,145,0.712593742935493,0.004914439606451677,NA,NA
20260528-rphi-36C,/Users/sr320/Documents/GitHub/resazurin-assay-development/data/clam/20260528-rphi-36C/plate-I-T0.5.txt,plate-I-T0.5.txt,i,0.5,2026-05-28T09:21:55Z,25.4,"528/20,528/20",C,1,C1,NA,SELECTED,NA,SELECTED,NA,NA,TWEED,33,NA,NA,NA,203.482,NA,FALSE,FALSE,NA,parsed_table,FALSE,421,276,116,3.6293103448275863,145,2.0689790743161556,0.014268821202180383,NA,NA
20260528-rphi-36C,/Users/sr320/Documents/GitHub/resazurin-assay-development/data/clam/20260528-rphi-36C/plate-I-T1.0.txt,plate-I-T1.0.txt,i,1,2026-05-28T09:55:01Z,25.7,"528/20,528/20",C,1,C1,NA,SELECTED,NA,SELECTED,NA,NA,TWEED,33,NA,NA,NA,203.482,NA,FALSE,FALSE,NA,parsed_table,FALSE,676,255,118,5.728813559322034,145,3.3221611739613333,0.02291145637214713,NA,NA
20260528-rphi-36C,/Users/sr320/Documents/GitHub/resazurin-assay-development/data/clam/20260528-rphi-36C/plate-I-T1.5.txt,plate-I-T1.5.txt,i,1.5,2026-05-28T10:28:27Z,25.8,"528/20,528/20",C,1,C1,NA,SELECTED,NA,SELECTED,NA,NA,TWEED,33,NA,NA,NA,203.482,NA,FALSE,FALSE,NA,parsed_table,FALSE,854,178,121,7.0578512396694215,145,4.1969314239097315,0.028944354647653322,NA,NA
20260528-rphi-36C,/Users/sr320/Documents/GitHub/resazurin-assay-development/data/clam/20260528-rphi-36C/plate-I-T2.0.txt,plate-I-T2.0.txt,i,2,2026-05-28T11:02:39Z,25.9,"528/20,528/20",C,1,C1,NA,SELECTED,NA,SELECTED,NA,NA,TWEED,33,NA,NA,NA,203.482,NA,FALSE,FALSE,NA,parsed_table,FALSE,1013,159,124,8.169354838709678,145,4.978327321335549,0.03433329187127965,NA,NA
20260528-rphi-36C,/Users/sr320/Documents/GitHub/resazurin-assay-development/data/clam/20260528-rphi-36C/plate-I-T2.5.txt,plate-I-T2.5.txt,i,2.5,2026-05-28T11:34:48Z,26,"528/20,528/20",C,1,C1,NA,SELECTED,NA,SELECTED,NA,NA,TWEED,33,NA,NA,NA,203.482,NA,FALSE,FALSE,NA,parsed_table,FALSE,1133,120,128,8.8515625,145,5.5680600741097495,0.03840041430420517,NA,NA
20260528-rphi-36C,/Users/sr320/Documents/GitHub/resazurin-assay-development/data/clam/20260528-rphi-36C/plate-I-T3.0.txt,plate-I-T3.0.txt,i,3,2026-05-28T12:08:28Z,26,"528/20,528/20",C,1,C1,NA,SELECTED,NA,SELECTED,NA,NA,TWEED,33,NA,NA,NA,203.482,NA,FALSE,FALSE,NA,parsed_table,FALSE,1245,112,131,9.50381679389313,145,6.118477310032337,0.042196395241602326,NA,NA
20260528-rphi-36C,/Users/sr320/Documents/GitHub/resazurin-assay-development/data/clam/20260528-rphi-36C/plate-I-T3.5.txt,plate-I-T3.5.txt,i,3.5,2026-05-28T12:41:56Z,25.9,"528/20,528/20",C,1,C1,NA,SELECTED,NA,SELECTED,NA,NA,TWEED,33,NA,NA,NA,203.482,NA,FALSE,FALSE,NA,parsed_table,FALSE,1320,75,132,10,145,6.4870602805162125,0.04473834676218078,NA,NA
20260528-rphi-36C,/Users/sr320/Documents/GitHub/resazurin-assay-development/data/clam/20260528-rphi-36C/plate-I-T4.0.txt,plate-I-T4.0.txt,i,4,2026-05-28T13:13:28Z,25.8,"528/20,528/20",C,1,C1,NA,SELECTED,NA,SELECTED,NA,NA,TWEED,33,NA,NA,NA,203.482,NA,FALSE,FALSE,NA,parsed_table,FALSE,1380,60,133,10.37593984962406,145,6.781926656903313,0.04677190797864354,NA,NA
20260528-rphi-36C,/Users/sr320/Documents/GitHub/resazurin-assay-development/data/clam/20260528-rphi-36C/plate-I-T0.0.txt,plate-I-T0.0.txt,i,0,2026-05-28T08:49:25Z,24.9,"528/20,528/20",C,2,C2,NA,SELECTED,NA,SELECTED,NA,NA,BLUE,34,NA,NA,NA,127.102,NA,FALSE,FALSE,NA,parsed_table,FALSE,139,0,113,1.2300884955752212,139,1.093609856650564,0.007867696810435712,NA,NA
20260528-rphi-36C,/Users/sr320/Documents/GitHub/resazurin-assay-development/data/clam/20260528-rphi-36C/plate-I-T0.5.txt,plate-I-T0.5.txt,i,0.5,2026-05-28T09:21:55Z,25.4,"528/20,528/20",C,2,C2,NA,SELECTED,NA,SELECTED,NA,NA,BLUE,34,NA,NA,NA,127.102,NA,FALSE,FALSE,NA,parsed_table,FALSE,305,166,116,2.6293103448275863,139,2.3996475271828923,0.01726365127469707,NA,NA
20260528-rphi-36C,/Users/sr320/Documents/GitHub/resazurin-assay-development/data/clam/20260528-rphi-36C/plate-I-T1.0.txt,plate-I-T1.0.txt,i,1,2026-05-28T09:55:01Z,25.7,"528/20,528/20",C,2,C2,NA,SELECTED,NA,SELECTED,NA,NA,BLUE,34,NA,NA,NA,127.102,NA,FALSE,FALSE,NA,parsed_table,FALSE,531,226,118,4.5,139,4.177747006341363,0.03005573385857096,NA,NA
20260528-rphi-36C,/Users/sr320/Documents/GitHub/resazurin-assay-development/data/clam/20260528-rphi-36C/plate-I-T1.5.txt,plate-I-T1.5.txt,i,1.5,2026-05-28T10:28:27Z,25.8,"528/20,528/20",C,2,C2,NA,SELECTED,NA,SELECTED,NA,NA,BLUE,34,NA,NA,NA,127.102,NA,FALSE,FALSE,NA,parsed_table,FALSE,743,212,121,6.140495867768595,139,5.845698730153734,0.04205538654786859,NA,NA
20260528-rphi-36C,/Users/sr320/Documents/GitHub/resazurin-assay-development/data/clam/20260528-rphi-36C/plate-I-T2.0.txt,plate-I-T2.0.txt,i,2,2026-05-28T11:02:39Z,25.9,"528/20,528/20",C,2,C2,NA,SELECTED,NA,SELECTED,NA,NA,BLUE,34,NA,NA,NA,127.102,NA,FALSE,FALSE,NA,parsed_table,FALSE,852,109,124,6.870967741935484,139,6.703277682491227,0.04822501929849804,NA,NA
20260528-rphi-36C,/Users/sr320/Documents/GitHub/resazurin-assay-development/data/clam/20260528-rphi-36C/plate-I-T2.5.txt,plate-I-T2.5.txt,i,2.5,2026-05-28T11:34:48Z,26,"528/20,528/20",C,2,C2,NA,SELECTED,NA,SELECTED,NA,NA,BLUE,34,NA,NA,NA,127.102,NA,FALSE,FALSE,NA,parsed_table,FALSE,981,129,128,7.6640625,139,7.718210571037434,0.05552669475566499,NA,NA
20260528-rphi-36C,/Users/sr320/Documents/GitHub/resazurin-assay-development/data/clam/20260528-rphi-36C/plate-I-T3.0.txt,plate-I-T3.0.txt,i,3,2026-05-28T12:08:28Z,26,"528/20,528/20",C,2,C2,NA,SELECTED,NA,SELECTED,NA,NA,BLUE,34,NA,NA,NA,127.102,NA,FALSE,FALSE,NA,parsed_table,FALSE,1079,98,131,8.236641221374045,139,8.489244858460134,0.06107370401769881,NA,NA
20260528-rphi-36C,/Users/sr320/Documents/GitHub/resazurin-assay-development/data/clam/20260528-rphi-36C/plate-I-T3.5.txt,plate-I-T3.5.txt,i,3.5,2026-05-28T12:41:56Z,25.9,"528/20,528/20",C,2,C2,NA,SELECTED,NA,SELECTED,NA,NA,BLUE,34,NA,NA,NA,127.102,NA,FALSE,FALSE,NA,parsed_table,FALSE,1154,75,132,8.742424242424242,139,9.079322119242812,0.06531886416721448,NA,NA
20260528-rphi-36C,/Users/sr320/Documents/GitHub/resazurin-assay-development/data/clam/20260528-rphi-36C/plate-I-T4.0.txt,plate-I-T4.0.txt,i,4,2026-05-28T13:13:28Z,25.8,"528/20,528/20",C,2,C2,NA,SELECTED,NA,SELECTED,NA,NA,BLUE,34,NA,NA,NA,127.102,NA,FALSE,FALSE,NA,parsed_table,FALSE,1217,63,133,9.150375939849624,139,9.574987018300263,0.06888479869280764,NA,NA
20260528-rphi-36C,/Users/sr320/Documents/GitHub/resazurin-assay-development/data/clam/20260528-rphi-36C/plate-I-T0.0.txt,plate-I-T0.0.txt,i,0,2026-05-28T08:49:25Z,24.9,"528/20,528/20",C,3,C3,NA,NA,NA,NA,NA,NA,NA,NA,NA,NA,NA,NA,NA,TRUE,FALSE,NA,parsed_table,FALSE,113,0,113,1,NA,NA,NA,NA,NA
20260528-rphi-36C,/Users/sr320/Documents/GitHub/resazurin-assay-development/data/clam/20260528-rphi-36C/plate-I-T0.5.txt,plate-I-T0.5.txt,i,0.5,2026-05-28T09:21:55Z,25.4,"528/20,528/20",C,3,C3,NA,NA,NA,NA,NA,NA,NA,NA,NA,NA,NA,NA,NA,TRUE,FALSE,NA,parsed_table,FALSE,116,3,116,1,NA,NA,NA,NA,NA
20260528-rphi-36C,/Users/sr320/Documents/GitHub/resazurin-assay-development/data/clam/20260528-rphi-36C/plate-I-T1.0.txt,plate-I-T1.0.txt,i,1,2026-05-28T09:55:01Z,25.7,"528/20,528/20",C,3,C3,NA,NA,NA,NA,NA,NA,NA,NA,NA,NA,NA,NA,NA,TRUE,FALSE,NA,parsed_table,FALSE,118,2,118,1,NA,NA,NA,NA,NA
20260528-rphi-36C,/Users/sr320/Documents/GitHub/resazurin-assay-development/data/clam/20260528-rphi-36C/plate-I-T1.5.txt,plate-I-T1.5.txt,i,1.5,2026-05-28T10:28:27Z,25.8,"528/20,528/20",C,3,C3,NA,NA,NA,NA,NA,NA,NA,NA,NA,NA,NA,NA,NA,TRUE,FALSE,NA,parsed_table,FALSE,121,3,121,1,NA,NA,NA,NA,NA
20260528-rphi-36C,/Users/sr320/Documents/GitHub/resazurin-assay-development/data/clam/20260528-rphi-36C/plate-I-T2.0.txt,plate-I-T2.0.txt,i,2,2026-05-28T11:02:39Z,25.9,"528/20,528/20",C,3,C3,NA,NA,NA,NA,NA,NA,NA,NA,NA,NA,NA,NA,NA,TRUE,FALSE,NA,parsed_table,FALSE,124,3,124,1,NA,NA,NA,NA,NA
20260528-rphi-36C,/Users/sr320/Documents/GitHub/resazurin-assay-development/data/clam/20260528-rphi-36C/plate-I-T2.5.txt,plate-I-T2.5.txt,i,2.5,2026-05-28T11:34:48Z,26,"528/20,528/20",C,3,C3,NA,NA,NA,NA,NA,NA,NA,NA,NA,NA,NA,NA,NA,TRUE,FALSE,NA,parsed_table,FALSE,128,4,128,1,NA,NA,NA,NA,NA
20260528-rphi-36C,/Users/sr320/Documents/GitHub/resazurin-assay-development/data/clam/20260528-rphi-36C/plate-I-T3.0.txt,plate-I-T3.0.txt,i,3,2026-05-28T12:08:28Z,26,"528/20,528/20",C,3,C3,NA,NA,NA,NA,NA,NA,NA,NA,NA,NA,NA,NA,NA,TRUE,FALSE,NA,parsed_table,FALSE,131,3,131,1,NA,NA,NA,NA,NA
20260528-rphi-36C,/Users/sr320/Documents/GitHub/resazurin-assay-development/data/clam/20260528-rphi-36C/plate-I-T3.5.txt,plate-I-T3.5.txt,i,3.5,2026-05-28T12:41:56Z,25.9,"528/20,528/20",C,3,C3,NA,NA,NA,NA,NA,NA,NA,NA,NA,NA,NA,NA,NA,TRUE,FALSE,NA,parsed_table,FALSE,132,1,132,1,NA,NA,NA,NA,NA
20260528-rphi-36C,/Users/sr320/Documents/GitHub/resazurin-assay-development/data/clam/20260528-rphi-36C/plate-I-T4.0.txt,plate-I-T4.0.txt,i,4,2026-05-28T13:13:28Z,25.8,"528/20,528/20",C,3,C3,NA,NA,NA,NA,NA,NA,NA,NA,NA,NA,NA,NA,NA,TRUE,FALSE,NA,parsed_table,FALSE,133,1,133,1,NA,NA,NA,NA,NA
20260528-rphi-36C,/Users/sr320/Documents/GitHub/resazurin-assay-development/data/clam/20260528-rphi-36C/plate-I-T0.0.txt,plate-I-T0.0.txt,i,0,2026-05-28T08:49:25Z,24.9,"528/20,528/20",C,4,C4,NA,CONTROL,NA,CONTROL,NA,NA,BLUE,36,NA,NA,NA,99.244,NA,FALSE,FALSE,NA,parsed_table,FALSE,125,0,113,1.1061946902654867,125,1.2595219862157914,0.01007617588972633,NA,NA
20260528-rphi-36C,/Users/sr320/Documents/GitHub/resazurin-assay-development/data/clam/20260528-rphi-36C/plate-I-T0.5.txt,plate-I-T0.5.txt,i,0.5,2026-05-28T09:21:55Z,25.4,"528/20,528/20",C,4,C4,NA,CONTROL,NA,CONTROL,NA,NA,BLUE,36,NA,NA,NA,99.244,NA,FALSE,FALSE,NA,parsed_table,FALSE,226,101,116,1.9482758620689655,125,2.2772157510781508,0.018217726008625208,NA,NA
20260528-rphi-36C,/Users/sr320/Documents/GitHub/resazurin-assay-development/data/clam/20260528-rphi-36C/plate-I-T1.0.txt,plate-I-T1.0.txt,i,1,2026-05-28T09:55:01Z,25.7,"528/20,528/20",C,4,C4,NA,CONTROL,NA,CONTROL,NA,NA,BLUE,36,NA,NA,NA,99.244,NA,FALSE,FALSE,NA,parsed_table,FALSE,312,86,118,2.6440677966101696,125,3.1437668775946155,0.02515013502075692,NA,NA
20260528-rphi-36C,/Users/sr320/Documents/GitHub/resazurin-assay-development/data/clam/20260528-rphi-36C/plate-I-T1.5.txt,plate-I-T1.5.txt,i,1.5,2026-05-28T10:28:27Z,25.8,"528/20,528/20",C,4,C4,NA,CONTROL,NA,CONTROL,NA,NA,BLUE,36,NA,NA,NA,99.244,NA,FALSE,FALSE,NA,parsed_table,FALSE,409,97,121,3.3801652892561984,125,4.121155938898069,0.03296924751118455,NA,NA
20260528-rphi-36C,/Users/sr320/Documents/GitHub/resazurin-assay-development/data/clam/20260528-rphi-36C/plate-I-T2.0.txt,plate-I-T2.0.txt,i,2,2026-05-28T11:02:39Z,25.9,"528/20,528/20",C,4,C4,NA,CONTROL,NA,CONTROL,NA,NA,BLUE,36,NA,NA,NA,99.244,NA,FALSE,FALSE,NA,parsed_table,FALSE,453,44,124,3.653225806451613,125,4.564507678046028,0.036516061424368224,NA,NA
20260528-rphi-36C,/Users/sr320/Documents/GitHub/resazurin-assay-development/data/clam/20260528-rphi-36C/plate-I-T2.5.txt,plate-I-T2.5.txt,i,2.5,2026-05-28T11:34:48Z,26,"528/20,528/20",C,4,C4,NA,CONTROL,NA,CONTROL,NA,NA,BLUE,36,NA,NA,NA,99.244,NA,FALSE,FALSE,NA,parsed_table,FALSE,512,59,128,4,125,5.159002055539881,0.041272016444319055,NA,NA
20260528-rphi-36C,/Users/sr320/Documents/GitHub/resazurin-assay-development/data/clam/20260528-rphi-36C/plate-I-T3.0.txt,plate-I-T3.0.txt,i,3,2026-05-28T12:08:28Z,26,"528/20,528/20",C,4,C4,NA,CONTROL,NA,CONTROL,NA,NA,BLUE,36,NA,NA,NA,99.244,NA,FALSE,FALSE,NA,parsed_table,FALSE,551,39,131,4.206106870229007,125,5.551972915239208,0.04441578332191367,NA,NA
20260528-rphi-36C,/Users/sr320/Documents/GitHub/resazurin-assay-development/data/clam/20260528-rphi-36C/plate-I-T3.5.txt,plate-I-T3.5.txt,i,3.5,2026-05-28T12:41:56Z,25.9,"528/20,528/20",C,4,C4,NA,CONTROL,NA,CONTROL,NA,NA,BLUE,36,NA,NA,NA,99.244,NA,FALSE,FALSE,NA,parsed_table,FALSE,581,30,132,4.401515151515151,125,5.854258191930998,0.046834065535447986,NA,NA
20260528-rphi-36C,/Users/sr320/Documents/GitHub/resazurin-assay-development/data/clam/20260528-rphi-36C/plate-I-T4.0.txt,plate-I-T4.0.txt,i,4,2026-05-28T13:13:28Z,25.8,"528/20,528/20",C,4,C4,NA,CONTROL,NA,CONTROL,NA,NA,BLUE,36,NA,NA,NA,99.244,NA,FALSE,FALSE,NA,parsed_table,FALSE,604,23,133,4.541353383458647,125,6.086010237394704,0.04868808189915763,NA,NA
20260528-rphi-36C,/Users/sr320/Documents/GitHub/resazurin-assay-development/data/clam/20260528-rphi-36C/plate-J-T0.0.txt,plate-J-T0.0.txt,j,0,2026-05-28T08:50:10Z,25,"528/20,528/20",A,1,A1,NA,SELECTED,NA,SELECTED,NA,NA,TWEED,37,NA,NA,NA,161.375,NA,FALSE,FALSE,NA,parsed_table,FALSE,132,0,112,1.1785714285714286,132,0.8179705654531371,0.006196746707978312,NA,NA
20260528-rphi-36C,/Users/sr320/Documents/GitHub/resazurin-assay-development/data/clam/20260528-rphi-36C/plate-J-T0.5.txt,plate-J-T0.5.txt,j,0.5,2026-05-28T09:22:42Z,25.4,"528/20,528/20",A,1,A1,NA,SELECTED,NA,SELECTED,NA,NA,TWEED,37,NA,NA,NA,161.375,NA,FALSE,FALSE,NA,parsed_table,FALSE,361,229,115,3.139130434782609,132,2.2370255615801704,0.01694716334530432,NA,NA
20260528-rphi-36C,/Users/sr320/Documents/GitHub/resazurin-assay-development/data/clam/20260528-rphi-36C/plate-J-T1.0.txt,plate-J-T1.0.txt,j,1,2026-05-28T09:55:48Z,25.7,"528/20,528/20",A,1,A1,NA,SELECTED,NA,SELECTED,NA,NA,TWEED,37,NA,NA,NA,161.375,NA,FALSE,FALSE,NA,parsed_table,FALSE,535,174,118,4.533898305084746,132,3.3152594887683966,0.025115602187639367,NA,NA
20260528-rphi-36C,/Users/sr320/Documents/GitHub/resazurin-assay-development/data/clam/20260528-rphi-36C/plate-J-T1.5.txt,plate-J-T1.5.txt,j,1.5,2026-05-28T10:26:54Z,25.8,"528/20,528/20",A,1,A1,NA,SELECTED,NA,SELECTED,NA,NA,TWEED,37,NA,NA,NA,161.375,NA,FALSE,FALSE,NA,parsed_table,FALSE,623,88,121,5.148760330578512,132,3.860573199070488,0.02924676665962491,NA,NA
20260528-rphi-36C,/Users/sr320/Documents/GitHub/resazurin-assay-development/data/clam/20260528-rphi-36C/plate-J-T2.0.txt,plate-J-T2.0.txt,j,2,2026-05-28T11:03:30Z,26,"528/20,528/20",A,1,A1,NA,SELECTED,NA,SELECTED,NA,NA,TWEED,37,NA,NA,NA,161.375,NA,FALSE,FALSE,NA,parsed_table,FALSE,784,161,126,6.222222222222222,132,4.858249419054996,0.03680491984132573,NA,NA
20260528-rphi-36C,/Users/sr320/Documents/GitHub/resazurin-assay-development/data/clam/20260528-rphi-36C/plate-J-T2.5.txt,plate-J-T2.5.txt,j,2.5,2026-05-28T11:35:38Z,26.1,"528/20,528/20",A,1,A1,NA,SELECTED,NA,SELECTED,NA,NA,TWEED,37,NA,NA,NA,161.375,NA,FALSE,FALSE,NA,parsed_table,FALSE,875,91,128,6.8359375,132,5.4221533694810224,0.041076919465765326,NA,NA
20260528-rphi-36C,/Users/sr320/Documents/GitHub/resazurin-assay-development/data/clam/20260528-rphi-36C/plate-J-T3.0.txt,plate-J-T3.0.txt,j,3,2026-05-28T12:09:17Z,26,"528/20,528/20",A,1,A1,NA,SELECTED,NA,SELECTED,NA,NA,TWEED,37,NA,NA,NA,161.375,NA,FALSE,FALSE,NA,parsed_table,FALSE,965,90,130,7.423076923076923,132,5.979860573199071,0.0453019740393869,NA,NA
20260528-rphi-36C,/Users/sr320/Documents/GitHub/resazurin-assay-development/data/clam/20260528-rphi-36C/plate-J-T3.5.txt,plate-J-T3.5.txt,j,3.5,2026-05-28T12:43:01Z,25.9,"528/20,528/20",A,1,A1,NA,SELECTED,NA,SELECTED,NA,NA,TWEED,37,NA,NA,NA,161.375,NA,FALSE,FALSE,NA,parsed_table,FALSE,1056,91,130,8.123076923076923,132,6.5437645236250965,0.049573973663826494,NA,NA
20260528-rphi-36C,/Users/sr320/Documents/GitHub/resazurin-assay-development/data/clam/20260528-rphi-36C/plate-J-T4.0.txt,plate-J-T4.0.txt,j,4,2026-05-28T13:14:17Z,25.9,"528/20,528/20",A,1,A1,NA,SELECTED,NA,SELECTED,NA,NA,TWEED,37,NA,NA,NA,161.375,NA,FALSE,FALSE,NA,parsed_table,FALSE,1124,68,132,8.515151515151516,132,6.965143299767622,0.052766237119451685,NA,NA
20260528-rphi-36C,/Users/sr320/Documents/GitHub/resazurin-assay-development/data/clam/20260528-rphi-36C/plate-J-T0.0.txt,plate-J-T0.0.txt,j,0,2026-05-28T08:50:10Z,25,"528/20,528/20",A,2,A2,NA,SELECTED,NA,SELECTED,NA,NA,BLUE,38,NA,NA,NA,182.952,NA,FALSE,FALSE,NA,parsed_table,FALSE,140,0,112,1.25,140,0.7652280379553107,0.005465914556823648,NA,NA
20260528-rphi-36C,/Users/sr320/Documents/GitHub/resazurin-assay-development/data/clam/20260528-rphi-36C/plate-J-T0.5.txt,plate-J-T0.5.txt,j,0.5,2026-05-28T09:22:42Z,25.4,"528/20,528/20",A,2,A2,NA,SELECTED,NA,SELECTED,NA,NA,BLUE,38,NA,NA,NA,182.952,NA,FALSE,FALSE,NA,parsed_table,FALSE,391,251,115,3.4,140,2.137172591718046,0.015265518512271758,NA,NA
20260528-rphi-36C,/Users/sr320/Documents/GitHub/resazurin-assay-development/data/clam/20260528-rphi-36C/plate-J-T1.0.txt,plate-J-T1.0.txt,j,1,2026-05-28T09:55:48Z,25.7,"528/20,528/20",A,2,A2,NA,SELECTED,NA,SELECTED,NA,NA,BLUE,38,NA,NA,NA,182.952,NA,FALSE,FALSE,NA,parsed_table,FALSE,667,276,118,5.6525423728813555,140,3.645765009401373,0.026041178638581235,NA,NA
20260528-rphi-36C,/Users/sr320/Documents/GitHub/resazurin-assay-development/data/clam/20260528-rphi-36C/plate-J-T1.5.txt,plate-J-T1.5.txt,j,1.5,2026-05-28T10:26:54Z,25.8,"528/20,528/20",A,2,A2,NA,SELECTED,NA,SELECTED,NA,NA,BLUE,38,NA,NA,NA,182.952,NA,FALSE,FALSE,NA,parsed_table,FALSE,808,141,121,6.677685950413223,140,4.4164589619135075,0.03154613544223934,NA,NA
20260528-rphi-36C,/Users/sr320/Documents/GitHub/resazurin-assay-development/data/clam/20260528-rphi-36C/plate-J-T2.0.txt,plate-J-T2.0.txt,j,2,2026-05-28T11:03:30Z,26,"528/20,528/20",A,2,A2,NA,SELECTED,NA,SELECTED,NA,NA,BLUE,38,NA,NA,NA,182.952,NA,FALSE,FALSE,NA,parsed_table,FALSE,922,114,126,7.317460317460317,140,5.039573221391403,0.03599695158136716,NA,NA
20260528-rphi-36C,/Users/sr320/Documents/GitHub/resazurin-assay-development/data/clam/20260528-rphi-36C/plate-J-T2.5.txt,plate-J-T2.5.txt,j,2.5,2026-05-28T11:35:38Z,26.1,"528/20,528/20",A,2,A2,NA,SELECTED,NA,SELECTED,NA,NA,BLUE,38,NA,NA,NA,182.952,NA,FALSE,FALSE,NA,parsed_table,FALSE,1040,118,128,8.125,140,5.684551139096594,0.04060393670783281,NA,NA
20260528-rphi-36C,/Users/sr320/Documents/GitHub/resazurin-assay-development/data/clam/20260528-rphi-36C/plate-J-T3.0.txt,plate-J-T3.0.txt,j,3,2026-05-28T12:09:17Z,26,"528/20,528/20",A,2,A2,NA,SELECTED,NA,SELECTED,NA,NA,BLUE,38,NA,NA,NA,182.952,NA,FALSE,FALSE,NA,parsed_table,FALSE,1131,91,130,8.7,140,6.181949363767545,0.044156781169768185,NA,NA
20260528-rphi-36C,/Users/sr320/Documents/GitHub/resazurin-assay-development/data/clam/20260528-rphi-36C/plate-J-T3.5.txt,plate-J-T3.5.txt,j,3.5,2026-05-28T12:43:01Z,25.9,"528/20,528/20",A,2,A2,NA,SELECTED,NA,SELECTED,NA,NA,BLUE,38,NA,NA,NA,182.952,NA,FALSE,FALSE,NA,parsed_table,FALSE,1194,63,130,9.184615384615384,140,6.526301980847435,0.046616442720338824,NA,NA
20260528-rphi-36C,/Users/sr320/Documents/GitHub/resazurin-assay-development/data/clam/20260528-rphi-36C/plate-J-T4.0.txt,plate-J-T4.0.txt,j,4,2026-05-28T13:14:17Z,25.9,"528/20,528/20",A,2,A2,NA,SELECTED,NA,SELECTED,NA,NA,BLUE,38,NA,NA,NA,182.952,NA,FALSE,FALSE,NA,parsed_table,FALSE,1265,71,132,9.583333333333334,140,6.914381914381915,0.049388442245585105,NA,NA
20260528-rphi-36C,/Users/sr320/Documents/GitHub/resazurin-assay-development/data/clam/20260528-rphi-36C/plate-J-T0.0.txt,plate-J-T0.0.txt,j,0,2026-05-28T08:50:10Z,25,"528/20,528/20",A,3,A3,NA,CONTROL,NA,CONTROL,NA,NA,TWEED,39,NA,NA,NA,141.596,NA,FALSE,FALSE,NA,parsed_table,FALSE,130,0,112,1.1607142857142858,130,0.9181050312155711,0.007062346393965931,NA,NA
20260528-rphi-36C,/Users/sr320/Documents/GitHub/resazurin-assay-development/data/clam/20260528-rphi-36C/plate-J-T0.5.txt,plate-J-T0.5.txt,j,0.5,2026-05-28T09:22:42Z,25.4,"528/20,528/20",A,3,A3,NA,CONTROL,NA,CONTROL,NA,NA,TWEED,39,NA,NA,NA,141.596,NA,FALSE,FALSE,NA,parsed_table,FALSE,242,112,115,2.1043478260869564,130,1.7090878273397554,0.013146829441075042,NA,NA
20260528-rphi-36C,/Users/sr320/Documents/GitHub/resazurin-assay-development/data/clam/20260528-rphi-36C/plate-J-T1.0.txt,plate-J-T1.0.txt,j,1,2026-05-28T09:55:48Z,25.7,"528/20,528/20",A,3,A3,NA,CONTROL,NA,CONTROL,NA,NA,TWEED,39,NA,NA,NA,141.596,NA,FALSE,FALSE,NA,parsed_table,FALSE,404,162,118,3.4237288135593222,130,2.853187943162236,0.021947599562786434,NA,NA
20260528-rphi-36C,/Users/sr320/Documents/GitHub/resazurin-assay-development/data/clam/20260528-rphi-36C/plate-J-T1.5.txt,plate-J-T1.5.txt,j,1.5,2026-05-28T10:26:54Z,25.8,"528/20,528/20",A,3,A3,NA,CONTROL,NA,CONTROL,NA,NA,TWEED,39,NA,NA,NA,141.596,NA,FALSE,FALSE,NA,parsed_table,FALSE,484,80,121,4,130,3.418175654679511,0.026293658882150083,NA,NA
20260528-rphi-36C,/Users/sr320/Documents/GitHub/resazurin-assay-development/data/clam/20260528-rphi-36C/plate-J-T2.0.txt,plate-J-T2.0.txt,j,2,2026-05-28T11:03:30Z,26,"528/20,528/20",A,3,A3,NA,CONTROL,NA,CONTROL,NA,NA,TWEED,39,NA,NA,NA,141.596,NA,FALSE,FALSE,NA,parsed_table,FALSE,598,114,126,4.746031746031746,130,4.223283143591627,0.03248679341224328,NA,NA
20260528-rphi-36C,/Users/sr320/Documents/GitHub/resazurin-assay-development/data/clam/20260528-rphi-36C/plate-J-T2.5.txt,plate-J-T2.5.txt,j,2.5,2026-05-28T11:35:38Z,26.1,"528/20,528/20",A,3,A3,NA,CONTROL,NA,CONTROL,NA,NA,TWEED,39,NA,NA,NA,141.596,NA,FALSE,FALSE,NA,parsed_table,FALSE,653,55,128,5.1015625,130,4.611712195259753,0.035474709194305794,NA,NA
20260528-rphi-36C,/Users/sr320/Documents/GitHub/resazurin-assay-development/data/clam/20260528-rphi-36C/plate-J-T3.0.txt,plate-J-T3.0.txt,j,3,2026-05-28T12:09:17Z,26,"528/20,528/20",A,3,A3,NA,CONTROL,NA,CONTROL,NA,NA,TWEED,39,NA,NA,NA,141.596,NA,FALSE,FALSE,NA,parsed_table,FALSE,705,52,130,5.423076923076923,130,4.978954207745981,0.038299647751892166,NA,NA
20260528-rphi-36C,/Users/sr320/Documents/GitHub/resazurin-assay-development/data/clam/20260528-rphi-36C/plate-J-T3.5.txt,plate-J-T3.5.txt,j,3.5,2026-05-28T12:43:01Z,25.9,"528/20,528/20",A,3,A3,NA,CONTROL,NA,CONTROL,NA,NA,TWEED,39,NA,NA,NA,141.596,NA,FALSE,FALSE,NA,parsed_table,FALSE,746,41,130,5.7384615384615385,130,5.268510409898584,0.04052700315306604,NA,NA
20260528-rphi-36C,/Users/sr320/Documents/GitHub/resazurin-assay-development/data/clam/20260528-rphi-36C/plate-J-T4.0.txt,plate-J-T4.0.txt,j,4,2026-05-28T13:14:17Z,25.9,"528/20,528/20",A,3,A3,NA,CONTROL,NA,CONTROL,NA,NA,TWEED,39,NA,NA,NA,141.596,NA,FALSE,FALSE,NA,parsed_table,FALSE,801,55,132,6.068181818181818,130,5.656939461566711,0.043514918935128544,NA,NA
20260528-rphi-36C,/Users/sr320/Documents/GitHub/resazurin-assay-development/data/clam/20260528-rphi-36C/plate-J-T0.0.txt,plate-J-T0.0.txt,j,0,2026-05-28T08:50:10Z,25,"528/20,528/20",A,4,A4,NA,CONTROL,NA,CONTROL,NA,NA,BLUE,40,NA,NA,NA,106.443,NA,FALSE,FALSE,NA,parsed_table,FALSE,127,0,112,1.1339285714285714,127,1.1931268378380917,0.009394699510536156,NA,NA
20260528-rphi-36C,/Users/sr320/Documents/GitHub/resazurin-assay-development/data/clam/20260528-rphi-36C/plate-J-T0.5.txt,plate-J-T0.5.txt,j,0.5,2026-05-28T09:22:42Z,25.4,"528/20,528/20",A,4,A4,NA,CONTROL,NA,CONTROL,NA,NA,BLUE,40,NA,NA,NA,106.443,NA,FALSE,FALSE,NA,parsed_table,FALSE,260,133,115,2.260869565217391,127,2.4426218727394007,0.019233243092436222,NA,NA
20260528-rphi-36C,/Users/sr320/Documents/GitHub/resazurin-assay-development/data/clam/20260528-rphi-36C/plate-J-T1.0.txt,plate-J-T1.0.txt,j,1,2026-05-28T09:55:48Z,25.7,"528/20,528/20",A,4,A4,NA,CONTROL,NA,CONTROL,NA,NA,BLUE,40,NA,NA,NA,106.443,NA,FALSE,FALSE,NA,parsed_table,FALSE,404,144,118,3.4237288135593222,127,3.795458602256607,0.029885500805170134,NA,NA
20260528-rphi-36C,/Users/sr320/Documents/GitHub/resazurin-assay-development/data/clam/20260528-rphi-36C/plate-J-T1.5.txt,plate-J-T1.5.txt,j,1.5,2026-05-28T10:26:54Z,25.8,"528/20,528/20",A,4,A4,NA,CONTROL,NA,CONTROL,NA,NA,BLUE,40,NA,NA,NA,106.443,NA,FALSE,FALSE,NA,parsed_table,FALSE,510,106,121,4.214876033057851,127,4.79129675037344,0.03772674606593259,NA,NA
20260528-rphi-36C,/Users/sr320/Documents/GitHub/resazurin-assay-development/data/clam/20260528-rphi-36C/plate-J-T2.0.txt,plate-J-T2.0.txt,j,2,2026-05-28T11:03:30Z,26,"528/20,528/20",A,4,A4,NA,CONTROL,NA,CONTROL,NA,NA,BLUE,40,NA,NA,NA,106.443,NA,FALSE,FALSE,NA,parsed_table,FALSE,588,78,126,4.666666666666667,127,5.52408331219526,0.04349671899366346,NA,NA
20260528-rphi-36C,/Users/sr320/Documents/GitHub/resazurin-assay-development/data/clam/20260528-rphi-36C/plate-J-T2.5.txt,plate-J-T2.5.txt,j,2.5,2026-05-28T11:35:38Z,26.1,"528/20,528/20",A,4,A4,NA,CONTROL,NA,CONTROL,NA,NA,BLUE,40,NA,NA,NA,106.443,NA,FALSE,FALSE,NA,parsed_table,FALSE,640,52,128,5,127,6.01260768674314,0.0473433676121507,NA,NA
20260528-rphi-36C,/Users/sr320/Documents/GitHub/resazurin-assay-development/data/clam/20260528-rphi-36C/plate-J-T3.0.txt,plate-J-T3.0.txt,j,3,2026-05-28T12:09:17Z,26,"528/20,528/20",A,4,A4,NA,CONTROL,NA,CONTROL,NA,NA,BLUE,40,NA,NA,NA,106.443,NA,FALSE,FALSE,NA,parsed_table,FALSE,701,61,130,5.392307692307693,127,6.585684356885845,0.05185578233768382,NA,NA
20260528-rphi-36C,/Users/sr320/Documents/GitHub/resazurin-assay-development/data/clam/20260528-rphi-36C/plate-J-T3.5.txt,plate-J-T3.5.txt,j,3.5,2026-05-28T12:43:01Z,25.9,"528/20,528/20",A,4,A4,NA,CONTROL,NA,CONTROL,NA,NA,BLUE,40,NA,NA,NA,106.443,NA,FALSE,FALSE,NA,parsed_table,FALSE,747,46,130,5.746153846153846,127,7.017840534370508,0.055258586884807157,NA,NA
20260528-rphi-36C,/Users/sr320/Documents/GitHub/resazurin-assay-development/data/clam/20260528-rphi-36C/plate-J-T4.0.txt,plate-J-T4.0.txt,j,4,2026-05-28T13:14:17Z,25.9,"528/20,528/20",A,4,A4,NA,CONTROL,NA,CONTROL,NA,NA,BLUE,40,NA,NA,NA,106.443,NA,FALSE,FALSE,NA,parsed_table,FALSE,790,43,132,5.984848484848484,127,7.421812613323563,0.05843946939624852,NA,NA
20260528-rphi-36C,/Users/sr320/Documents/GitHub/resazurin-assay-development/data/clam/20260528-rphi-36C/plate-J-T0.0.txt,plate-J-T0.0.txt,j,0,2026-05-28T08:50:10Z,25,"528/20,528/20",B,1,B1,NA,SELECTED,NA,SELECTED,NA,NA,TWEED,41,NA,NA,NA,143.817,NA,FALSE,FALSE,NA,parsed_table,FALSE,132,0,112,1.1785714285714286,132,0.9178330795385803,0.0069532809055953045,NA,NA
20260528-rphi-36C,/Users/sr320/Documents/GitHub/resazurin-assay-development/data/clam/20260528-rphi-36C/plate-J-T0.5.txt,plate-J-T0.5.txt,j,0.5,2026-05-28T09:22:42Z,25.4,"528/20,528/20",B,1,B1,NA,SELECTED,NA,SELECTED,NA,NA,TWEED,41,NA,NA,NA,143.817,NA,FALSE,FALSE,NA,parsed_table,FALSE,282,150,115,2.4521739130434783,132,1.960825215377876,0.014854736480135423,NA,NA
20260528-rphi-36C,/Users/sr320/Documents/GitHub/resazurin-assay-development/data/clam/20260528-rphi-36C/plate-J-T1.0.txt,plate-J-T1.0.txt,j,1,2026-05-28T09:55:48Z,25.7,"528/20,528/20",B,1,B1,NA,SELECTED,NA,SELECTED,NA,NA,TWEED,41,NA,NA,NA,143.817,NA,FALSE,FALSE,NA,parsed_table,FALSE,502,220,118,4.254237288135593,132,3.490547014608843,0.026443537989460933,NA,NA
20260528-rphi-36C,/Users/sr320/Documents/GitHub/resazurin-assay-development/data/clam/20260528-rphi-36C/plate-J-T1.5.txt,plate-J-T1.5.txt,j,1.5,2026-05-28T10:26:54Z,25.8,"528/20,528/20",B,1,B1,NA,SELECTED,NA,SELECTED,NA,NA,TWEED,41,NA,NA,NA,143.817,NA,FALSE,FALSE,NA,parsed_table,FALSE,611,109,121,5.049586776859504,132,4.248454633318731,0.032185262373626754,NA,NA
20260528-rphi-36C,/Users/sr320/Documents/GitHub/resazurin-assay-development/data/clam/20260528-rphi-36C/plate-J-T2.0.txt,plate-J-T2.0.txt,j,2,2026-05-28T11:03:30Z,26,"528/20,528/20",B,1,B1,NA,SELECTED,NA,SELECTED,NA,NA,TWEED,41,NA,NA,NA,143.817,NA,FALSE,FALSE,NA,parsed_table,FALSE,740,129,126,5.873015873015873,132,5.145427870140526,0.03898051416773125,NA,NA
20260528-rphi-36C,/Users/sr320/Documents/GitHub/resazurin-assay-development/data/clam/20260528-rphi-36C/plate-J-T2.5.txt,plate-J-T2.5.txt,j,2.5,2026-05-28T11:35:38Z,26.1,"528/20,528/20",B,1,B1,NA,SELECTED,NA,SELECTED,NA,NA,TWEED,41,NA,NA,NA,143.817,NA,FALSE,FALSE,NA,parsed_table,FALSE,820,80,128,6.40625,132,5.70169034258815,0.04319462380748598,NA,NA
20260528-rphi-36C,/Users/sr320/Documents/GitHub/resazurin-assay-development/data/clam/20260528-rphi-36C/plate-J-T3.0.txt,plate-J-T3.0.txt,j,3,2026-05-28T12:09:17Z,26,"528/20,528/20",B,1,B1,NA,SELECTED,NA,SELECTED,NA,NA,TWEED,41,NA,NA,NA,143.817,NA,FALSE,FALSE,NA,parsed_table,FALSE,921,101,130,7.084615384615384,132,6.4039717140532755,0.04851493722767633,NA,NA
20260528-rphi-36C,/Users/sr320/Documents/GitHub/resazurin-assay-development/data/clam/20260528-rphi-36C/plate-J-T3.5.txt,plate-J-T3.5.txt,j,3.5,2026-05-28T12:43:01Z,25.9,"528/20,528/20",B,1,B1,NA,SELECTED,NA,SELECTED,NA,NA,TWEED,41,NA,NA,NA,143.817,NA,FALSE,FALSE,NA,parsed_table,FALSE,1009,88,130,7.7615384615384615,132,7.0158604337456625,0.05315045783140653,NA,NA
20260528-rphi-36C,/Users/sr320/Documents/GitHub/resazurin-assay-development/data/clam/20260528-rphi-36C/plate-J-T4.0.txt,plate-J-T4.0.txt,j,4,2026-05-28T13:14:17Z,25.9,"528/20,528/20",B,1,B1,NA,SELECTED,NA,SELECTED,NA,NA,TWEED,41,NA,NA,NA,143.817,NA,FALSE,FALSE,NA,parsed_table,FALSE,1197,188,132,9.068181818181818,132,8.323077243997579,0.06305361548483016,NA,NA
20260528-rphi-36C,/Users/sr320/Documents/GitHub/resazurin-assay-development/data/clam/20260528-rphi-36C/plate-J-T0.0.txt,plate-J-T0.0.txt,j,0,2026-05-28T08:50:10Z,25,"528/20,528/20",B,2,B2,NA,SELECTED,NA,SELECTED,NA,NA,BLUE,42,NA,NA,NA,111.951,NA,FALSE,FALSE,NA,parsed_table,FALSE,123,0,112,1.0982142857142858,123,1.0986949647613689,0.008932479388303813,NA,NA
20260528-rphi-36C,/Users/sr320/Documents/GitHub/resazurin-assay-development/data/clam/20260528-rphi-36C/plate-J-T0.5.txt,plate-J-T0.5.txt,j,0.5,2026-05-28T09:22:42Z,25.4,"528/20,528/20",B,2,B2,NA,SELECTED,NA,SELECTED,NA,NA,BLUE,42,NA,NA,NA,111.951,NA,FALSE,FALSE,NA,parsed_table,FALSE,215,92,115,1.8695652173913044,123,1.9204830684853196,0.015613683483620485,NA,NA
20260528-rphi-36C,/Users/sr320/Documents/GitHub/resazurin-assay-development/data/clam/20260528-rphi-36C/plate-J-T1.0.txt,plate-J-T1.0.txt,j,1,2026-05-28T09:55:48Z,25.7,"528/20,528/20",B,2,B2,NA,SELECTED,NA,SELECTED,NA,NA,BLUE,42,NA,NA,NA,111.951,NA,FALSE,FALSE,NA,parsed_table,FALSE,341,126,118,2.889830508474576,123,3.0459754714116,0.024764028222858538,NA,NA
20260528-rphi-36C,/Users/sr320/Documents/GitHub/resazurin-assay-development/data/clam/20260528-rphi-36C/plate-J-T1.5.txt,plate-J-T1.5.txt,j,1.5,2026-05-28T10:26:54Z,25.8,"528/20,528/20",B,2,B2,NA,SELECTED,NA,SELECTED,NA,NA,BLUE,42,NA,NA,NA,111.951,NA,FALSE,FALSE,NA,parsed_table,FALSE,438,97,121,3.6198347107438016,123,3.9124259720770698,0.03180834123639894,NA,NA
20260528-rphi-36C,/Users/sr320/Documents/GitHub/resazurin-assay-development/data/clam/20260528-rphi-36C/plate-J-T2.0.txt,plate-J-T2.0.txt,j,2,2026-05-28T11:03:30Z,26,"528/20,528/20",B,2,B2,NA,SELECTED,NA,SELECTED,NA,NA,BLUE,42,NA,NA,NA,111.951,NA,FALSE,FALSE,NA,parsed_table,FALSE,503,65,126,3.992063492063492,123,4.493037132316817,0.03652875717330746,NA,NA
20260528-rphi-36C,/Users/sr320/Documents/GitHub/resazurin-assay-development/data/clam/20260528-rphi-36C/plate-J-T2.5.txt,plate-J-T2.5.txt,j,2.5,2026-05-28T11:35:38Z,26.1,"528/20,528/20",B,2,B2,NA,SELECTED,NA,SELECTED,NA,NA,BLUE,42,NA,NA,NA,111.951,NA,FALSE,FALSE,NA,parsed_table,FALSE,551,48,128,4.3046875,123,4.9217961429554,0.040014602788255284,NA,NA
20260528-rphi-36C,/Users/sr320/Documents/GitHub/resazurin-assay-development/data/clam/20260528-rphi-36C/plate-J-T3.0.txt,plate-J-T3.0.txt,j,3,2026-05-28T12:09:17Z,26,"528/20,528/20",B,2,B2,NA,SELECTED,NA,SELECTED,NA,NA,BLUE,42,NA,NA,NA,111.951,NA,FALSE,FALSE,NA,parsed_table,FALSE,613,62,130,4.7153846153846155,123,5.475609865030237,0.04451715337422957,NA,NA
20260528-rphi-36C,/Users/sr320/Documents/GitHub/resazurin-assay-development/data/clam/20260528-rphi-36C/plate-J-T3.5.txt,plate-J-T3.5.txt,j,3.5,2026-05-28T12:43:01Z,25.9,"528/20,528/20",B,2,B2,NA,SELECTED,NA,SELECTED,NA,NA,BLUE,42,NA,NA,NA,111.951,NA,FALSE,FALSE,NA,parsed_table,FALSE,658,45,130,5.061538461538461,123,5.877571437503908,0.04778513363824316,NA,NA
20260528-rphi-36C,/Users/sr320/Documents/GitHub/resazurin-assay-development/data/clam/20260528-rphi-36C/plate-J-T4.0.txt,plate-J-T4.0.txt,j,4,2026-05-28T13:14:17Z,25.9,"528/20,528/20",B,2,B2,NA,SELECTED,NA,SELECTED,NA,NA,BLUE,42,NA,NA,NA,111.951,NA,FALSE,FALSE,NA,parsed_table,FALSE,680,22,132,5.151515151515151,123,6.074085984046592,0.04938281287842758,NA,NA
20260528-rphi-36C,/Users/sr320/Documents/GitHub/resazurin-assay-development/data/clam/20260528-rphi-36C/plate-J-T0.0.txt,plate-J-T0.0.txt,j,0,2026-05-28T08:50:10Z,25,"528/20,528/20",B,3,B3,NA,CONTROL,NA,CONTROL,NA,NA,TWEED,43,NA,NA,NA,148.475,NA,FALSE,FALSE,NA,parsed_table,FALSE,131,0,112,1.1696428571428572,131,0.8823034180838525,0.006735140596059943,NA,NA
20260528-rphi-36C,/Users/sr320/Documents/GitHub/resazurin-assay-development/data/clam/20260528-rphi-36C/plate-J-T0.5.txt,plate-J-T0.5.txt,j,0.5,2026-05-28T09:22:42Z,25.4,"528/20,528/20",B,3,B3,NA,CONTROL,NA,CONTROL,NA,NA,TWEED,43,NA,NA,NA,148.475,NA,FALSE,FALSE,NA,parsed_table,FALSE,278,147,115,2.417391304347826,131,1.8723690857046642,0.014292893784005072,NA,NA
20260528-rphi-36C,/Users/sr320/Documents/GitHub/resazurin-assay-development/data/clam/20260528-rphi-36C/plate-J-T1.0.txt,plate-J-T1.0.txt,j,1,2026-05-28T09:55:48Z,25.7,"528/20,528/20",B,3,B3,NA,CONTROL,NA,CONTROL,NA,NA,TWEED,43,NA,NA,NA,148.475,NA,FALSE,FALSE,NA,parsed_table,FALSE,417,139,118,3.5338983050847457,131,2.808553628556996,0.021439340676007605,NA,NA
20260528-rphi-36C,/Users/sr320/Documents/GitHub/resazurin-assay-development/data/clam/20260528-rphi-36C/plate-J-T1.5.txt,plate-J-T1.5.txt,j,1.5,2026-05-28T10:26:54Z,25.8,"528/20,528/20",B,3,B3,NA,CONTROL,NA,CONTROL,NA,NA,TWEED,43,NA,NA,NA,148.475,NA,FALSE,FALSE,NA,parsed_table,FALSE,506,89,121,4.181818181818182,131,3.407981141606331,0.02601512321836894,NA,NA
20260528-rphi-36C,/Users/sr320/Documents/GitHub/resazurin-assay-development/data/clam/20260528-rphi-36C/plate-J-T2.0.txt,plate-J-T2.0.txt,j,2,2026-05-28T11:03:30Z,26,"528/20,528/20",B,3,B3,NA,CONTROL,NA,CONTROL,NA,NA,TWEED,43,NA,NA,NA,148.475,NA,FALSE,FALSE,NA,parsed_table,FALSE,605,99,126,4.801587301587301,131,4.074760060616265,0.031105038630658513,NA,NA
20260528-rphi-36C,/Users/sr320/Documents/GitHub/resazurin-assay-development/data/clam/20260528-rphi-36C/plate-J-T2.5.txt,plate-J-T2.5.txt,j,2.5,2026-05-28T11:35:38Z,26.1,"528/20,528/20",B,3,B3,NA,CONTROL,NA,CONTROL,NA,NA,TWEED,43,NA,NA,NA,148.475,NA,FALSE,FALSE,NA,parsed_table,FALSE,657,52,128,5.1328125,131,4.424987371611382,0.03377852955428536,NA,NA
20260528-rphi-36C,/Users/sr320/Documents/GitHub/resazurin-assay-development/data/clam/20260528-rphi-36C/plate-J-T3.0.txt,plate-J-T3.0.txt,j,3,2026-05-28T12:09:17Z,26,"528/20,528/20",B,3,B3,NA,CONTROL,NA,CONTROL,NA,NA,TWEED,43,NA,NA,NA,148.475,NA,FALSE,FALSE,NA,parsed_table,FALSE,726,69,130,5.584615384615384,131,4.889712072739519,0.03732604635679022,NA,NA
20260528-rphi-36C,/Users/sr320/Documents/GitHub/resazurin-assay-development/data/clam/20260528-rphi-36C/plate-J-T3.5.txt,plate-J-T3.5.txt,j,3.5,2026-05-28T12:43:01Z,25.9,"528/20,528/20",B,3,B3,NA,CONTROL,NA,CONTROL,NA,NA,TWEED,43,NA,NA,NA,148.475,NA,FALSE,FALSE,NA,parsed_table,FALSE,760,34,130,5.846153846153846,131,5.118706853005556,0.039074098114546235,NA,NA
20260528-rphi-36C,/Users/sr320/Documents/GitHub/resazurin-assay-development/data/clam/20260528-rphi-36C/plate-J-T4.0.txt,plate-J-T4.0.txt,j,4,2026-05-28T13:14:17Z,25.9,"528/20,528/20",B,3,B3,NA,CONTROL,NA,CONTROL,NA,NA,TWEED,43,NA,NA,NA,148.475,NA,FALSE,FALSE,NA,parsed_table,FALSE,793,33,132,6.007575757575758,131,5.340966492675535,0.04077073658530943,NA,NA
20260528-rphi-36C,/Users/sr320/Documents/GitHub/resazurin-assay-development/data/clam/20260528-rphi-36C/plate-J-T0.0.txt,plate-J-T0.0.txt,j,0,2026-05-28T08:50:10Z,25,"528/20,528/20",B,4,B4,NA,CONTROL,NA,CONTROL,NA,NA,BLUE,44,NA,NA,NA,234.262,NA,FALSE,FALSE,NA,parsed_table,FALSE,152,0,112,1.3571428571428572,152,0.6488461636970572,0.00426872476116485,NA,NA
20260528-rphi-36C,/Users/sr320/Documents/GitHub/resazurin-assay-development/data/clam/20260528-rphi-36C/plate-J-T0.5.txt,plate-J-T0.5.txt,j,0.5,2026-05-28T09:22:42Z,25.4,"528/20,528/20",B,4,B4,NA,CONTROL,NA,CONTROL,NA,NA,BLUE,44,NA,NA,NA,234.262,NA,FALSE,FALSE,NA,parsed_table,FALSE,345,193,115,3,152,1.472710042601873,0.00968888185922285,NA,NA
20260528-rphi-36C,/Users/sr320/Documents/GitHub/resazurin-assay-development/data/clam/20260528-rphi-36C/plate-J-T1.0.txt,plate-J-T1.0.txt,j,1,2026-05-28T09:55:48Z,25.7,"528/20,528/20",B,4,B4,NA,CONTROL,NA,CONTROL,NA,NA,BLUE,44,NA,NA,NA,234.262,NA,FALSE,FALSE,NA,parsed_table,FALSE,541,196,118,4.584745762711864,152,2.3093800957901838,0.015193290103882786,NA,NA
20260528-rphi-36C,/Users/sr320/Documents/GitHub/resazurin-assay-development/data/clam/20260528-rphi-36C/plate-J-T1.5.txt,plate-J-T1.5.txt,j,1.5,2026-05-28T10:26:54Z,25.8,"528/20,528/20",B,4,B4,NA,CONTROL,NA,CONTROL,NA,NA,BLUE,44,NA,NA,NA,234.262,NA,FALSE,FALSE,NA,parsed_table,FALSE,687,146,121,5.677685950413223,152,2.9326139109202516,0.01929351257184376,NA,NA
20260528-rphi-36C,/Users/sr320/Documents/GitHub/resazurin-assay-development/data/clam/20260528-rphi-36C/plate-J-T2.0.txt,plate-J-T2.0.txt,j,2,2026-05-28T11:03:30Z,26,"528/20,528/20",B,4,B4,NA,CONTROL,NA,CONTROL,NA,NA,BLUE,44,NA,NA,NA,234.262,NA,FALSE,FALSE,NA,parsed_table,FALSE,801,114,126,6.357142857142857,152,3.4192485336930445,0.022495056142717396,NA,NA
20260528-rphi-36C,/Users/sr320/Documents/GitHub/resazurin-assay-development/data/clam/20260528-rphi-36C/plate-J-T2.5.txt,plate-J-T2.5.txt,j,2.5,2026-05-28T11:35:38Z,26.1,"528/20,528/20",B,4,B4,NA,CONTROL,NA,CONTROL,NA,NA,BLUE,44,NA,NA,NA,234.262,NA,FALSE,FALSE,NA,parsed_table,FALSE,877,76,128,6.8515625,152,3.7436716155415732,0.02462941852329982,NA,NA
20260528-rphi-36C,/Users/sr320/Documents/GitHub/resazurin-assay-development/data/clam/20260528-rphi-36C/plate-J-T3.0.txt,plate-J-T3.0.txt,j,3,2026-05-28T12:09:17Z,26,"528/20,528/20",B,4,B4,NA,CONTROL,NA,CONTROL,NA,NA,BLUE,44,NA,NA,NA,234.262,NA,FALSE,FALSE,NA,parsed_table,FALSE,952,75,130,7.323076923076923,152,4.063825972628937,0.02673569718834827,NA,NA
20260528-rphi-36C,/Users/sr320/Documents/GitHub/resazurin-assay-development/data/clam/20260528-rphi-36C/plate-J-T3.5.txt,plate-J-T3.5.txt,j,3.5,2026-05-28T12:43:01Z,25.9,"528/20,528/20",B,4,B4,NA,CONTROL,NA,CONTROL,NA,NA,BLUE,44,NA,NA,NA,234.262,NA,FALSE,FALSE,NA,parsed_table,FALSE,1002,50,130,7.707692307692308,152,4.277262210687179,0.02813988296504723,NA,NA
20260528-rphi-36C,/Users/sr320/Documents/GitHub/resazurin-assay-development/data/clam/20260528-rphi-36C/plate-J-T4.0.txt,plate-J-T4.0.txt,j,4,2026-05-28T13:14:17Z,25.9,"528/20,528/20",B,4,B4,NA,CONTROL,NA,CONTROL,NA,NA,BLUE,44,NA,NA,NA,234.262,NA,FALSE,FALSE,NA,parsed_table,FALSE,1055,53,132,7.992424242424242,152,4.503504623028916,0.029628319888348135,NA,NA
20260528-rphi-36C,/Users/sr320/Documents/GitHub/resazurin-assay-development/data/clam/20260528-rphi-36C/plate-J-T0.0.txt,plate-J-T0.0.txt,j,0,2026-05-28T08:50:10Z,25,"528/20,528/20",C,1,C1,NA,SELECTED,NA,SELECTED,NA,NA,TWEED,45,NA,NA,NA,154.19,NA,FALSE,FALSE,NA,parsed_table,FALSE,132,0,112,1.1785714285714286,132,0.856086646345418,0.006485504896556197,NA,NA
20260528-rphi-36C,/Users/sr320/Documents/GitHub/resazurin-assay-development/data/clam/20260528-rphi-36C/plate-J-T0.5.txt,plate-J-T0.5.txt,j,0.5,2026-05-28T09:22:42Z,25.4,"528/20,528/20",C,1,C1,NA,SELECTED,NA,SELECTED,NA,NA,TWEED,45,NA,NA,NA,154.19,NA,FALSE,FALSE,NA,parsed_table,FALSE,274,142,115,2.382608695652174,132,1.777028341656398,0.013462335921639378,NA,NA
20260528-rphi-36C,/Users/sr320/Documents/GitHub/resazurin-assay-development/data/clam/20260528-rphi-36C/plate-J-T1.0.txt,plate-J-T1.0.txt,j,1,2026-05-28T09:55:48Z,25.7,"528/20,528/20",C,1,C1,NA,SELECTED,NA,SELECTED,NA,NA,TWEED,45,NA,NA,NA,154.19,NA,FALSE,FALSE,NA,parsed_table,FALSE,451,177,118,3.8220338983050848,132,2.924962708346845,0.022158808396567007,NA,NA
20260528-rphi-36C,/Users/sr320/Documents/GitHub/resazurin-assay-development/data/clam/20260528-rphi-36C/plate-J-T1.5.txt,plate-J-T1.5.txt,j,1.5,2026-05-28T10:26:54Z,25.8,"528/20,528/20",C,1,C1,NA,SELECTED,NA,SELECTED,NA,NA,TWEED,45,NA,NA,NA,154.19,NA,FALSE,FALSE,NA,parsed_table,FALSE,560,109,121,4.628099173553719,132,3.63188274207147,0.027514263197511137,NA,NA
20260528-rphi-36C,/Users/sr320/Documents/GitHub/resazurin-assay-development/data/clam/20260528-rphi-36C/plate-J-T2.0.txt,plate-J-T2.0.txt,j,2,2026-05-28T11:03:30Z,26,"528/20,528/20",C,1,C1,NA,SELECTED,NA,SELECTED,NA,NA,TWEED,45,NA,NA,NA,154.19,NA,FALSE,FALSE,NA,parsed_table,FALSE,675,115,126,5.357142857142857,132,4.377715805175433,0.03316451367557146,NA,NA
20260528-rphi-36C,/Users/sr320/Documents/GitHub/resazurin-assay-development/data/clam/20260528-rphi-36C/plate-J-T2.5.txt,plate-J-T2.5.txt,j,2.5,2026-05-28T11:35:38Z,26.1,"528/20,528/20",C,1,C1,NA,SELECTED,NA,SELECTED,NA,NA,TWEED,45,NA,NA,NA,154.19,NA,FALSE,FALSE,NA,parsed_table,FALSE,726,51,128,5.671875,132,4.708476554899799,0.035670276931059085,NA,NA
20260528-rphi-36C,/Users/sr320/Documents/GitHub/resazurin-assay-development/data/clam/20260528-rphi-36C/plate-J-T3.0.txt,plate-J-T3.0.txt,j,3,2026-05-28T12:09:17Z,26,"528/20,528/20",C,1,C1,NA,SELECTED,NA,SELECTED,NA,NA,TWEED,45,NA,NA,NA,154.19,NA,FALSE,FALSE,NA,parsed_table,FALSE,793,67,130,6.1,132,5.143005382969064,0.03896216199218988,NA,NA
20260528-rphi-36C,/Users/sr320/Documents/GitHub/resazurin-assay-development/data/clam/20260528-rphi-36C/plate-J-T3.5.txt,plate-J-T3.5.txt,j,3.5,2026-05-28T12:43:01Z,25.9,"528/20,528/20",C,1,C1,NA,SELECTED,NA,SELECTED,NA,NA,TWEED,45,NA,NA,NA,154.19,NA,FALSE,FALSE,NA,parsed_table,FALSE,844,51,130,6.492307692307692,132,5.47376613269343,0.0414679252476775,NA,NA
20260528-rphi-36C,/Users/sr320/Documents/GitHub/resazurin-assay-development/data/clam/20260528-rphi-36C/plate-J-T4.0.txt,plate-J-T4.0.txt,j,4,2026-05-28T13:14:17Z,25.9,"528/20,528/20",C,1,C1,NA,SELECTED,NA,SELECTED,NA,NA,TWEED,45,NA,NA,NA,154.19,NA,FALSE,FALSE,NA,parsed_table,FALSE,890,46,132,6.742424242424242,132,5.772099357935016,0.04372802543890163,NA,NA
20260528-rphi-36C,/Users/sr320/Documents/GitHub/resazurin-assay-development/data/clam/20260528-rphi-36C/plate-J-T0.0.txt,plate-J-T0.0.txt,j,0,2026-05-28T08:50:10Z,25,"528/20,528/20",C,2,C2,NA,SELECTED,NA,SELECTED,NA,NA,BLUE,46,NA,NA,NA,120.231,NA,FALSE,FALSE,NA,parsed_table,FALSE,126,0,112,1.125,126,1.0479826334306461,0.00831732248754481,NA,NA
20260528-rphi-36C,/Users/sr320/Documents/GitHub/resazurin-assay-development/data/clam/20260528-rphi-36C/plate-J-T0.5.txt,plate-J-T0.5.txt,j,0.5,2026-05-28T09:22:42Z,25.4,"528/20,528/20",C,2,C2,NA,SELECTED,NA,SELECTED,NA,NA,BLUE,46,NA,NA,NA,120.231,NA,FALSE,FALSE,NA,parsed_table,FALSE,256,130,115,2.226086956521739,126,2.1292345568114714,0.0168986869588212,NA,NA
20260528-rphi-36C,/Users/sr320/Documents/GitHub/resazurin-assay-development/data/clam/20260528-rphi-36C/plate-J-T1.0.txt,plate-J-T1.0.txt,j,1,2026-05-28T09:55:48Z,25.7,"528/20,528/20",C,2,C2,NA,SELECTED,NA,SELECTED,NA,NA,BLUE,46,NA,NA,NA,120.231,NA,FALSE,FALSE,NA,parsed_table,FALSE,376,120,118,3.1864406779661016,126,3.1273132553168486,0.02481994647076864,NA,NA
20260528-rphi-36C,/Users/sr320/Documents/GitHub/resazurin-assay-development/data/clam/20260528-rphi-36C/plate-J-T1.5.txt,plate-J-T1.5.txt,j,1.5,2026-05-28T10:26:54Z,25.8,"528/20,528/20",C,2,C2,NA,SELECTED,NA,SELECTED,NA,NA,BLUE,46,NA,NA,NA,120.231,NA,FALSE,FALSE,NA,parsed_table,FALSE,473,97,121,3.909090909090909,126,3.934093536608695,0.031222964576259483,NA,NA
20260528-rphi-36C,/Users/sr320/Documents/GitHub/resazurin-assay-development/data/clam/20260528-rphi-36C/plate-J-T2.0.txt,plate-J-T2.0.txt,j,2,2026-05-28T11:03:30Z,26,"528/20,528/20",C,2,C2,NA,SELECTED,NA,SELECTED,NA,NA,BLUE,46,NA,NA,NA,120.231,NA,FALSE,FALSE,NA,parsed_table,FALSE,549,76,126,4.357142857142857,126,4.566210045662101,0.036239762267159525,NA,NA
20260528-rphi-36C,/Users/sr320/Documents/GitHub/resazurin-assay-development/data/clam/20260528-rphi-36C/plate-J-T2.5.txt,plate-J-T2.5.txt,j,2.5,2026-05-28T11:35:38Z,26.1,"528/20,528/20",C,2,C2,NA,SELECTED,NA,SELECTED,NA,NA,BLUE,46,NA,NA,NA,120.231,NA,FALSE,FALSE,NA,parsed_table,FALSE,602,53,128,4.703125,126,5.007028137501975,0.03973831855160298,NA,NA
20260528-rphi-36C,/Users/sr320/Documents/GitHub/resazurin-assay-development/data/clam/20260528-rphi-36C/plate-J-T3.0.txt,plate-J-T3.0.txt,j,3,2026-05-28T12:09:17Z,26,"528/20,528/20",C,2,C2,NA,SELECTED,NA,SELECTED,NA,NA,BLUE,46,NA,NA,NA,120.231,NA,FALSE,FALSE,NA,parsed_table,FALSE,644,42,130,4.953846153846154,126,5.356355681978858,0.04251075938078458,NA,NA
20260528-rphi-36C,/Users/sr320/Documents/GitHub/resazurin-assay-development/data/clam/20260528-rphi-36C/plate-J-T3.5.txt,plate-J-T3.5.txt,j,3.5,2026-05-28T12:43:01Z,25.9,"528/20,528/20",C,2,C2,NA,SELECTED,NA,SELECTED,NA,NA,BLUE,46,NA,NA,NA,120.231,NA,FALSE,FALSE,NA,parsed_table,FALSE,685,41,130,5.269230769230769,126,5.697365903968195,0.045217189714033296,NA,NA
20260528-rphi-36C,/Users/sr320/Documents/GitHub/resazurin-assay-development/data/clam/20260528-rphi-36C/plate-J-T4.0.txt,plate-J-T4.0.txt,j,4,2026-05-28T13:14:17Z,25.9,"528/20,528/20",C,2,C2,NA,SELECTED,NA,SELECTED,NA,NA,BLUE,46,NA,NA,NA,120.231,NA,FALSE,FALSE,NA,parsed_table,FALSE,721,36,132,5.462121212121212,126,5.996789513519808,0.047593567567617526,NA,NA
20260528-rphi-36C,/Users/sr320/Documents/GitHub/resazurin-assay-development/data/clam/20260528-rphi-36C/plate-J-T0.0.txt,plate-J-T0.0.txt,j,0,2026-05-28T08:50:10Z,25,"528/20,528/20",C,3,C3,NA,CONTROL,NA,CONTROL,NA,NA,TWEED,47,NA,NA,NA,143.45,NA,FALSE,FALSE,NA,parsed_table,FALSE,135,0,112,1.2053571428571428,135,0.9410944579993029,0.006971070059254096,NA,NA
20260528-rphi-36C,/Users/sr320/Documents/GitHub/resazurin-assay-development/data/clam/20260528-rphi-36C/plate-J-T0.5.txt,plate-J-T0.5.txt,j,0.5,2026-05-28T09:22:42Z,25.4,"528/20,528/20",C,3,C3,NA,CONTROL,NA,CONTROL,NA,NA,TWEED,47,NA,NA,NA,143.45,NA,FALSE,FALSE,NA,parsed_table,FALSE,275,140,115,2.391304347826087,135,1.9170442662948763,0.014200327898480566,NA,NA
20260528-rphi-36C,/Users/sr320/Documents/GitHub/resazurin-assay-development/data/clam/20260528-rphi-36C/plate-J-T1.0.txt,plate-J-T1.0.txt,j,1,2026-05-28T09:55:48Z,25.7,"528/20,528/20",C,3,C3,NA,CONTROL,NA,CONTROL,NA,NA,TWEED,47,NA,NA,NA,143.45,NA,FALSE,FALSE,NA,parsed_table,FALSE,388,113,118,3.288135593220339,135,2.704775182990589,0.02003537172585622,NA,NA
20260528-rphi-36C,/Users/sr320/Documents/GitHub/resazurin-assay-development/data/clam/20260528-rphi-36C/plate-J-T1.5.txt,plate-J-T1.5.txt,j,1.5,2026-05-28T10:26:54Z,25.8,"528/20,528/20",C,3,C3,NA,CONTROL,NA,CONTROL,NA,NA,TWEED,47,NA,NA,NA,143.45,NA,FALSE,FALSE,NA,parsed_table,FALSE,476,88,121,3.9338842975206614,135,3.31822934820495,0.02457947665337,NA,NA
20260528-rphi-36C,/Users/sr320/Documents/GitHub/resazurin-assay-development/data/clam/20260528-rphi-36C/plate-J-T2.0.txt,plate-J-T2.0.txt,j,2,2026-05-28T11:03:30Z,26,"528/20,528/20",C,3,C3,NA,CONTROL,NA,CONTROL,NA,NA,TWEED,47,NA,NA,NA,143.45,NA,FALSE,FALSE,NA,parsed_table,FALSE,537,61,126,4.261904761904762,135,3.7434646218194496,0.02772936756903296,NA,NA
20260528-rphi-36C,/Users/sr320/Documents/GitHub/resazurin-assay-development/data/clam/20260528-rphi-36C/plate-J-T2.5.txt,plate-J-T2.5.txt,j,2.5,2026-05-28T11:35:38Z,26.1,"528/20,528/20",C,3,C3,NA,CONTROL,NA,CONTROL,NA,NA,TWEED,47,NA,NA,NA,143.45,NA,FALSE,FALSE,NA,parsed_table,FALSE,589,52,128,4.6015625,135,4.105960264900663,0.03041452048074565,NA,NA
20260528-rphi-36C,/Users/sr320/Documents/GitHub/resazurin-assay-development/data/clam/20260528-rphi-36C/plate-J-T3.0.txt,plate-J-T3.0.txt,j,3,2026-05-28T12:09:17Z,26,"528/20,528/20",C,3,C3,NA,CONTROL,NA,CONTROL,NA,NA,TWEED,47,NA,NA,NA,143.45,NA,FALSE,FALSE,NA,parsed_table,FALSE,627,38,130,4.823076923076923,135,4.370860927152318,0.03237674760853569,NA,NA
20260528-rphi-36C,/Users/sr320/Documents/GitHub/resazurin-assay-development/data/clam/20260528-rphi-36C/plate-J-T3.5.txt,plate-J-T3.5.txt,j,3.5,2026-05-28T12:43:01Z,25.9,"528/20,528/20",C,3,C3,NA,CONTROL,NA,CONTROL,NA,NA,TWEED,47,NA,NA,NA,143.45,NA,FALSE,FALSE,NA,parsed_table,FALSE,656,29,130,5.046153846153846,135,4.573021958870687,0.03387423673237546,NA,NA
20260528-rphi-36C,/Users/sr320/Documents/GitHub/resazurin-assay-development/data/clam/20260528-rphi-36C/plate-J-T4.0.txt,plate-J-T4.0.txt,j,4,2026-05-28T13:14:17Z,25.9,"528/20,528/20",C,3,C3,NA,CONTROL,NA,CONTROL,NA,NA,TWEED,47,NA,NA,NA,143.45,NA,FALSE,FALSE,NA,parsed_table,FALSE,685,29,132,5.1893939393939394,135,4.775182990589056,0.03537172585621523,NA,NA
20260528-rphi-36C,/Users/sr320/Documents/GitHub/resazurin-assay-development/data/clam/20260528-rphi-36C/plate-J-T0.0.txt,plate-J-T0.0.txt,j,0,2026-05-28T08:50:10Z,25,"528/20,528/20",C,4,C4,NA,NA,NA,NA,NA,NA,NA,NA,NA,NA,NA,NA,NA,TRUE,FALSE,NA,parsed_table,FALSE,112,0,112,1,NA,NA,NA,NA,NA
20260528-rphi-36C,/Users/sr320/Documents/GitHub/resazurin-assay-development/data/clam/20260528-rphi-36C/plate-J-T0.5.txt,plate-J-T0.5.txt,j,0.5,2026-05-28T09:22:42Z,25.4,"528/20,528/20",C,4,C4,NA,NA,NA,NA,NA,NA,NA,NA,NA,NA,NA,NA,NA,TRUE,FALSE,NA,parsed_table,FALSE,115,3,115,1,NA,NA,NA,NA,NA
20260528-rphi-36C,/Users/sr320/Documents/GitHub/resazurin-assay-development/data/clam/20260528-rphi-36C/plate-J-T1.0.txt,plate-J-T1.0.txt,j,1,2026-05-28T09:55:48Z,25.7,"528/20,528/20",C,4,C4,NA,NA,NA,NA,NA,NA,NA,NA,NA,NA,NA,NA,NA,TRUE,FALSE,NA,parsed_table,FALSE,118,3,118,1,NA,NA,NA,NA,NA
20260528-rphi-36C,/Users/sr320/Documents/GitHub/resazurin-assay-development/data/clam/20260528-rphi-36C/plate-J-T1.5.txt,plate-J-T1.5.txt,j,1.5,2026-05-28T10:26:54Z,25.8,"528/20,528/20",C,4,C4,NA,NA,NA,NA,NA,NA,NA,NA,NA,NA,NA,NA,NA,TRUE,FALSE,NA,parsed_table,FALSE,121,3,121,1,NA,NA,NA,NA,NA
20260528-rphi-36C,/Users/sr320/Documents/GitHub/resazurin-assay-development/data/clam/20260528-rphi-36C/plate-J-T2.0.txt,plate-J-T2.0.txt,j,2,2026-05-28T11:03:30Z,26,"528/20,528/20",C,4,C4,NA,NA,NA,NA,NA,NA,NA,NA,NA,NA,NA,NA,NA,TRUE,FALSE,NA,parsed_table,FALSE,126,5,126,1,NA,NA,NA,NA,NA
20260528-rphi-36C,/Users/sr320/Documents/GitHub/resazurin-assay-development/data/clam/20260528-rphi-36C/plate-J-T2.5.txt,plate-J-T2.5.txt,j,2.5,2026-05-28T11:35:38Z,26.1,"528/20,528/20",C,4,C4,NA,NA,NA,NA,NA,NA,NA,NA,NA,NA,NA,NA,NA,TRUE,FALSE,NA,parsed_table,FALSE,128,2,128,1,NA,NA,NA,NA,NA
20260528-rphi-36C,/Users/sr320/Documents/GitHub/resazurin-assay-development/data/clam/20260528-rphi-36C/plate-J-T3.0.txt,plate-J-T3.0.txt,j,3,2026-05-28T12:09:17Z,26,"528/20,528/20",C,4,C4,NA,NA,NA,NA,NA,NA,NA,NA,NA,NA,NA,NA,NA,TRUE,FALSE,NA,parsed_table,FALSE,130,2,130,1,NA,NA,NA,NA,NA
20260528-rphi-36C,/Users/sr320/Documents/GitHub/resazurin-assay-development/data/clam/20260528-rphi-36C/plate-J-T3.5.txt,plate-J-T3.5.txt,j,3.5,2026-05-28T12:43:01Z,25.9,"528/20,528/20",C,4,C4,NA,NA,NA,NA,NA,NA,NA,NA,NA,NA,NA,NA,NA,TRUE,FALSE,NA,parsed_table,FALSE,130,0,130,1,NA,NA,NA,NA,NA
20260528-rphi-36C,/Users/sr320/Documents/GitHub/resazurin-assay-development/data/clam/20260528-rphi-36C/plate-J-T4.0.txt,plate-J-T4.0.txt,j,4,2026-05-28T13:14:17Z,25.9,"528/20,528/20",C,4,C4,NA,NA,NA,NA,NA,NA,NA,NA,NA,NA,NA,NA,NA,TRUE,FALSE,NA,parsed_table,FALSE,132,2,132,1,NA,NA,NA,NA,NA
20260528-rphi-36C,/Users/sr320/Documents/GitHub/resazurin-assay-development/data/clam/20260528-rphi-36C/plate-K-T0.0.txt,plate-K-T0.0.txt,k,0,2026-05-28T08:38:55Z,24.8,"528/20,528/20",A,1,A1,NA,SELECTED,NA,SELECTED,NA,NA,TWEED,49,NA,NA,NA,190.345,NA,FALSE,FALSE,NA,parsed_table,FALSE,163,0,111,1.4684684684684686,163,0.8563398040400326,0.005253618429693452,NA,NA
20260528-rphi-36C,/Users/sr320/Documents/GitHub/resazurin-assay-development/data/clam/20260528-rphi-36C/plate-K-T0.5.txt,plate-K-T0.5.txt,k,0.5,2026-05-28T09:09:41Z,25.3,"528/20,528/20",A,1,A1,NA,SELECTED,NA,SELECTED,NA,NA,TWEED,49,NA,NA,NA,190.345,NA,FALSE,FALSE,NA,parsed_table,FALSE,480,317,116,4.137931034482759,163,2.521736846252857,0.015470778197870285,NA,NA
20260528-rphi-36C,/Users/sr320/Documents/GitHub/resazurin-assay-development/data/clam/20260528-rphi-36C/plate-K-T1.0.txt,plate-K-T1.0.txt,k,1,2026-05-28T09:43:35Z,25.6,"528/20,528/20",A,1,A1,NA,SELECTED,NA,SELECTED,NA,NA,TWEED,49,NA,NA,NA,190.345,NA,FALSE,FALSE,NA,parsed_table,FALSE,713,233,119,5.991596638655462,163,3.745829940371431,0.022980551781419823,NA,NA
20260528-rphi-36C,/Users/sr320/Documents/GitHub/resazurin-assay-development/data/clam/20260528-rphi-36C/plate-K-T1.5.txt,plate-K-T1.5.txt,k,1.5,2026-05-28T10:19:02Z,25.7,"528/20,528/20",A,1,A1,NA,SELECTED,NA,SELECTED,NA,NA,TWEED,49,NA,NA,NA,190.345,NA,FALSE,FALSE,NA,parsed_table,FALSE,957,244,123,7.780487804878049,163,5.027712837216633,0.030844864032003885,NA,NA
20260528-rphi-36C,/Users/sr320/Documents/GitHub/resazurin-assay-development/data/clam/20260528-rphi-36C/plate-K-T2.0.txt,plate-K-T2.0.txt,k,2,2026-05-28T10:53:31Z,25.9,"528/20,528/20",A,1,A1,NA,SELECTED,NA,SELECTED,NA,NA,TWEED,49,NA,NA,NA,190.345,NA,FALSE,FALSE,NA,parsed_table,FALSE,1119,162,126,8.880952380952381,163,5.878799022826972,0.036066251673785105,NA,NA
20260528-rphi-36C,/Users/sr320/Documents/GitHub/resazurin-assay-development/data/clam/20260528-rphi-36C/plate-K-T2.5.txt,plate-K-T2.5.txt,k,2.5,2026-05-28T11:27:28Z,26,"528/20,528/20",A,1,A1,NA,SELECTED,NA,SELECTED,NA,NA,TWEED,49,NA,NA,NA,190.345,NA,FALSE,FALSE,NA,parsed_table,FALSE,1268,149,127,9.984251968503937,163,6.661588168851297,0.04086863907270734,NA,NA
20260528-rphi-36C,/Users/sr320/Documents/GitHub/resazurin-assay-development/data/clam/20260528-rphi-36C/plate-K-T3.0.txt,plate-K-T3.0.txt,k,3,2026-05-28T12:01:57Z,26,"528/20,528/20",A,1,A1,NA,SELECTED,NA,SELECTED,NA,NA,TWEED,49,NA,NA,NA,190.345,NA,FALSE,FALSE,NA,parsed_table,FALSE,1373,105,131,10.48091603053435,163,7.213218103969108,0.04425287180349147,NA,NA
20260528-rphi-36C,/Users/sr320/Documents/GitHub/resazurin-assay-development/data/clam/20260528-rphi-36C/plate-K-T3.5.txt,plate-K-T3.5.txt,k,3.5,2026-05-28T12:30:20Z,25.9,"528/20,528/20",A,1,A1,NA,SELECTED,NA,SELECTED,NA,NA,TWEED,49,NA,NA,NA,190.345,NA,FALSE,FALSE,NA,parsed_table,FALSE,1436,63,130,11.046153846153846,163,7.544196065039796,0.04628341144196194,NA,NA
20260528-rphi-36C,/Users/sr320/Documents/GitHub/resazurin-assay-development/data/clam/20260528-rphi-36C/plate-K-T4.0.txt,plate-K-T4.0.txt,k,4,2026-05-28T13:05:15Z,25.8,"528/20,528/20",A,1,A1,NA,SELECTED,NA,SELECTED,NA,NA,TWEED,49,NA,NA,NA,190.345,NA,FALSE,FALSE,NA,parsed_table,FALSE,1488,52,130,11.446153846153846,163,7.817384223383856,0.04795941241339789,NA,NA
20260528-rphi-36C,/Users/sr320/Documents/GitHub/resazurin-assay-development/data/clam/20260528-rphi-36C/plate-K-T0.0.txt,plate-K-T0.0.txt,k,0,2026-05-28T08:38:55Z,24.8,"528/20,528/20",A,2,A2,NA,SELECTED,NA,SELECTED,NA,NA,BLUE,50,NA,NA,NA,150.627,NA,FALSE,FALSE,NA,parsed_table,FALSE,140,0,111,1.2612612612612613,140,0.9294482396914231,0.006638915997795879,NA,NA
20260528-rphi-36C,/Users/sr320/Documents/GitHub/resazurin-assay-development/data/clam/20260528-rphi-36C/plate-K-T0.5.txt,plate-K-T0.5.txt,k,0.5,2026-05-28T09:09:41Z,25.3,"528/20,528/20",A,2,A2,NA,SELECTED,NA,SELECTED,NA,NA,BLUE,50,NA,NA,NA,150.627,NA,FALSE,FALSE,NA,parsed_table,FALSE,323,183,116,2.7844827586206895,140,2.144369867288069,0.015316927623486206,NA,NA
20260528-rphi-36C,/Users/sr320/Documents/GitHub/resazurin-assay-development/data/clam/20260528-rphi-36C/plate-K-T1.0.txt,plate-K-T1.0.txt,k,1,2026-05-28T09:43:35Z,25.6,"528/20,528/20",A,2,A2,NA,SELECTED,NA,SELECTED,NA,NA,BLUE,50,NA,NA,NA,150.627,NA,FALSE,FALSE,NA,parsed_table,FALSE,467,144,119,3.9243697478991595,140,3.1003737709706756,0.02214552693550483,NA,NA
20260528-rphi-36C,/Users/sr320/Documents/GitHub/resazurin-assay-development/data/clam/20260528-rphi-36C/plate-K-T1.5.txt,plate-K-T1.5.txt,k,1.5,2026-05-28T10:19:02Z,25.7,"528/20,528/20",A,2,A2,NA,SELECTED,NA,SELECTED,NA,NA,BLUE,50,NA,NA,NA,150.627,NA,FALSE,FALSE,NA,parsed_table,FALSE,566,99,123,4.6016260162601625,140,3.757626454752468,0.026840188962517626,NA,NA
20260528-rphi-36C,/Users/sr320/Documents/GitHub/resazurin-assay-development/data/clam/20260528-rphi-36C/plate-K-T2.0.txt,plate-K-T2.0.txt,k,2,2026-05-28T10:53:31Z,25.9,"528/20,528/20",A,2,A2,NA,SELECTED,NA,SELECTED,NA,NA,BLUE,50,NA,NA,NA,150.627,NA,FALSE,FALSE,NA,parsed_table,FALSE,684,118,126,5.428571428571429,140,4.541018542492382,0.03243584673208844,NA,NA
20260528-rphi-36C,/Users/sr320/Documents/GitHub/resazurin-assay-development/data/clam/20260528-rphi-36C/plate-K-T2.5.txt,plate-K-T2.5.txt,k,2.5,2026-05-28T11:27:28Z,26,"528/20,528/20",A,2,A2,NA,SELECTED,NA,SELECTED,NA,NA,BLUE,50,NA,NA,NA,150.627,NA,FALSE,FALSE,NA,parsed_table,FALSE,790,106,127,6.2204724409448815,140,5.244743638258745,0.03746245455899103,NA,NA
20260528-rphi-36C,/Users/sr320/Documents/GitHub/resazurin-assay-development/data/clam/20260528-rphi-36C/plate-K-T3.0.txt,plate-K-T3.0.txt,k,3,2026-05-28T12:01:57Z,26,"528/20,528/20",A,2,A2,NA,SELECTED,NA,SELECTED,NA,NA,BLUE,50,NA,NA,NA,150.627,NA,FALSE,FALSE,NA,parsed_table,FALSE,880,90,131,6.717557251908397,140,5.8422460780603735,0.04173032912900267,NA,NA
20260528-rphi-36C,/Users/sr320/Documents/GitHub/resazurin-assay-development/data/clam/20260528-rphi-36C/plate-K-T3.5.txt,plate-K-T3.5.txt,k,3.5,2026-05-28T12:30:20Z,25.9,"528/20,528/20",A,2,A2,NA,SELECTED,NA,SELECTED,NA,NA,BLUE,50,NA,NA,NA,150.627,NA,FALSE,FALSE,NA,parsed_table,FALSE,939,59,130,7.223076923076923,140,6.233942121930331,0.04452815801378808,NA,NA
20260528-rphi-36C,/Users/sr320/Documents/GitHub/resazurin-assay-development/data/clam/20260528-rphi-36C/plate-K-T4.0.txt,plate-K-T4.0.txt,k,4,2026-05-28T13:05:15Z,25.8,"528/20,528/20",A,2,A2,NA,SELECTED,NA,SELECTED,NA,NA,BLUE,50,NA,NA,NA,150.627,NA,FALSE,FALSE,NA,parsed_table,FALSE,987,48,130,7.592307692307692,140,6.552610089824533,0.04680435778446095,NA,NA
20260528-rphi-36C,/Users/sr320/Documents/GitHub/resazurin-assay-development/data/clam/20260528-rphi-36C/plate-K-T0.0.txt,plate-K-T0.0.txt,k,0,2026-05-28T08:38:55Z,24.8,"528/20,528/20",A,3,A3,NA,CONTROL,NA,CONTROL,NA,NA,TWEED,51,NA,NA,NA,175.426,NA,FALSE,FALSE,NA,parsed_table,FALSE,146,0,111,1.3153153153153154,146,0.8322597562504989,0.005700409289386978,NA,NA
20260528-rphi-36C,/Users/sr320/Documents/GitHub/resazurin-assay-development/data/clam/20260528-rphi-36C/plate-K-T0.5.txt,plate-K-T0.5.txt,k,0.5,2026-05-28T09:09:41Z,25.3,"528/20,528/20",A,3,A3,NA,CONTROL,NA,CONTROL,NA,NA,TWEED,51,NA,NA,NA,175.426,NA,FALSE,FALSE,NA,parsed_table,FALSE,271,125,116,2.336206896551724,146,1.5448109174238711,0.01058089669468405,NA,NA
20260528-rphi-36C,/Users/sr320/Documents/GitHub/resazurin-assay-development/data/clam/20260528-rphi-36C/plate-K-T1.0.txt,plate-K-T1.0.txt,k,1,2026-05-28T09:43:35Z,25.6,"528/20,528/20",A,3,A3,NA,CONTROL,NA,CONTROL,NA,NA,TWEED,51,NA,NA,NA,175.426,NA,FALSE,FALSE,NA,parsed_table,FALSE,431,160,119,3.6218487394957983,146,2.4568764037257877,0.0168279205734643,NA,NA
20260528-rphi-36C,/Users/sr320/Documents/GitHub/resazurin-assay-development/data/clam/20260528-rphi-36C/plate-K-T1.5.txt,plate-K-T1.5.txt,k,1.5,2026-05-28T10:19:02Z,25.7,"528/20,528/20",A,3,A3,NA,CONTROL,NA,CONTROL,NA,NA,TWEED,51,NA,NA,NA,175.426,NA,FALSE,FALSE,NA,parsed_table,FALSE,566,135,123,4.6016260162601625,146,3.2264316577930297,0.022098846971185134,NA,NA
20260528-rphi-36C,/Users/sr320/Documents/GitHub/resazurin-assay-development/data/clam/20260528-rphi-36C/plate-K-T2.0.txt,plate-K-T2.0.txt,k,2,2026-05-28T10:53:31Z,25.9,"528/20,528/20",A,3,A3,NA,CONTROL,NA,CONTROL,NA,NA,TWEED,51,NA,NA,NA,175.426,NA,FALSE,FALSE,NA,parsed_table,FALSE,680,114,126,5.396825396825397,146,3.876278316783145,0.026549851484816065,NA,NA
20260528-rphi-36C,/Users/sr320/Documents/GitHub/resazurin-assay-development/data/clam/20260528-rphi-36C/plate-K-T2.5.txt,plate-K-T2.5.txt,k,2.5,2026-05-28T11:27:28Z,26,"528/20,528/20",A,3,A3,NA,CONTROL,NA,CONTROL,NA,NA,TWEED,51,NA,NA,NA,175.426,NA,FALSE,FALSE,NA,parsed_table,FALSE,776,96,127,6.110236220472441,146,4.423517608564295,0.030298065812084215,NA,NA
20260528-rphi-36C,/Users/sr320/Documents/GitHub/resazurin-assay-development/data/clam/20260528-rphi-36C/plate-K-T3.0.txt,plate-K-T3.0.txt,k,3,2026-05-28T12:01:57Z,26,"528/20,528/20",A,3,A3,NA,CONTROL,NA,CONTROL,NA,NA,TWEED,51,NA,NA,NA,175.426,NA,FALSE,FALSE,NA,parsed_table,FALSE,846,70,131,6.458015267175573,146,4.822546258821384,0.033031138759050574,NA,NA
20260528-rphi-36C,/Users/sr320/Documents/GitHub/resazurin-assay-development/data/clam/20260528-rphi-36C/plate-K-T3.5.txt,plate-K-T3.5.txt,k,3.5,2026-05-28T12:30:20Z,25.9,"528/20,528/20",A,3,A3,NA,CONTROL,NA,CONTROL,NA,NA,TWEED,51,NA,NA,NA,175.426,NA,FALSE,FALSE,NA,parsed_table,FALSE,879,33,130,6.7615384615384615,146,5.010659765371154,0.034319587434049004,NA,NA
20260528-rphi-36C,/Users/sr320/Documents/GitHub/resazurin-assay-development/data/clam/20260528-rphi-36C/plate-K-T4.0.txt,plate-K-T4.0.txt,k,4,2026-05-28T13:05:15Z,25.8,"528/20,528/20",A,3,A3,NA,CONTROL,NA,CONTROL,NA,NA,TWEED,51,NA,NA,NA,175.426,NA,FALSE,FALSE,NA,parsed_table,FALSE,952,73,130,7.323076923076923,146,5.426789643496403,0.03716979207874249,NA,NA
20260528-rphi-36C,/Users/sr320/Documents/GitHub/resazurin-assay-development/data/clam/20260528-rphi-36C/plate-K-T0.0.txt,plate-K-T0.0.txt,k,0,2026-05-28T08:38:55Z,24.8,"528/20,528/20",A,4,A4,NA,CONTROL,NA,CONTROL,NA,NA,BLUE,52,NA,NA,NA,136.641,NA,FALSE,FALSE,NA,parsed_table,FALSE,130,0,111,1.1711711711711712,130,0.9513981894160611,0.007318447610892778,NA,NA
20260528-rphi-36C,/Users/sr320/Documents/GitHub/resazurin-assay-development/data/clam/20260528-rphi-36C/plate-K-T0.5.txt,plate-K-T0.5.txt,k,0.5,2026-05-28T09:09:41Z,25.3,"528/20,528/20",A,4,A4,NA,CONTROL,NA,CONTROL,NA,NA,BLUE,52,NA,NA,NA,136.641,NA,FALSE,FALSE,NA,parsed_table,FALSE,255,125,116,2.1982758620689653,130,1.8662041407776584,0.014355416467520449,NA,NA
20260528-rphi-36C,/Users/sr320/Documents/GitHub/resazurin-assay-development/data/clam/20260528-rphi-36C/plate-K-T1.0.txt,plate-K-T1.0.txt,k,1,2026-05-28T09:43:35Z,25.6,"528/20,528/20",A,4,A4,NA,CONTROL,NA,CONTROL,NA,NA,BLUE,52,NA,NA,NA,136.641,NA,FALSE,FALSE,NA,parsed_table,FALSE,383,128,119,3.2184873949579833,130,2.802965434971934,0.021561272576707185,NA,NA
20260528-rphi-36C,/Users/sr320/Documents/GitHub/resazurin-assay-development/data/clam/20260528-rphi-36C/plate-K-T1.5.txt,plate-K-T1.5.txt,k,1.5,2026-05-28T10:19:02Z,25.7,"528/20,528/20",A,4,A4,NA,CONTROL,NA,CONTROL,NA,NA,BLUE,52,NA,NA,NA,136.641,NA,FALSE,FALSE,NA,parsed_table,FALSE,484,101,123,3.934959349593496,130,3.5421286436721044,0.027247143412862343,NA,NA
20260528-rphi-36C,/Users/sr320/Documents/GitHub/resazurin-assay-development/data/clam/20260528-rphi-36C/plate-K-T2.0.txt,plate-K-T2.0.txt,k,2,2026-05-28T10:53:31Z,25.9,"528/20,528/20",A,4,A4,NA,CONTROL,NA,CONTROL,NA,NA,BLUE,52,NA,NA,NA,136.641,NA,FALSE,FALSE,NA,parsed_table,FALSE,561,77,126,4.4523809523809526,130,4.105649109710848,0.03158191622854498,NA,NA
20260528-rphi-36C,/Users/sr320/Documents/GitHub/resazurin-assay-development/data/clam/20260528-rphi-36C/plate-K-T2.5.txt,plate-K-T2.5.txt,k,2.5,2026-05-28T11:27:28Z,26,"528/20,528/20",A,4,A4,NA,CONTROL,NA,CONTROL,NA,NA,BLUE,52,NA,NA,NA,136.641,NA,FALSE,FALSE,NA,parsed_table,FALSE,619,58,127,4.874015748031496,130,4.53011907114263,0.034847069778020226,NA,NA
20260528-rphi-36C,/Users/sr320/Documents/GitHub/resazurin-assay-development/data/clam/20260528-rphi-36C/plate-K-T3.0.txt,plate-K-T3.0.txt,k,3,2026-05-28T12:01:57Z,26,"528/20,528/20",A,4,A4,NA,CONTROL,NA,CONTROL,NA,NA,BLUE,52,NA,NA,NA,136.641,NA,FALSE,FALSE,NA,parsed_table,FALSE,674,55,131,5.145038167938932,130,4.932633689741732,0.037943336074936405,NA,NA
20260528-rphi-36C,/Users/sr320/Documents/GitHub/resazurin-assay-development/data/clam/20260528-rphi-36C/plate-K-T3.5.txt,plate-K-T3.5.txt,k,3.5,2026-05-28T12:30:20Z,25.9,"528/20,528/20",A,4,A4,NA,CONTROL,NA,CONTROL,NA,NA,BLUE,52,NA,NA,NA,136.641,NA,FALSE,FALSE,NA,parsed_table,FALSE,689,15,130,5.3,130,5.042410403905124,0.03878777233773172,NA,NA
20260528-rphi-36C,/Users/sr320/Documents/GitHub/resazurin-assay-development/data/clam/20260528-rphi-36C/plate-K-T4.0.txt,plate-K-T4.0.txt,k,4,2026-05-28T13:05:15Z,25.8,"528/20,528/20",A,4,A4,NA,CONTROL,NA,CONTROL,NA,NA,BLUE,52,NA,NA,NA,136.641,NA,FALSE,FALSE,NA,parsed_table,FALSE,725,36,130,5.576923076923077,130,5.305874517897264,0.04081441936844049,NA,NA
20260528-rphi-36C,/Users/sr320/Documents/GitHub/resazurin-assay-development/data/clam/20260528-rphi-36C/plate-K-T0.0.txt,plate-K-T0.0.txt,k,0,2026-05-28T08:38:55Z,24.8,"528/20,528/20",B,1,B1,NA,SELECTED,NA,SELECTED,NA,NA,TWEED,53,NA,NA,NA,158.146,NA,FALSE,FALSE,NA,parsed_table,FALSE,142,0,111,1.2792792792792793,142,0.8979044680232191,0.006323270901571965,NA,NA
20260528-rphi-36C,/Users/sr320/Documents/GitHub/resazurin-assay-development/data/clam/20260528-rphi-36C/plate-K-T0.5.txt,plate-K-T0.5.txt,k,0.5,2026-05-28T09:09:41Z,25.3,"528/20,528/20",B,1,B1,NA,SELECTED,NA,SELECTED,NA,NA,TWEED,53,NA,NA,NA,158.146,NA,FALSE,FALSE,NA,parsed_table,FALSE,376,234,116,3.2413793103448274,142,2.3775498589910593,0.01674330886613422,NA,NA
20260528-rphi-36C,/Users/sr320/Documents/GitHub/resazurin-assay-development/data/clam/20260528-rphi-36C/plate-K-T1.0.txt,plate-K-T1.0.txt,k,1,2026-05-28T09:43:35Z,25.6,"528/20,528/20",B,1,B1,NA,SELECTED,NA,SELECTED,NA,NA,TWEED,53,NA,NA,NA,158.146,NA,FALSE,FALSE,NA,parsed_table,FALSE,584,208,119,4.907563025210084,142,3.692790206518028,0.026005564834634,NA,NA
20260528-rphi-36C,/Users/sr320/Documents/GitHub/resazurin-assay-development/data/clam/20260528-rphi-36C/plate-K-T1.5.txt,plate-K-T1.5.txt,k,1.5,2026-05-28T10:19:02Z,25.7,"528/20,528/20",B,1,B1,NA,SELECTED,NA,SELECTED,NA,NA,TWEED,53,NA,NA,NA,158.146,NA,FALSE,FALSE,NA,parsed_table,FALSE,758,174,123,6.162601626016261,142,4.79303934339155,0.03375379819289824,NA,NA
20260528-rphi-36C,/Users/sr320/Documents/GitHub/resazurin-assay-development/data/clam/20260528-rphi-36C/plate-K-T2.0.txt,plate-K-T2.0.txt,k,2,2026-05-28T10:53:31Z,25.9,"528/20,528/20",B,1,B1,NA,SELECTED,NA,SELECTED,NA,NA,TWEED,53,NA,NA,NA,158.146,NA,FALSE,FALSE,NA,parsed_table,FALSE,888,130,126,7.0476190476190474,142,5.615064560595905,0.0395427081732106,NA,NA
20260528-rphi-36C,/Users/sr320/Documents/GitHub/resazurin-assay-development/data/clam/20260528-rphi-36C/plate-K-T2.5.txt,plate-K-T2.5.txt,k,2.5,2026-05-28T11:27:28Z,26,"528/20,528/20",B,1,B1,NA,SELECTED,NA,SELECTED,NA,NA,TWEED,53,NA,NA,NA,158.146,NA,FALSE,FALSE,NA,parsed_table,FALSE,1015,127,127,7.9921259842519685,142,6.418119965095546,0.04519802792320807,NA,NA
20260528-rphi-36C,/Users/sr320/Documents/GitHub/resazurin-assay-development/data/clam/20260528-rphi-36C/plate-K-T3.0.txt,plate-K-T3.0.txt,k,3,2026-05-28T12:01:57Z,26,"528/20,528/20",B,1,B1,NA,SELECTED,NA,SELECTED,NA,NA,TWEED,53,NA,NA,NA,158.146,NA,FALSE,FALSE,NA,parsed_table,FALSE,1089,74,131,8.312977099236642,142,6.88604201181187,0.04849325360430894,NA,NA
20260528-rphi-36C,/Users/sr320/Documents/GitHub/resazurin-assay-development/data/clam/20260528-rphi-36C/plate-K-T3.5.txt,plate-K-T3.5.txt,k,3.5,2026-05-28T12:30:20Z,25.9,"528/20,528/20",B,1,B1,NA,SELECTED,NA,SELECTED,NA,NA,TWEED,53,NA,NA,NA,158.146,NA,FALSE,FALSE,NA,parsed_table,FALSE,1153,64,130,8.86923076923077,142,7.290731349512477,0.05134317851769349,NA,NA
20260528-rphi-36C,/Users/sr320/Documents/GitHub/resazurin-assay-development/data/clam/20260528-rphi-36C/plate-K-T4.0.txt,plate-K-T4.0.txt,k,4,2026-05-28T13:05:15Z,25.8,"528/20,528/20",B,1,B1,NA,SELECTED,NA,SELECTED,NA,NA,TWEED,53,NA,NA,NA,158.146,NA,FALSE,FALSE,NA,parsed_table,FALSE,1226,73,130,9.430769230769231,142,7.75233012532723,0.05459387412202275,NA,NA
20260528-rphi-36C,/Users/sr320/Documents/GitHub/resazurin-assay-development/data/clam/20260528-rphi-36C/plate-K-T0.0.txt,plate-K-T0.0.txt,k,0,2026-05-28T08:38:55Z,24.8,"528/20,528/20",B,2,B2,NA,SELECTED,NA,SELECTED,NA,NA,BLUE,54,NA,NA,NA,156.925,NA,FALSE,FALSE,NA,parsed_table,FALSE,153,0,111,1.3783783783783783,153,0.9749880516170144,0.006372470925601402,NA,NA
20260528-rphi-36C,/Users/sr320/Documents/GitHub/resazurin-assay-development/data/clam/20260528-rphi-36C/plate-K-T0.5.txt,plate-K-T0.5.txt,k,0.5,2026-05-28T09:09:41Z,25.3,"528/20,528/20",B,2,B2,NA,SELECTED,NA,SELECTED,NA,NA,BLUE,54,NA,NA,NA,156.925,NA,FALSE,FALSE,NA,parsed_table,FALSE,266,113,116,2.293103448275862,153,1.695077266209973,0.011078936380457339,NA,NA
20260528-rphi-36C,/Users/sr320/Documents/GitHub/resazurin-assay-development/data/clam/20260528-rphi-36C/plate-K-T1.0.txt,plate-K-T1.0.txt,k,1,2026-05-28T09:43:35Z,25.6,"528/20,528/20",B,2,B2,NA,SELECTED,NA,SELECTED,NA,NA,BLUE,54,NA,NA,NA,156.925,NA,FALSE,FALSE,NA,parsed_table,FALSE,390,124,119,3.277310924369748,153,2.4852636609845464,0.016243553339768277,NA,NA
20260528-rphi-36C,/Users/sr320/Documents/GitHub/resazurin-assay-development/data/clam/20260528-rphi-36C/plate-K-T1.5.txt,plate-K-T1.5.txt,k,1.5,2026-05-28T10:19:02Z,25.7,"528/20,528/20",B,2,B2,NA,SELECTED,NA,SELECTED,NA,NA,BLUE,54,NA,NA,NA,156.925,NA,FALSE,FALSE,NA,parsed_table,FALSE,478,88,123,3.886178861788618,153,3.04604110243747,0.0199087653754083,NA,NA
20260528-rphi-36C,/Users/sr320/Documents/GitHub/resazurin-assay-development/data/clam/20260528-rphi-36C/plate-K-T2.0.txt,plate-K-T2.0.txt,k,2,2026-05-28T10:53:31Z,25.9,"528/20,528/20",B,2,B2,NA,SELECTED,NA,SELECTED,NA,NA,BLUE,54,NA,NA,NA,156.925,NA,FALSE,FALSE,NA,parsed_table,FALSE,572,94,126,4.5396825396825395,153,3.6450533694440015,0.023823878231660142,NA,NA
20260528-rphi-36C,/Users/sr320/Documents/GitHub/resazurin-assay-development/data/clam/20260528-rphi-36C/plate-K-T2.5.txt,plate-K-T2.5.txt,k,2.5,2026-05-28T11:27:28Z,26,"528/20,528/20",B,2,B2,NA,SELECTED,NA,SELECTED,NA,NA,BLUE,54,NA,NA,NA,156.925,NA,FALSE,FALSE,NA,parsed_table,FALSE,648,76,127,5.102362204724409,153,4.129361159789708,0.026989288626076524,NA,NA
20260528-rphi-36C,/Users/sr320/Documents/GitHub/resazurin-assay-development/data/clam/20260528-rphi-36C/plate-K-T3.0.txt,plate-K-T3.0.txt,k,3,2026-05-28T12:01:57Z,26,"528/20,528/20",B,2,B2,NA,SELECTED,NA,SELECTED,NA,NA,BLUE,54,NA,NA,NA,156.925,NA,FALSE,FALSE,NA,parsed_table,FALSE,700,52,131,5.343511450381679,153,4.4607296479209815,0.029155095738045627,NA,NA
20260528-rphi-36C,/Users/sr320/Documents/GitHub/resazurin-assay-development/data/clam/20260528-rphi-36C/plate-K-T3.5.txt,plate-K-T3.5.txt,k,3.5,2026-05-28T12:30:20Z,25.9,"528/20,528/20",B,2,B2,NA,SELECTED,NA,SELECTED,NA,NA,BLUE,54,NA,NA,NA,156.925,NA,FALSE,FALSE,NA,parsed_table,FALSE,748,48,130,5.753846153846154,153,4.766608252349848,0.03115430230294019,NA,NA
20260528-rphi-36C,/Users/sr320/Documents/GitHub/resazurin-assay-development/data/clam/20260528-rphi-36C/plate-K-T4.0.txt,plate-K-T4.0.txt,k,4,2026-05-28T13:05:15Z,25.8,"528/20,528/20",B,2,B2,NA,SELECTED,NA,SELECTED,NA,NA,BLUE,54,NA,NA,NA,156.925,NA,FALSE,FALSE,NA,parsed_table,FALSE,790,42,130,6.076923076923077,153,5.034252031225107,0.03290360804722293,NA,NA
20260528-rphi-36C,/Users/sr320/Documents/GitHub/resazurin-assay-development/data/clam/20260528-rphi-36C/plate-K-T0.0.txt,plate-K-T0.0.txt,k,0,2026-05-28T08:38:55Z,24.8,"528/20,528/20",B,3,B3,NA,CONTROL,NA,CONTROL,NA,NA,TWEED,55,NA,NA,NA,112.167,NA,FALSE,FALSE,NA,parsed_table,FALSE,128,0,111,1.1531531531531531,128,1.1411555983488906,0.008915278112100708,NA,NA
20260528-rphi-36C,/Users/sr320/Documents/GitHub/resazurin-assay-development/data/clam/20260528-rphi-36C/plate-K-T0.5.txt,plate-K-T0.5.txt,k,0.5,2026-05-28T09:09:41Z,25.3,"528/20,528/20",B,3,B3,NA,CONTROL,NA,CONTROL,NA,NA,TWEED,55,NA,NA,NA,112.167,NA,FALSE,FALSE,NA,parsed_table,FALSE,199,71,116,1.7155172413793103,128,1.7741403443080406,0.013860471439906567,NA,NA
20260528-rphi-36C,/Users/sr320/Documents/GitHub/resazurin-assay-development/data/clam/20260528-rphi-36C/plate-K-T1.0.txt,plate-K-T1.0.txt,k,1,2026-05-28T09:43:35Z,25.6,"528/20,528/20",B,3,B3,NA,CONTROL,NA,CONTROL,NA,NA,TWEED,55,NA,NA,NA,112.167,NA,FALSE,FALSE,NA,parsed_table,FALSE,325,126,119,2.73109243697479,128,2.8974653864327298,0.0226364483315057,NA,NA
20260528-rphi-36C,/Users/sr320/Documents/GitHub/resazurin-assay-development/data/clam/20260528-rphi-36C/plate-K-T1.5.txt,plate-K-T1.5.txt,k,1.5,2026-05-28T10:19:02Z,25.7,"528/20,528/20",B,3,B3,NA,CONTROL,NA,CONTROL,NA,NA,TWEED,55,NA,NA,NA,112.167,NA,FALSE,FALSE,NA,parsed_table,FALSE,396,71,123,3.2195121951219514,128,3.5304501323918798,0.02758164165931156,NA,NA
20260528-rphi-36C,/Users/sr320/Documents/GitHub/resazurin-assay-development/data/clam/20260528-rphi-36C/plate-K-T2.0.txt,plate-K-T2.0.txt,k,2,2026-05-28T10:53:31Z,25.9,"528/20,528/20",B,3,B3,NA,CONTROL,NA,CONTROL,NA,NA,TWEED,55,NA,NA,NA,112.167,NA,FALSE,FALSE,NA,parsed_table,FALSE,494,98,126,3.9206349206349205,128,4.4041473873777495,0.03440740146388867,NA,NA
20260528-rphi-36C,/Users/sr320/Documents/GitHub/resazurin-assay-development/data/clam/20260528-rphi-36C/plate-K-T2.5.txt,plate-K-T2.5.txt,k,2.5,2026-05-28T11:27:28Z,26,"528/20,528/20",B,3,B3,NA,CONTROL,NA,CONTROL,NA,NA,TWEED,55,NA,NA,NA,112.167,NA,FALSE,FALSE,NA,parsed_table,FALSE,584,90,127,4.5984251968503935,128,5.206522417466813,0.040675956386459475,NA,NA
20260528-rphi-36C,/Users/sr320/Documents/GitHub/resazurin-assay-development/data/clam/20260528-rphi-36C/plate-K-T3.0.txt,plate-K-T3.0.txt,k,3,2026-05-28T12:01:57Z,26,"528/20,528/20",B,3,B3,NA,CONTROL,NA,CONTROL,NA,NA,TWEED,55,NA,NA,NA,112.167,NA,FALSE,FALSE,NA,parsed_table,FALSE,696,112,131,5.312977099236641,128,6.205033566022092,0.04847682473454759,NA,NA
20260528-rphi-36C,/Users/sr320/Documents/GitHub/resazurin-assay-development/data/clam/20260528-rphi-36C/plate-K-T3.5.txt,plate-K-T3.5.txt,k,3.5,2026-05-28T12:30:20Z,25.9,"528/20,528/20",B,3,B3,NA,CONTROL,NA,CONTROL,NA,NA,TWEED,55,NA,NA,NA,112.167,NA,FALSE,FALSE,NA,parsed_table,FALSE,844,148,130,6.492307692307692,128,7.524494726612996,0.05878511505166403,NA,NA
20260528-rphi-36C,/Users/sr320/Documents/GitHub/resazurin-assay-development/data/clam/20260528-rphi-36C/plate-K-T4.0.txt,plate-K-T4.0.txt,k,4,2026-05-28T13:05:15Z,25.8,"528/20,528/20",B,3,B3,NA,CONTROL,NA,CONTROL,NA,NA,TWEED,55,NA,NA,NA,112.167,NA,FALSE,FALSE,NA,parsed_table,FALSE,976,132,130,7.507692307692308,128,8.70131143741029,0.06797899560476789,NA,NA
20260528-rphi-36C,/Users/sr320/Documents/GitHub/resazurin-assay-development/data/clam/20260528-rphi-36C/plate-K-T0.0.txt,plate-K-T0.0.txt,k,0,2026-05-28T08:38:55Z,24.8,"528/20,528/20",B,4,B4,NA,CONTROL,NA,CONTROL,NA,NA,BLUE,56,NA,NA,NA,101.239,NA,FALSE,FALSE,NA,parsed_table,FALSE,128,0,111,1.1531531531531531,128,1.2643348907041752,0.009877616333626368,NA,NA
20260528-rphi-36C,/Users/sr320/Documents/GitHub/resazurin-assay-development/data/clam/20260528-rphi-36C/plate-K-T0.5.txt,plate-K-T0.5.txt,k,0.5,2026-05-28T09:09:41Z,25.3,"528/20,528/20",B,4,B4,NA,CONTROL,NA,CONTROL,NA,NA,BLUE,56,NA,NA,NA,101.239,NA,FALSE,FALSE,NA,parsed_table,FALSE,222,94,116,1.9137931034482758,128,2.192830826065054,0.017131490828633234,NA,NA
20260528-rphi-36C,/Users/sr320/Documents/GitHub/resazurin-assay-development/data/clam/20260528-rphi-36C/plate-K-T1.0.txt,plate-K-T1.0.txt,k,1,2026-05-28T09:43:35Z,25.6,"528/20,528/20",B,4,B4,NA,CONTROL,NA,CONTROL,NA,NA,BLUE,56,NA,NA,NA,101.239,NA,FALSE,FALSE,NA,parsed_table,FALSE,322,100,119,2.7058823529411766,128,3.180592459427691,0.024848378589278835,NA,NA
20260528-rphi-36C,/Users/sr320/Documents/GitHub/resazurin-assay-development/data/clam/20260528-rphi-36C/plate-K-T1.5.txt,plate-K-T1.5.txt,k,1.5,2026-05-28T10:19:02Z,25.7,"528/20,528/20",B,4,B4,NA,CONTROL,NA,CONTROL,NA,NA,BLUE,56,NA,NA,NA,101.239,NA,FALSE,FALSE,NA,parsed_table,FALSE,391,69,123,3.178861788617886,128,3.8621479864479102,0.0301730311441243,NA,NA
20260528-rphi-36C,/Users/sr320/Documents/GitHub/resazurin-assay-development/data/clam/20260528-rphi-36C/plate-K-T2.0.txt,plate-K-T2.0.txt,k,2,2026-05-28T10:53:31Z,25.9,"528/20,528/20",B,4,B4,NA,CONTROL,NA,CONTROL,NA,NA,BLUE,56,NA,NA,NA,101.239,NA,FALSE,FALSE,NA,parsed_table,FALSE,461,70,126,3.6587301587301586,128,4.553581129801756,0.03557485257657622,NA,NA
20260528-rphi-36C,/Users/sr320/Documents/GitHub/resazurin-assay-development/data/clam/20260528-rphi-36C/plate-K-T2.5.txt,plate-K-T2.5.txt,k,2.5,2026-05-28T11:27:28Z,26,"528/20,528/20",B,4,B4,NA,CONTROL,NA,CONTROL,NA,NA,BLUE,56,NA,NA,NA,101.239,NA,FALSE,FALSE,NA,parsed_table,FALSE,522,61,127,4.110236220472441,128,5.156115726152964,0.04028215411057003,NA,NA
20260528-rphi-36C,/Users/sr320/Documents/GitHub/resazurin-assay-development/data/clam/20260528-rphi-36C/plate-K-T3.0.txt,plate-K-T3.0.txt,k,3,2026-05-28T12:01:57Z,26,"528/20,528/20",B,4,B4,NA,CONTROL,NA,CONTROL,NA,NA,BLUE,56,NA,NA,NA,101.239,NA,FALSE,FALSE,NA,parsed_table,FALSE,565,43,131,4.312977099236641,128,5.580853228498898,0.04360041584764764,NA,NA
20260528-rphi-36C,/Users/sr320/Documents/GitHub/resazurin-assay-development/data/clam/20260528-rphi-36C/plate-K-T3.5.txt,plate-K-T3.5.txt,k,3.5,2026-05-28T12:30:20Z,25.9,"528/20,528/20",B,4,B4,NA,CONTROL,NA,CONTROL,NA,NA,BLUE,56,NA,NA,NA,101.239,NA,FALSE,FALSE,NA,parsed_table,FALSE,589,24,130,4.530769230769231,128,5.8179160205059315,0.04545246891020259,NA,NA
20260528-rphi-36C,/Users/sr320/Documents/GitHub/resazurin-assay-development/data/clam/20260528-rphi-36C/plate-K-T4.0.txt,plate-K-T4.0.txt,k,4,2026-05-28T13:05:15Z,25.8,"528/20,528/20",B,4,B4,NA,CONTROL,NA,CONTROL,NA,NA,BLUE,56,NA,NA,NA,101.239,NA,FALSE,FALSE,NA,parsed_table,FALSE,622,33,130,4.7846153846153845,128,6.143877359515601,0.047999041871215634,NA,NA
20260528-rphi-36C,/Users/sr320/Documents/GitHub/resazurin-assay-development/data/clam/20260528-rphi-36C/plate-K-T0.0.txt,plate-K-T0.0.txt,k,0,2026-05-28T08:38:55Z,24.8,"528/20,528/20",C,1,C1,NA,NA,NA,NA,NA,NA,NA,NA,NA,NA,NA,NA,NA,TRUE,FALSE,NA,parsed_table,FALSE,111,0,111,1,NA,NA,NA,NA,NA
20260528-rphi-36C,/Users/sr320/Documents/GitHub/resazurin-assay-development/data/clam/20260528-rphi-36C/plate-K-T0.5.txt,plate-K-T0.5.txt,k,0.5,2026-05-28T09:09:41Z,25.3,"528/20,528/20",C,1,C1,NA,NA,NA,NA,NA,NA,NA,NA,NA,NA,NA,NA,NA,TRUE,FALSE,NA,parsed_table,FALSE,116,5,116,1,NA,NA,NA,NA,NA
20260528-rphi-36C,/Users/sr320/Documents/GitHub/resazurin-assay-development/data/clam/20260528-rphi-36C/plate-K-T1.0.txt,plate-K-T1.0.txt,k,1,2026-05-28T09:43:35Z,25.6,"528/20,528/20",C,1,C1,NA,NA,NA,NA,NA,NA,NA,NA,NA,NA,NA,NA,NA,TRUE,FALSE,NA,parsed_table,FALSE,119,3,119,1,NA,NA,NA,NA,NA
20260528-rphi-36C,/Users/sr320/Documents/GitHub/resazurin-assay-development/data/clam/20260528-rphi-36C/plate-K-T1.5.txt,plate-K-T1.5.txt,k,1.5,2026-05-28T10:19:02Z,25.7,"528/20,528/20",C,1,C1,NA,NA,NA,NA,NA,NA,NA,NA,NA,NA,NA,NA,NA,TRUE,FALSE,NA,parsed_table,FALSE,123,4,123,1,NA,NA,NA,NA,NA
20260528-rphi-36C,/Users/sr320/Documents/GitHub/resazurin-assay-development/data/clam/20260528-rphi-36C/plate-K-T2.0.txt,plate-K-T2.0.txt,k,2,2026-05-28T10:53:31Z,25.9,"528/20,528/20",C,1,C1,NA,NA,NA,NA,NA,NA,NA,NA,NA,NA,NA,NA,NA,TRUE,FALSE,NA,parsed_table,FALSE,126,3,126,1,NA,NA,NA,NA,NA
20260528-rphi-36C,/Users/sr320/Documents/GitHub/resazurin-assay-development/data/clam/20260528-rphi-36C/plate-K-T2.5.txt,plate-K-T2.5.txt,k,2.5,2026-05-28T11:27:28Z,26,"528/20,528/20",C,1,C1,NA,NA,NA,NA,NA,NA,NA,NA,NA,NA,NA,NA,NA,TRUE,FALSE,NA,parsed_table,FALSE,127,1,127,1,NA,NA,NA,NA,NA
20260528-rphi-36C,/Users/sr320/Documents/GitHub/resazurin-assay-development/data/clam/20260528-rphi-36C/plate-K-T3.0.txt,plate-K-T3.0.txt,k,3,2026-05-28T12:01:57Z,26,"528/20,528/20",C,1,C1,NA,NA,NA,NA,NA,NA,NA,NA,NA,NA,NA,NA,NA,TRUE,FALSE,NA,parsed_table,FALSE,131,4,131,1,NA,NA,NA,NA,NA
20260528-rphi-36C,/Users/sr320/Documents/GitHub/resazurin-assay-development/data/clam/20260528-rphi-36C/plate-K-T3.5.txt,plate-K-T3.5.txt,k,3.5,2026-05-28T12:30:20Z,25.9,"528/20,528/20",C,1,C1,NA,NA,NA,NA,NA,NA,NA,NA,NA,NA,NA,NA,NA,TRUE,FALSE,NA,parsed_table,FALSE,130,-1,130,1,NA,NA,NA,NA,NA
20260528-rphi-36C,/Users/sr320/Documents/GitHub/resazurin-assay-development/data/clam/20260528-rphi-36C/plate-K-T4.0.txt,plate-K-T4.0.txt,k,4,2026-05-28T13:05:15Z,25.8,"528/20,528/20",C,1,C1,NA,NA,NA,NA,NA,NA,NA,NA,NA,NA,NA,NA,NA,TRUE,FALSE,NA,parsed_table,FALSE,130,0,130,1,NA,NA,NA,NA,NA
20260528-rphi-36C,/Users/sr320/Documents/GitHub/resazurin-assay-development/data/clam/20260528-rphi-36C/plate-K-T0.0.txt,plate-K-T0.0.txt,k,0,2026-05-28T08:38:55Z,24.8,"528/20,528/20",C,2,C2,NA,SELECTED,NA,SELECTED,NA,NA,BLUE,58,NA,NA,NA,191.154,NA,FALSE,FALSE,NA,parsed_table,FALSE,168,0,111,1.5135135135135136,168,0.8788725320945416,0.005231384119610366,NA,NA
20260528-rphi-36C,/Users/sr320/Documents/GitHub/resazurin-assay-development/data/clam/20260528-rphi-36C/plate-K-T0.5.txt,plate-K-T0.5.txt,k,0.5,2026-05-28T09:09:41Z,25.3,"528/20,528/20",C,2,C2,NA,SELECTED,NA,SELECTED,NA,NA,BLUE,58,NA,NA,NA,191.154,NA,FALSE,FALSE,NA,parsed_table,FALSE,344,176,116,2.9655172413793105,168,1.7995961371459661,0.010711881768725989,NA,NA
20260528-rphi-36C,/Users/sr320/Documents/GitHub/resazurin-assay-development/data/clam/20260528-rphi-36C/plate-K-T1.0.txt,plate-K-T1.0.txt,k,1,2026-05-28T09:43:35Z,25.6,"528/20,528/20",C,2,C2,NA,SELECTED,NA,SELECTED,NA,NA,BLUE,58,NA,NA,NA,191.154,NA,FALSE,FALSE,NA,parsed_table,FALSE,530,186,119,4.453781512605042,168,2.7726335833934943,0.01650377132972318,NA,NA
20260528-rphi-36C,/Users/sr320/Documents/GitHub/resazurin-assay-development/data/clam/20260528-rphi-36C/plate-K-T1.5.txt,plate-K-T1.5.txt,k,1.5,2026-05-28T10:19:02Z,25.7,"528/20,528/20",C,2,C2,NA,SELECTED,NA,SELECTED,NA,NA,BLUE,58,NA,NA,NA,191.154,NA,FALSE,FALSE,NA,parsed_table,FALSE,692,162,123,5.626016260162602,168,3.6201178107703735,0.021548320302204604,NA,NA
20260528-rphi-36C,/Users/sr320/Documents/GitHub/resazurin-assay-development/data/clam/20260528-rphi-36C/plate-K-T2.0.txt,plate-K-T2.0.txt,k,2,2026-05-28T10:53:31Z,25.9,"528/20,528/20",C,2,C2,NA,SELECTED,NA,SELECTED,NA,NA,BLUE,58,NA,NA,NA,191.154,NA,FALSE,FALSE,NA,parsed_table,FALSE,805,113,126,6.388888888888889,168,4.211264216286345,0.02506704890646634,NA,NA
20260528-rphi-36C,/Users/sr320/Documents/GitHub/resazurin-assay-development/data/clam/20260528-rphi-36C/plate-K-T2.5.txt,plate-K-T2.5.txt,k,2.5,2026-05-28T11:27:28Z,26,"528/20,528/20",C,2,C2,NA,SELECTED,NA,SELECTED,NA,NA,BLUE,58,NA,NA,NA,191.154,NA,FALSE,FALSE,NA,parsed_table,FALSE,911,106,127,7.173228346456693,168,4.765790932965044,0.028367803172410975,NA,NA
20260528-rphi-36C,/Users/sr320/Documents/GitHub/resazurin-assay-development/data/clam/20260528-rphi-36C/plate-K-T3.0.txt,plate-K-T3.0.txt,k,3,2026-05-28T12:01:57Z,26,"528/20,528/20",C,2,C2,NA,SELECTED,NA,SELECTED,NA,NA,BLUE,58,NA,NA,NA,191.154,NA,FALSE,FALSE,NA,parsed_table,FALSE,984,73,131,7.511450381679389,168,5.147681973696601,0.03064096412914643,NA,NA
20260528-rphi-36C,/Users/sr320/Documents/GitHub/resazurin-assay-development/data/clam/20260528-rphi-36C/plate-K-T3.5.txt,plate-K-T3.5.txt,k,3.5,2026-05-28T12:30:20Z,25.9,"528/20,528/20",C,2,C2,NA,SELECTED,NA,SELECTED,NA,NA,BLUE,58,NA,NA,NA,191.154,NA,FALSE,FALSE,NA,parsed_table,FALSE,1011,27,130,7.776923076923077,168,5.288929344926081,0.03148172229122667,NA,NA
20260528-rphi-36C,/Users/sr320/Documents/GitHub/resazurin-assay-development/data/clam/20260528-rphi-36C/plate-K-T4.0.txt,plate-K-T4.0.txt,k,4,2026-05-28T13:05:15Z,25.8,"528/20,528/20",C,2,C2,NA,SELECTED,NA,SELECTED,NA,NA,BLUE,58,NA,NA,NA,191.154,NA,FALSE,FALSE,NA,parsed_table,FALSE,1055,44,130,8.115384615384615,168,5.519110246188937,0.03285184670350558,NA,NA
20260528-rphi-36C,/Users/sr320/Documents/GitHub/resazurin-assay-development/data/clam/20260528-rphi-36C/plate-K-T0.0.txt,plate-K-T0.0.txt,k,0,2026-05-28T08:38:55Z,24.8,"528/20,528/20",C,3,C3,NA,CONTROL,NA,CONTROL,NA,NA,TWEED,59,NA,NA,NA,180.811,NA,FALSE,FALSE,NA,parsed_table,FALSE,157,0,111,1.4144144144144144,157,0.8683100032630757,0.005530636963459081,NA,NA
20260528-rphi-36C,/Users/sr320/Documents/GitHub/resazurin-assay-development/data/clam/20260528-rphi-36C/plate-K-T0.5.txt,plate-K-T0.5.txt,k,0.5,2026-05-28T09:09:41Z,25.3,"528/20,528/20",C,3,C3,NA,CONTROL,NA,CONTROL,NA,NA,TWEED,59,NA,NA,NA,180.811,NA,FALSE,FALSE,NA,parsed_table,FALSE,343,186,116,2.956896551724138,157,1.897008478466465,0.012082856550741816,NA,NA
20260528-rphi-36C,/Users/sr320/Documents/GitHub/resazurin-assay-development/data/clam/20260528-rphi-36C/plate-K-T1.0.txt,plate-K-T1.0.txt,k,1,2026-05-28T09:43:35Z,25.6,"528/20,528/20",C,3,C3,NA,CONTROL,NA,CONTROL,NA,NA,TWEED,59,NA,NA,NA,180.811,NA,FALSE,FALSE,NA,parsed_table,FALSE,513,170,119,4.310924369747899,157,2.8372167622545086,0.01807144434557012,NA,NA
20260528-rphi-36C,/Users/sr320/Documents/GitHub/resazurin-assay-development/data/clam/20260528-rphi-36C/plate-K-T1.5.txt,plate-K-T1.5.txt,k,1.5,2026-05-28T10:19:02Z,25.7,"528/20,528/20",C,3,C3,NA,CONTROL,NA,CONTROL,NA,NA,TWEED,59,NA,NA,NA,180.811,NA,FALSE,FALSE,NA,parsed_table,FALSE,647,134,123,5.260162601626016,157,3.578322115358026,0.02279186060737596,NA,NA
20260528-rphi-36C,/Users/sr320/Documents/GitHub/resazurin-assay-development/data/clam/20260528-rphi-36C/plate-K-T2.0.txt,plate-K-T2.0.txt,k,2,2026-05-28T10:53:31Z,25.9,"528/20,528/20",C,3,C3,NA,CONTROL,NA,CONTROL,NA,NA,TWEED,59,NA,NA,NA,180.811,NA,FALSE,FALSE,NA,parsed_table,FALSE,766,119,126,6.079365079365079,157,4.236467914009657,0.026983872063755774,NA,NA
20260528-rphi-36C,/Users/sr320/Documents/GitHub/resazurin-assay-development/data/clam/20260528-rphi-36C/plate-K-T2.5.txt,plate-K-T2.5.txt,k,2.5,2026-05-28T11:27:28Z,26,"528/20,528/20",C,3,C3,NA,CONTROL,NA,CONTROL,NA,NA,TWEED,59,NA,NA,NA,180.811,NA,FALSE,FALSE,NA,parsed_table,FALSE,833,67,127,6.559055118110236,157,4.607020590561415,0.029344080194658693,NA,NA
20260528-rphi-36C,/Users/sr320/Documents/GitHub/resazurin-assay-development/data/clam/20260528-rphi-36C/plate-K-T3.0.txt,plate-K-T3.0.txt,k,3,2026-05-28T12:01:57Z,26,"528/20,528/20",C,3,C3,NA,CONTROL,NA,CONTROL,NA,NA,TWEED,59,NA,NA,NA,180.811,NA,FALSE,FALSE,NA,parsed_table,FALSE,903,70,131,6.893129770992366,157,4.99416517800355,0.03180996928664682,NA,NA
20260528-rphi-36C,/Users/sr320/Documents/GitHub/resazurin-assay-development/data/clam/20260528-rphi-36C/plate-K-T3.5.txt,plate-K-T3.5.txt,k,3.5,2026-05-28T12:30:20Z,25.9,"528/20,528/20",C,3,C3,NA,CONTROL,NA,CONTROL,NA,NA,TWEED,59,NA,NA,NA,180.811,NA,FALSE,FALSE,NA,parsed_table,FALSE,948,45,130,7.292307692307692,157,5.243043841359209,0.0333951837029249,NA,NA
20260528-rphi-36C,/Users/sr320/Documents/GitHub/resazurin-assay-development/data/clam/20260528-rphi-36C/plate-K-T4.0.txt,plate-K-T4.0.txt,k,4,2026-05-28T13:05:15Z,25.8,"528/20,528/20",C,3,C3,NA,CONTROL,NA,CONTROL,NA,NA,TWEED,59,NA,NA,NA,180.811,NA,FALSE,FALSE,NA,parsed_table,FALSE,993,45,130,7.638461538461539,157,5.491922504714868,0.03498039811920298,NA,NA
20260528-rphi-36C,/Users/sr320/Documents/GitHub/resazurin-assay-development/data/clam/20260528-rphi-36C/plate-K-T0.0.txt,plate-K-T0.0.txt,k,0,2026-05-28T08:38:55Z,24.8,"528/20,528/20",C,4,C4,NA,CONTROL,NA,CONTROL,NA,NA,BLUE,60,NA,NA,NA,136.78,NA,FALSE,FALSE,NA,parsed_table,FALSE,114,0,111,1.027027027027027,114,0.8334551835063606,0.007311010381634742,NA,NA
20260528-rphi-36C,/Users/sr320/Documents/GitHub/resazurin-assay-development/data/clam/20260528-rphi-36C/plate-K-T0.5.txt,plate-K-T0.5.txt,k,0.5,2026-05-28T09:09:41Z,25.3,"528/20,528/20",C,4,C4,NA,CONTROL,NA,CONTROL,NA,NA,BLUE,60,NA,NA,NA,136.78,NA,FALSE,FALSE,NA,parsed_table,FALSE,254,140,116,2.189655172413793,114,1.8569966369352244,0.016289444183642317,NA,NA
20260528-rphi-36C,/Users/sr320/Documents/GitHub/resazurin-assay-development/data/clam/20260528-rphi-36C/plate-K-T1.0.txt,plate-K-T1.0.txt,k,1,2026-05-28T09:43:35Z,25.6,"528/20,528/20",C,4,C4,NA,CONTROL,NA,CONTROL,NA,NA,BLUE,60,NA,NA,NA,136.78,NA,FALSE,FALSE,NA,parsed_table,FALSE,379,125,119,3.1848739495798317,114,2.7708729346395673,0.0243059029354348,NA,NA
20260528-rphi-36C,/Users/sr320/Documents/GitHub/resazurin-assay-development/data/clam/20260528-rphi-36C/plate-K-T1.5.txt,plate-K-T1.5.txt,k,1.5,2026-05-28T10:19:02Z,25.7,"528/20,528/20",C,4,C4,NA,CONTROL,NA,CONTROL,NA,NA,BLUE,60,NA,NA,NA,136.78,NA,FALSE,FALSE,NA,parsed_table,FALSE,488,109,123,3.967479674796748,114,3.567773066237754,0.031296254966997845,NA,NA
20260528-rphi-36C,/Users/sr320/Documents/GitHub/resazurin-assay-development/data/clam/20260528-rphi-36C/plate-K-T2.0.txt,plate-K-T2.0.txt,k,2,2026-05-28T10:53:31Z,25.9,"528/20,528/20",C,4,C4,NA,CONTROL,NA,CONTROL,NA,NA,BLUE,60,NA,NA,NA,136.78,NA,FALSE,FALSE,NA,parsed_table,FALSE,574,86,126,4.555555555555555,114,4.1965199590583415,0.03681157858823107,NA,NA
20260528-rphi-36C,/Users/sr320/Documents/GitHub/resazurin-assay-development/data/clam/20260528-rphi-36C/plate-K-T2.5.txt,plate-K-T2.5.txt,k,2.5,2026-05-28T11:27:28Z,26,"528/20,528/20",C,4,C4,NA,CONTROL,NA,CONTROL,NA,NA,BLUE,60,NA,NA,NA,136.78,NA,FALSE,FALSE,NA,parsed_table,FALSE,936,362,127,7.3700787401574805,114,6.843105717210118,0.060027243133422094,NA,NA
20260528-rphi-36C,/Users/sr320/Documents/GitHub/resazurin-assay-development/data/clam/20260528-rphi-36C/plate-K-T3.0.txt,plate-K-T3.0.txt,k,3,2026-05-28T12:01:57Z,26,"528/20,528/20",C,4,C4,NA,CONTROL,NA,CONTROL,NA,NA,BLUE,60,NA,NA,NA,136.78,NA,FALSE,FALSE,NA,parsed_table,FALSE,1139,203,131,8.694656488549619,114,8.32724082468197,0.07304597214633307,NA,NA
20260528-rphi-36C,/Users/sr320/Documents/GitHub/resazurin-assay-development/data/clam/20260528-rphi-36C/plate-K-T3.5.txt,plate-K-T3.5.txt,k,3.5,2026-05-28T12:30:20Z,25.9,"528/20,528/20",C,4,C4,NA,CONTROL,NA,CONTROL,NA,NA,BLUE,60,NA,NA,NA,136.78,NA,FALSE,FALSE,NA,parsed_table,FALSE,1359,220,130,10.453846153846154,114,9.935663108641615,0.08715493954948784,NA,NA
20260528-rphi-36C,/Users/sr320/Documents/GitHub/resazurin-assay-development/data/clam/20260528-rphi-36C/plate-K-T4.0.txt,plate-K-T4.0.txt,k,4,2026-05-28T13:05:15Z,25.8,"528/20,528/20",C,4,C4,NA,CONTROL,NA,CONTROL,NA,NA,BLUE,60,NA,NA,NA,136.78,NA,FALSE,FALSE,NA,parsed_table,FALSE,1503,144,130,11.561538461538461,114,10.988448603597018,0.09638990003155277,NA,NA
20260528-rphi-36C,/Users/sr320/Documents/GitHub/resazurin-assay-development/data/clam/20260528-rphi-36C/plate-L-T0.0.txt,plate-L-T0.0.txt,l,0,2026-05-28T08:39:43Z,24.8,"528/20,528/20",A,1,A1,NA,SELECTED,NA,SELECTED,NA,NA,TWEED,61,NA,NA,NA,202.34,NA,FALSE,FALSE,NA,parsed_table,FALSE,218,0,113,1.9292035398230087,218,1.0773944845309875,0.004942176534545814,NA,NA
20260528-rphi-36C,/Users/sr320/Documents/GitHub/resazurin-assay-development/data/clam/20260528-rphi-36C/plate-L-T0.5.txt,plate-L-T0.5.txt,l,0.5,2026-05-28T09:10:28Z,25.3,"528/20,528/20",A,1,A1,NA,SELECTED,NA,SELECTED,NA,NA,TWEED,61,NA,NA,NA,202.34,NA,FALSE,FALSE,NA,parsed_table,FALSE,379,161,116,3.2672413793103448,218,1.8730849065928634,0.008592132599049831,NA,NA
20260528-rphi-36C,/Users/sr320/Documents/GitHub/resazurin-assay-development/data/clam/20260528-rphi-36C/plate-L-T1.0.txt,plate-L-T1.0.txt,l,1,2026-05-28T09:44:21Z,25.6,"528/20,528/20",A,1,A1,NA,SELECTED,NA,SELECTED,NA,NA,TWEED,61,NA,NA,NA,202.34,NA,FALSE,FALSE,NA,parsed_table,FALSE,562,183,118,4.762711864406779,218,2.7775032124147474,0.012740840423920858,NA,NA
20260528-rphi-36C,/Users/sr320/Documents/GitHub/resazurin-assay-development/data/clam/20260528-rphi-36C/plate-L-T1.5.txt,plate-L-T1.5.txt,l,1.5,2026-05-28T10:17:41Z,25.7,"528/20,528/20",A,1,A1,NA,SELECTED,NA,SELECTED,NA,NA,TWEED,61,NA,NA,NA,202.34,NA,FALSE,FALSE,NA,parsed_table,FALSE,735,173,121,6.074380165289257,218,3.632499752891173,0.016662842903170518,NA,NA
20260528-rphi-36C,/Users/sr320/Documents/GitHub/resazurin-assay-development/data/clam/20260528-rphi-36C/plate-L-T2.0.txt,plate-L-T2.0.txt,l,2,2026-05-28T10:57:22Z,25.9,"528/20,528/20",A,1,A1,NA,SELECTED,NA,SELECTED,NA,NA,TWEED,61,NA,NA,NA,202.34,NA,FALSE,FALSE,NA,parsed_table,FALSE,870,135,123,7.073170731707317,218,4.299693585054858,0.01972336506905898,NA,NA
20260528-rphi-36C,/Users/sr320/Documents/GitHub/resazurin-assay-development/data/clam/20260528-rphi-36C/plate-L-T2.5.txt,plate-L-T2.5.txt,l,2.5,2026-05-28T11:28:17Z,26,"528/20,528/20",A,1,A1,NA,SELECTED,NA,SELECTED,NA,NA,TWEED,61,NA,NA,NA,202.34,NA,FALSE,FALSE,NA,parsed_table,FALSE,950,80,126,7.5396825396825395,218,4.695067707818523,0.021537007834029922,NA,NA
20260528-rphi-36C,/Users/sr320/Documents/GitHub/resazurin-assay-development/data/clam/20260528-rphi-36C/plate-L-T3.0.txt,plate-L-T3.0.txt,l,3,2026-05-28T12:02:46Z,26,"528/20,528/20",A,1,A1,NA,SELECTED,NA,SELECTED,NA,NA,TWEED,61,NA,NA,NA,202.34,NA,FALSE,FALSE,NA,parsed_table,FALSE,1041,91,129,8.069767441860465,218,5.144805772462192,0.023600026479184365,NA,NA
20260528-rphi-36C,/Users/sr320/Documents/GitHub/resazurin-assay-development/data/clam/20260528-rphi-36C/plate-L-T3.5.txt,plate-L-T3.5.txt,l,3.5,2026-05-28T12:31:10Z,25.9,"528/20,528/20",A,1,A1,NA,SELECTED,NA,SELECTED,NA,NA,TWEED,61,NA,NA,NA,202.34,NA,FALSE,FALSE,NA,parsed_table,FALSE,1094,53,131,8.351145038167939,218,5.40674112879312,0.024801564810977617,NA,NA
20260528-rphi-36C,/Users/sr320/Documents/GitHub/resazurin-assay-development/data/clam/20260528-rphi-36C/plate-L-T4.0.txt,plate-L-T4.0.txt,l,4,2026-05-28T13:06:03Z,25.8,"528/20,528/20",A,1,A1,NA,SELECTED,NA,SELECTED,NA,NA,TWEED,61,NA,NA,NA,202.34,NA,FALSE,FALSE,NA,parsed_table,FALSE,1156,62,131,8.82442748091603,218,5.713156073934961,0.026207137953830093,NA,NA
20260528-rphi-36C,/Users/sr320/Documents/GitHub/resazurin-assay-development/data/clam/20260528-rphi-36C/plate-L-T0.0.txt,plate-L-T0.0.txt,l,0,2026-05-28T08:39:43Z,24.8,"528/20,528/20",A,2,A2,NA,SELECTED,NA,SELECTED,NA,NA,BLUE,62,NA,NA,NA,130.464,NA,FALSE,FALSE,NA,parsed_table,FALSE,143,0,113,1.2654867256637168,143,1.0960878096639686,0.007664949717929851,NA,NA
20260528-rphi-36C,/Users/sr320/Documents/GitHub/resazurin-assay-development/data/clam/20260528-rphi-36C/plate-L-T0.5.txt,plate-L-T0.5.txt,l,0.5,2026-05-28T09:10:28Z,25.3,"528/20,528/20",A,2,A2,NA,SELECTED,NA,SELECTED,NA,NA,BLUE,62,NA,NA,NA,130.464,NA,FALSE,FALSE,NA,parsed_table,FALSE,268,125,116,2.310344827586207,143,2.0542065244052,0.014365080590246153,NA,NA
20260528-rphi-36C,/Users/sr320/Documents/GitHub/resazurin-assay-development/data/clam/20260528-rphi-36C/plate-L-T1.0.txt,plate-L-T1.0.txt,l,1,2026-05-28T09:44:21Z,25.6,"528/20,528/20",A,2,A2,NA,SELECTED,NA,SELECTED,NA,NA,BLUE,62,NA,NA,NA,130.464,NA,FALSE,FALSE,NA,parsed_table,FALSE,433,165,118,3.669491525423729,143,3.318923227863625,0.02320925334170367,NA,NA
20260528-rphi-36C,/Users/sr320/Documents/GitHub/resazurin-assay-development/data/clam/20260528-rphi-36C/plate-L-T1.5.txt,plate-L-T1.5.txt,l,1.5,2026-05-28T10:17:41Z,25.7,"528/20,528/20",A,2,A2,NA,SELECTED,NA,SELECTED,NA,NA,BLUE,62,NA,NA,NA,130.464,NA,FALSE,FALSE,NA,parsed_table,FALSE,516,83,121,4.264462809917355,143,3.9551140544518026,0.027658140240921697,NA,NA
20260528-rphi-36C,/Users/sr320/Documents/GitHub/resazurin-assay-development/data/clam/20260528-rphi-36C/plate-L-T2.0.txt,plate-L-T2.0.txt,l,2,2026-05-28T10:57:22Z,25.9,"528/20,528/20",A,2,A2,NA,SELECTED,NA,SELECTED,NA,NA,BLUE,62,NA,NA,NA,130.464,NA,FALSE,FALSE,NA,parsed_table,FALSE,649,133,123,5.276422764227642,143,4.974552366936473,0.034787079489066244,NA,NA
20260528-rphi-36C,/Users/sr320/Documents/GitHub/resazurin-assay-development/data/clam/20260528-rphi-36C/plate-L-T2.5.txt,plate-L-T2.5.txt,l,2.5,2026-05-28T11:28:17Z,26,"528/20,528/20",A,2,A2,NA,SELECTED,NA,SELECTED,NA,NA,BLUE,62,NA,NA,NA,130.464,NA,FALSE,FALSE,NA,parsed_table,FALSE,718,69,126,5.698412698412699,143,5.5034338974736325,0.03848555173058484,NA,NA
20260528-rphi-36C,/Users/sr320/Documents/GitHub/resazurin-assay-development/data/clam/20260528-rphi-36C/plate-L-T3.0.txt,plate-L-T3.0.txt,l,3,2026-05-28T12:02:46Z,26,"528/20,528/20",A,2,A2,NA,SELECTED,NA,SELECTED,NA,NA,BLUE,62,NA,NA,NA,130.464,NA,FALSE,FALSE,NA,parsed_table,FALSE,782,64,129,6.062015503875969,143,5.9939906794211435,0.04191601873721079,NA,NA
20260528-rphi-36C,/Users/sr320/Documents/GitHub/resazurin-assay-development/data/clam/20260528-rphi-36C/plate-L-T3.5.txt,plate-L-T3.5.txt,l,3.5,2026-05-28T12:31:10Z,25.9,"528/20,528/20",A,2,A2,NA,SELECTED,NA,SELECTED,NA,NA,BLUE,62,NA,NA,NA,130.464,NA,FALSE,FALSE,NA,parsed_table,FALSE,834,52,131,6.366412213740458,143,6.392568064753496,0.04470327318009438,NA,NA
20260528-rphi-36C,/Users/sr320/Documents/GitHub/resazurin-assay-development/data/clam/20260528-rphi-36C/plate-L-T4.0.txt,plate-L-T4.0.txt,l,4,2026-05-28T13:06:03Z,25.8,"528/20,528/20",A,2,A2,NA,SELECTED,NA,SELECTED,NA,NA,BLUE,62,NA,NA,NA,130.464,NA,FALSE,FALSE,NA,parsed_table,FALSE,870,36,131,6.641221374045801,143,6.66850625459897,0.04663291087132147,NA,NA
20260528-rphi-36C,/Users/sr320/Documents/GitHub/resazurin-assay-development/data/clam/20260528-rphi-36C/plate-L-T0.0.txt,plate-L-T0.0.txt,l,0,2026-05-28T08:39:43Z,24.8,"528/20,528/20",A,3,A3,NA,CONTROL,NA,CONTROL,NA,NA,TWEED,63,NA,NA,NA,123.395,NA,FALSE,FALSE,NA,parsed_table,FALSE,126,0,113,1.1150442477876106,126,1.0211110660885774,0.008104056080068074,NA,NA
20260528-rphi-36C,/Users/sr320/Documents/GitHub/resazurin-assay-development/data/clam/20260528-rphi-36C/plate-L-T0.5.txt,plate-L-T0.5.txt,l,0.5,2026-05-28T09:10:28Z,25.3,"528/20,528/20",A,3,A3,NA,CONTROL,NA,CONTROL,NA,NA,TWEED,63,NA,NA,NA,123.395,NA,FALSE,FALSE,NA,parsed_table,FALSE,256,130,116,2.206896551724138,126,2.074638356497427,0.01646538378172561,NA,NA
20260528-rphi-36C,/Users/sr320/Documents/GitHub/resazurin-assay-development/data/clam/20260528-rphi-36C/plate-L-T1.0.txt,plate-L-T1.0.txt,l,1,2026-05-28T09:44:21Z,25.6,"528/20,528/20",A,3,A3,NA,CONTROL,NA,CONTROL,NA,NA,TWEED,63,NA,NA,NA,123.395,NA,FALSE,FALSE,NA,parsed_table,FALSE,346,90,118,2.9322033898305087,126,2.8040034037035535,0.022253995267488523,NA,NA
20260528-rphi-36C,/Users/sr320/Documents/GitHub/resazurin-assay-development/data/clam/20260528-rphi-36C/plate-L-T1.5.txt,plate-L-T1.5.txt,l,1.5,2026-05-28T10:17:41Z,25.7,"528/20,528/20",A,3,A3,NA,CONTROL,NA,CONTROL,NA,NA,TWEED,63,NA,NA,NA,123.395,NA,FALSE,FALSE,NA,parsed_table,FALSE,432,86,121,3.5702479338842976,126,3.500952226589408,0.027785335131661967,NA,NA
20260528-rphi-36C,/Users/sr320/Documents/GitHub/resazurin-assay-development/data/clam/20260528-rphi-36C/plate-L-T2.0.txt,plate-L-T2.0.txt,l,2,2026-05-28T10:57:22Z,25.9,"528/20,528/20",A,3,A3,NA,CONTROL,NA,CONTROL,NA,NA,TWEED,63,NA,NA,NA,123.395,NA,FALSE,FALSE,NA,parsed_table,FALSE,533,101,123,4.333333333333333,126,4.319461890676283,0.034281443576795904,NA,NA
20260528-rphi-36C,/Users/sr320/Documents/GitHub/resazurin-assay-development/data/clam/20260528-rphi-36C/plate-L-T2.5.txt,plate-L-T2.5.txt,l,2.5,2026-05-28T11:28:17Z,26,"528/20,528/20",A,3,A3,NA,CONTROL,NA,CONTROL,NA,NA,TWEED,63,NA,NA,NA,123.395,NA,FALSE,FALSE,NA,parsed_table,FALSE,584,51,126,4.634920634920635,126,4.732768750759756,0.03756165675206155,NA,NA
20260528-rphi-36C,/Users/sr320/Documents/GitHub/resazurin-assay-development/data/clam/20260528-rphi-36C/plate-L-T3.0.txt,plate-L-T3.0.txt,l,3,2026-05-28T12:02:46Z,26,"528/20,528/20",A,3,A3,NA,CONTROL,NA,CONTROL,NA,NA,TWEED,63,NA,NA,NA,123.395,NA,FALSE,FALSE,NA,parsed_table,FALSE,638,54,129,4.945736434108527,126,5.170387779083431,0.0410348236435193,NA,NA
20260528-rphi-36C,/Users/sr320/Documents/GitHub/resazurin-assay-development/data/clam/20260528-rphi-36C/plate-L-T3.5.txt,plate-L-T3.5.txt,l,3.5,2026-05-28T12:31:10Z,25.9,"528/20,528/20",A,3,A3,NA,CONTROL,NA,CONTROL,NA,NA,TWEED,63,NA,NA,NA,123.395,NA,FALSE,FALSE,NA,parsed_table,FALSE,683,45,131,5.213740458015267,126,5.535070302686495,0.043929129386400756,NA,NA
20260528-rphi-36C,/Users/sr320/Documents/GitHub/resazurin-assay-development/data/clam/20260528-rphi-36C/plate-L-T4.0.txt,plate-L-T4.0.txt,l,4,2026-05-28T13:06:03Z,25.8,"528/20,528/20",A,3,A3,NA,CONTROL,NA,CONTROL,NA,NA,TWEED,63,NA,NA,NA,123.395,NA,FALSE,FALSE,NA,parsed_table,FALSE,744,61,131,5.679389312977099,126,6.029417723570647,0.04785252161564006,NA,NA
20260528-rphi-36C,/Users/sr320/Documents/GitHub/resazurin-assay-development/data/clam/20260528-rphi-36C/plate-L-T0.0.txt,plate-L-T0.0.txt,l,0,2026-05-28T08:39:43Z,24.8,"528/20,528/20",A,4,A4,NA,CONTROL,NA,CONTROL,NA,NA,BLUE,64,NA,NA,NA,108.468,NA,FALSE,FALSE,NA,parsed_table,FALSE,126,0,113,1.1150442477876106,126,1.1616329239960173,0.009219308920603311,NA,NA
20260528-rphi-36C,/Users/sr320/Documents/GitHub/resazurin-assay-development/data/clam/20260528-rphi-36C/plate-L-T0.5.txt,plate-L-T0.5.txt,l,0.5,2026-05-28T09:10:28Z,25.3,"528/20,528/20",A,4,A4,NA,CONTROL,NA,CONTROL,NA,NA,BLUE,64,NA,NA,NA,108.468,NA,FALSE,FALSE,NA,parsed_table,FALSE,203,77,116,1.75,126,1.8715197108824722,0.01485333103874978,NA,NA
20260528-rphi-36C,/Users/sr320/Documents/GitHub/resazurin-assay-development/data/clam/20260528-rphi-36C/plate-L-T1.0.txt,plate-L-T1.0.txt,l,1,2026-05-28T09:44:21Z,25.6,"528/20,528/20",A,4,A4,NA,CONTROL,NA,CONTROL,NA,NA,BLUE,64,NA,NA,NA,108.468,NA,FALSE,FALSE,NA,parsed_table,FALSE,299,96,118,2.5338983050847457,126,2.75657336726039,0.021877566406828492,NA,NA
20260528-rphi-36C,/Users/sr320/Documents/GitHub/resazurin-assay-development/data/clam/20260528-rphi-36C/plate-L-T1.5.txt,plate-L-T1.5.txt,l,1.5,2026-05-28T10:17:41Z,25.7,"528/20,528/20",A,4,A4,NA,CONTROL,NA,CONTROL,NA,NA,BLUE,64,NA,NA,NA,108.468,NA,FALSE,FALSE,NA,parsed_table,FALSE,386,87,121,3.190082644628099,126,3.5586532433528784,0.02824327970914983,NA,NA
20260528-rphi-36C,/Users/sr320/Documents/GitHub/resazurin-assay-development/data/clam/20260528-rphi-36C/plate-L-T2.0.txt,plate-L-T2.0.txt,l,2,2026-05-28T10:57:22Z,25.9,"528/20,528/20",A,4,A4,NA,CONTROL,NA,CONTROL,NA,NA,BLUE,64,NA,NA,NA,108.468,NA,FALSE,FALSE,NA,parsed_table,FALSE,456,70,123,3.707317073170732,126,4.20400486779511,0.03336511799837389,NA,NA
20260528-rphi-36C,/Users/sr320/Documents/GitHub/resazurin-assay-development/data/clam/20260528-rphi-36C/plate-L-T2.5.txt,plate-L-T2.5.txt,l,2.5,2026-05-28T11:28:17Z,26,"528/20,528/20",A,4,A4,NA,CONTROL,NA,CONTROL,NA,NA,BLUE,64,NA,NA,NA,108.468,NA,FALSE,FALSE,NA,parsed_table,FALSE,493,37,126,3.9126984126984126,126,4.545119297857433,0.036072375379820894,NA,NA
20260528-rphi-36C,/Users/sr320/Documents/GitHub/resazurin-assay-development/data/clam/20260528-rphi-36C/plate-L-T3.0.txt,plate-L-T3.0.txt,l,3,2026-05-28T12:02:46Z,26,"528/20,528/20",A,4,A4,NA,CONTROL,NA,CONTROL,NA,NA,BLUE,64,NA,NA,NA,108.468,NA,FALSE,FALSE,NA,parsed_table,FALSE,538,45,129,4.170542635658915,126,4.959988199284582,0.03936498570860779,NA,NA
20260528-rphi-36C,/Users/sr320/Documents/GitHub/resazurin-assay-development/data/clam/20260528-rphi-36C/plate-L-T3.5.txt,plate-L-T3.5.txt,l,3.5,2026-05-28T12:31:10Z,25.9,"528/20,528/20",A,4,A4,NA,CONTROL,NA,CONTROL,NA,NA,BLUE,64,NA,NA,NA,108.468,NA,FALSE,FALSE,NA,parsed_table,FALSE,564,26,131,4.305343511450381,126,5.199690231220267,0.04126738278746244,NA,NA
20260528-rphi-36C,/Users/sr320/Documents/GitHub/resazurin-assay-development/data/clam/20260528-rphi-36C/plate-L-T4.0.txt,plate-L-T4.0.txt,l,4,2026-05-28T13:06:03Z,25.8,"528/20,528/20",A,4,A4,NA,CONTROL,NA,CONTROL,NA,NA,BLUE,64,NA,NA,NA,108.468,NA,FALSE,FALSE,NA,parsed_table,FALSE,593,29,131,4.526717557251908,126,5.467050189917764,0.04338928722156955,NA,NA
20260528-rphi-36C,/Users/sr320/Documents/GitHub/resazurin-assay-development/data/clam/20260528-rphi-36C/plate-L-T0.0.txt,plate-L-T0.0.txt,l,0,2026-05-28T08:39:43Z,24.8,"528/20,528/20",B,1,B1,NA,SELECTED,NA,SELECTED,NA,NA,TWEED,65,NA,NA,NA,177.084,NA,FALSE,FALSE,NA,parsed_table,FALSE,155,0,113,1.3716814159292035,155,0.8752908224345508,0.005647037564093876,NA,NA
20260528-rphi-36C,/Users/sr320/Documents/GitHub/resazurin-assay-development/data/clam/20260528-rphi-36C/plate-L-T0.5.txt,plate-L-T0.5.txt,l,0.5,2026-05-28T09:10:28Z,25.3,"528/20,528/20",B,1,B1,NA,SELECTED,NA,SELECTED,NA,NA,TWEED,65,NA,NA,NA,177.084,NA,FALSE,FALSE,NA,parsed_table,FALSE,301,146,116,2.5948275862068964,155,1.6997583067922568,0.010966182624466173,NA,NA
20260528-rphi-36C,/Users/sr320/Documents/GitHub/resazurin-assay-development/data/clam/20260528-rphi-36C/plate-L-T1.0.txt,plate-L-T1.0.txt,l,1,2026-05-28T09:44:21Z,25.6,"528/20,528/20",B,1,B1,NA,SELECTED,NA,SELECTED,NA,NA,TWEED,65,NA,NA,NA,177.084,NA,FALSE,FALSE,NA,parsed_table,FALSE,502,201,118,4.254237288135593,155,2.834812857175126,0.018289115207581457,NA,NA
20260528-rphi-36C,/Users/sr320/Documents/GitHub/resazurin-assay-development/data/clam/20260528-rphi-36C/plate-L-T1.5.txt,plate-L-T1.5.txt,l,1.5,2026-05-28T10:17:41Z,25.7,"528/20,528/20",B,1,B1,NA,SELECTED,NA,SELECTED,NA,NA,TWEED,65,NA,NA,NA,177.084,NA,FALSE,FALSE,NA,parsed_table,FALSE,639,137,121,5.2809917355371905,155,3.608457003455987,0.023280367764232177,NA,NA
20260528-rphi-36C,/Users/sr320/Documents/GitHub/resazurin-assay-development/data/clam/20260528-rphi-36C/plate-L-T2.0.txt,plate-L-T2.0.txt,l,2,2026-05-28T10:57:22Z,25.9,"528/20,528/20",B,1,B1,NA,SELECTED,NA,SELECTED,NA,NA,TWEED,65,NA,NA,NA,177.084,NA,FALSE,FALSE,NA,parsed_table,FALSE,780,141,123,6.341463414634147,155,4.4046892999932235,0.028417350322536925,NA,NA
20260528-rphi-36C,/Users/sr320/Documents/GitHub/resazurin-assay-development/data/clam/20260528-rphi-36C/plate-L-T2.5.txt,plate-L-T2.5.txt,l,2.5,2026-05-28T11:28:17Z,26,"528/20,528/20",B,1,B1,NA,SELECTED,NA,SELECTED,NA,NA,TWEED,65,NA,NA,NA,177.084,NA,FALSE,FALSE,NA,parsed_table,FALSE,840,60,126,6.666666666666667,155,4.743511553838856,0.030603300347347456,NA,NA
20260528-rphi-36C,/Users/sr320/Documents/GitHub/resazurin-assay-development/data/clam/20260528-rphi-36C/plate-L-T3.0.txt,plate-L-T3.0.txt,l,3,2026-05-28T12:02:46Z,26,"528/20,528/20",B,1,B1,NA,SELECTED,NA,SELECTED,NA,NA,TWEED,65,NA,NA,NA,177.084,NA,FALSE,FALSE,NA,parsed_table,FALSE,937,97,129,7.263565891472868,155,5.291274197555962,0.034137252887457815,NA,NA
20260528-rphi-36C,/Users/sr320/Documents/GitHub/resazurin-assay-development/data/clam/20260528-rphi-36C/plate-L-T3.5.txt,plate-L-T3.5.txt,l,3.5,2026-05-28T12:31:10Z,25.9,"528/20,528/20",B,1,B1,NA,SELECTED,NA,SELECTED,NA,NA,TWEED,65,NA,NA,NA,177.084,NA,FALSE,FALSE,NA,parsed_table,FALSE,972,35,131,7.419847328244275,155,5.488920512299248,0.03541239040193063,NA,NA
20260528-rphi-36C,/Users/sr320/Documents/GitHub/resazurin-assay-development/data/clam/20260528-rphi-36C/plate-L-T4.0.txt,plate-L-T4.0.txt,l,4,2026-05-28T13:06:03Z,25.8,"528/20,528/20",B,1,B1,NA,SELECTED,NA,SELECTED,NA,NA,TWEED,65,NA,NA,NA,177.084,NA,FALSE,FALSE,NA,parsed_table,FALSE,1021,49,131,7.793893129770993,155,5.765625352939848,0.037197582922192565,NA,NA
20260528-rphi-36C,/Users/sr320/Documents/GitHub/resazurin-assay-development/data/clam/20260528-rphi-36C/plate-L-T0.0.txt,plate-L-T0.0.txt,l,0,2026-05-28T08:39:43Z,24.8,"528/20,528/20",B,2,B2,NA,SELECTED,NA,SELECTED,NA,NA,BLUE,66,NA,NA,NA,168.391,NA,FALSE,FALSE,NA,parsed_table,FALSE,166,0,113,1.4690265486725664,166,0.9858009038487806,0.005938559661739642,NA,NA
20260528-rphi-36C,/Users/sr320/Documents/GitHub/resazurin-assay-development/data/clam/20260528-rphi-36C/plate-L-T0.5.txt,plate-L-T0.5.txt,l,0.5,2026-05-28T09:10:28Z,25.3,"528/20,528/20",B,2,B2,NA,SELECTED,NA,SELECTED,NA,NA,BLUE,66,NA,NA,NA,168.391,NA,FALSE,FALSE,NA,parsed_table,FALSE,336,170,116,2.896551724137931,166,1.9953560463445197,0.012020217146653732,NA,NA
20260528-rphi-36C,/Users/sr320/Documents/GitHub/resazurin-assay-development/data/clam/20260528-rphi-36C/plate-L-T1.0.txt,plate-L-T1.0.txt,l,1,2026-05-28T09:44:21Z,25.6,"528/20,528/20",B,2,B2,NA,SELECTED,NA,SELECTED,NA,NA,BLUE,66,NA,NA,NA,168.391,NA,FALSE,FALSE,NA,parsed_table,FALSE,454,118,118,3.847457627118644,166,2.6961060864297974,0.016241602930299984,NA,NA
20260528-rphi-36C,/Users/sr320/Documents/GitHub/resazurin-assay-development/data/clam/20260528-rphi-36C/plate-L-T1.5.txt,plate-L-T1.5.txt,l,1.5,2026-05-28T10:17:41Z,25.7,"528/20,528/20",B,2,B2,NA,SELECTED,NA,SELECTED,NA,NA,BLUE,66,NA,NA,NA,168.391,NA,FALSE,FALSE,NA,parsed_table,FALSE,587,133,121,4.851239669421488,166,3.4859345214411697,0.020999605550850422,NA,NA
20260528-rphi-36C,/Users/sr320/Documents/GitHub/resazurin-assay-development/data/clam/20260528-rphi-36C/plate-L-T2.0.txt,plate-L-T2.0.txt,l,2,2026-05-28T10:57:22Z,25.9,"528/20,528/20",B,2,B2,NA,SELECTED,NA,SELECTED,NA,NA,BLUE,66,NA,NA,NA,168.391,NA,FALSE,FALSE,NA,parsed_table,FALSE,754,167,123,6.130081300813008,166,4.47767398495169,0.026973939668383674,NA,NA
20260528-rphi-36C,/Users/sr320/Documents/GitHub/resazurin-assay-development/data/clam/20260528-rphi-36C/plate-L-T2.5.txt,plate-L-T2.5.txt,l,2.5,2026-05-28T11:28:17Z,26,"528/20,528/20",B,2,B2,NA,SELECTED,NA,SELECTED,NA,NA,BLUE,66,NA,NA,NA,168.391,NA,FALSE,FALSE,NA,parsed_table,FALSE,837,83,126,6.642857142857143,166,4.97057443687608,0.029943219499253493,NA,NA
20260528-rphi-36C,/Users/sr320/Documents/GitHub/resazurin-assay-development/data/clam/20260528-rphi-36C/plate-L-T3.0.txt,plate-L-T3.0.txt,l,3,2026-05-28T12:02:46Z,26,"528/20,528/20",B,2,B2,NA,SELECTED,NA,SELECTED,NA,NA,BLUE,66,NA,NA,NA,168.391,NA,FALSE,FALSE,NA,parsed_table,FALSE,926,89,129,7.178294573643411,166,5.499106246770909,0.03312714606488499,NA,NA
20260528-rphi-36C,/Users/sr320/Documents/GitHub/resazurin-assay-development/data/clam/20260528-rphi-36C/plate-L-T3.5.txt,plate-L-T3.5.txt,l,3.5,2026-05-28T12:31:10Z,25.9,"528/20,528/20",B,2,B2,NA,SELECTED,NA,SELECTED,NA,NA,BLUE,66,NA,NA,NA,168.391,NA,FALSE,FALSE,NA,parsed_table,FALSE,986,60,131,7.526717557251908,166,5.855419826475287,0.03527361341250173,NA,NA
20260528-rphi-36C,/Users/sr320/Documents/GitHub/resazurin-assay-development/data/clam/20260528-rphi-36C/plate-L-T4.0.txt,plate-L-T4.0.txt,l,4,2026-05-28T13:06:03Z,25.8,"528/20,528/20",B,2,B2,NA,SELECTED,NA,SELECTED,NA,NA,BLUE,66,NA,NA,NA,168.391,NA,FALSE,FALSE,NA,parsed_table,FALSE,1046,60,131,7.984732824427481,166,6.211733406179666,0.03742008076011847,NA,NA
20260528-rphi-36C,/Users/sr320/Documents/GitHub/resazurin-assay-development/data/clam/20260528-rphi-36C/plate-L-T0.0.txt,plate-L-T0.0.txt,l,0,2026-05-28T08:39:43Z,24.8,"528/20,528/20",B,3,B3,NA,CONTROL,NA,CONTROL,NA,NA,TWEED,67,NA,NA,NA,101.502,NA,FALSE,FALSE,NA,parsed_table,FALSE,133,0,113,1.176991150442478,133,1.3103190084924436,0.009852022620243936,NA,NA
20260528-rphi-36C,/Users/sr320/Documents/GitHub/resazurin-assay-development/data/clam/20260528-rphi-36C/plate-L-T0.5.txt,plate-L-T0.5.txt,l,0.5,2026-05-28T09:10:28Z,25.3,"528/20,528/20",B,3,B3,NA,CONTROL,NA,CONTROL,NA,NA,TWEED,67,NA,NA,NA,101.502,NA,FALSE,FALSE,NA,parsed_table,FALSE,187,54,116,1.6120689655172413,133,1.842328229985616,0.013852091954779069,NA,NA
20260528-rphi-36C,/Users/sr320/Documents/GitHub/resazurin-assay-development/data/clam/20260528-rphi-36C/plate-L-T1.0.txt,plate-L-T1.0.txt,l,1,2026-05-28T09:44:21Z,25.6,"528/20,528/20",B,3,B3,NA,CONTROL,NA,CONTROL,NA,NA,TWEED,67,NA,NA,NA,101.502,NA,FALSE,FALSE,NA,parsed_table,FALSE,284,97,118,2.406779661016949,133,2.797974424149278,0.02103740168533292,NA,NA
20260528-rphi-36C,/Users/sr320/Documents/GitHub/resazurin-assay-development/data/clam/20260528-rphi-36C/plate-L-T1.5.txt,plate-L-T1.5.txt,l,1.5,2026-05-28T10:17:41Z,25.7,"528/20,528/20",B,3,B3,NA,CONTROL,NA,CONTROL,NA,NA,TWEED,67,NA,NA,NA,101.502,NA,FALSE,FALSE,NA,parsed_table,FALSE,385,101,121,3.1818181818181817,133,3.7930287087939156,0.028519012848074555,NA,NA
20260528-rphi-36C,/Users/sr320/Documents/GitHub/resazurin-assay-development/data/clam/20260528-rphi-36C/plate-L-T2.0.txt,plate-L-T2.0.txt,l,2,2026-05-28T10:57:22Z,25.9,"528/20,528/20",B,3,B3,NA,CONTROL,NA,CONTROL,NA,NA,TWEED,67,NA,NA,NA,101.502,NA,FALSE,FALSE,NA,parsed_table,FALSE,451,66,123,3.6666666666666665,133,4.443262201730016,0.03340798647917305,NA,NA
20260528-rphi-36C,/Users/sr320/Documents/GitHub/resazurin-assay-development/data/clam/20260528-rphi-36C/plate-L-T2.5.txt,plate-L-T2.5.txt,l,2.5,2026-05-28T11:28:17Z,26,"528/20,528/20",B,3,B3,NA,CONTROL,NA,CONTROL,NA,NA,TWEED,67,NA,NA,NA,101.502,NA,FALSE,FALSE,NA,parsed_table,FALSE,513,62,126,4.071428571428571,133,5.054087604185139,0.038000658678083755,NA,NA
20260528-rphi-36C,/Users/sr320/Documents/GitHub/resazurin-assay-development/data/clam/20260528-rphi-36C/plate-L-T3.0.txt,plate-L-T3.0.txt,l,3,2026-05-28T12:02:46Z,26,"528/20,528/20",B,3,B3,NA,CONTROL,NA,CONTROL,NA,NA,TWEED,67,NA,NA,NA,101.502,NA,FALSE,FALSE,NA,parsed_table,FALSE,547,34,129,4.24031007751938,133,5.389056373273434,0.04051922085167995,NA,NA
20260528-rphi-36C,/Users/sr320/Documents/GitHub/resazurin-assay-development/data/clam/20260528-rphi-36C/plate-L-T3.5.txt,plate-L-T3.5.txt,l,3.5,2026-05-28T12:31:10Z,25.9,"528/20,528/20",B,3,B3,NA,CONTROL,NA,CONTROL,NA,NA,TWEED,67,NA,NA,NA,101.502,NA,FALSE,FALSE,NA,parsed_table,FALSE,580,33,131,4.427480916030534,133,5.714173119741483,0.0429637076672292,NA,NA
20260528-rphi-36C,/Users/sr320/Documents/GitHub/resazurin-assay-development/data/clam/20260528-rphi-36C/plate-L-T4.0.txt,plate-L-T4.0.txt,l,4,2026-05-28T13:06:03Z,25.8,"528/20,528/20",B,3,B3,NA,CONTROL,NA,CONTROL,NA,NA,TWEED,67,NA,NA,NA,101.502,NA,FALSE,FALSE,NA,parsed_table,FALSE,619,39,131,4.7251908396946565,133,6.098402001930997,0.045852646631060125,NA,NA
20260528-rphi-36C,/Users/sr320/Documents/GitHub/resazurin-assay-development/data/clam/20260528-rphi-36C/plate-L-T0.0.txt,plate-L-T0.0.txt,l,0,2026-05-28T08:39:43Z,24.8,"528/20,528/20",B,4,B4,NA,CONTROL,NA,CONTROL,NA,NA,BLUE,68,NA,NA,NA,104.558,NA,FALSE,FALSE,NA,parsed_table,FALSE,128,0,113,1.1327433628318584,128,1.2242009219763192,0.009564069702939994,NA,NA
20260528-rphi-36C,/Users/sr320/Documents/GitHub/resazurin-assay-development/data/clam/20260528-rphi-36C/plate-L-T0.5.txt,plate-L-T0.5.txt,l,0.5,2026-05-28T09:10:28Z,25.3,"528/20,528/20",B,4,B4,NA,CONTROL,NA,CONTROL,NA,NA,BLUE,68,NA,NA,NA,104.558,NA,FALSE,FALSE,NA,parsed_table,FALSE,194,66,116,1.6724137931034482,128,1.855429522370359,0.01449554314351843,NA,NA
20260528-rphi-36C,/Users/sr320/Documents/GitHub/resazurin-assay-development/data/clam/20260528-rphi-36C/plate-L-T1.0.txt,plate-L-T1.0.txt,l,1,2026-05-28T09:44:21Z,25.6,"528/20,528/20",B,4,B4,NA,CONTROL,NA,CONTROL,NA,NA,BLUE,68,NA,NA,NA,104.558,NA,FALSE,FALSE,NA,parsed_table,FALSE,288,94,118,2.440677966101695,128,2.7544520744467182,0.021519156831614986,NA,NA
20260528-rphi-36C,/Users/sr320/Documents/GitHub/resazurin-assay-development/data/clam/20260528-rphi-36C/plate-L-T1.5.txt,plate-L-T1.5.txt,l,1.5,2026-05-28T10:17:41Z,25.7,"528/20,528/20",B,4,B4,NA,CONTROL,NA,CONTROL,NA,NA,BLUE,68,NA,NA,NA,104.558,NA,FALSE,FALSE,NA,parsed_table,FALSE,381,93,121,3.1487603305785123,128,3.643910556820138,0.028468051225157328,NA,NA
20260528-rphi-36C,/Users/sr320/Documents/GitHub/resazurin-assay-development/data/clam/20260528-rphi-36C/plate-L-T2.0.txt,plate-L-T2.0.txt,l,2,2026-05-28T10:57:22Z,25.9,"528/20,528/20",B,4,B4,NA,CONTROL,NA,CONTROL,NA,NA,BLUE,68,NA,NA,NA,104.558,NA,FALSE,FALSE,NA,parsed_table,FALSE,444,63,123,3.6097560975609757,128,4.2464469481053575,0.033175366782073105,NA,NA
20260528-rphi-36C,/Users/sr320/Documents/GitHub/resazurin-assay-development/data/clam/20260528-rphi-36C/plate-L-T2.5.txt,plate-L-T2.5.txt,l,2.5,2026-05-28T11:28:17Z,26,"528/20,528/20",B,4,B4,NA,CONTROL,NA,CONTROL,NA,NA,BLUE,68,NA,NA,NA,104.558,NA,FALSE,FALSE,NA,parsed_table,FALSE,496,52,126,3.9365079365079363,128,4.743778572658237,0.03706077009889248,NA,NA
20260528-rphi-36C,/Users/sr320/Documents/GitHub/resazurin-assay-development/data/clam/20260528-rphi-36C/plate-L-T3.0.txt,plate-L-T3.0.txt,l,3,2026-05-28T12:02:46Z,26,"528/20,528/20",B,4,B4,NA,CONTROL,NA,CONTROL,NA,NA,BLUE,68,NA,NA,NA,104.558,NA,FALSE,FALSE,NA,parsed_table,FALSE,536,40,129,4.155038759689923,128,5.126341360775837,0.040049541881061225,NA,NA
20260528-rphi-36C,/Users/sr320/Documents/GitHub/resazurin-assay-development/data/clam/20260528-rphi-36C/plate-L-T3.5.txt,plate-L-T3.5.txt,l,3.5,2026-05-28T12:31:10Z,25.9,"528/20,528/20",B,4,B4,NA,CONTROL,NA,CONTROL,NA,NA,BLUE,68,NA,NA,NA,104.558,NA,FALSE,FALSE,NA,parsed_table,FALSE,573,37,131,4.374045801526718,128,5.480211939784617,0.04281415577956732,NA,NA
20260528-rphi-36C,/Users/sr320/Documents/GitHub/resazurin-assay-development/data/clam/20260528-rphi-36C/plate-L-T4.0.txt,plate-L-T4.0.txt,l,4,2026-05-28T13:06:03Z,25.8,"528/20,528/20",B,4,B4,NA,CONTROL,NA,CONTROL,NA,NA,BLUE,68,NA,NA,NA,104.558,NA,FALSE,FALSE,NA,parsed_table,FALSE,603,30,131,4.603053435114504,128,5.767134030872817,0.04505573461619388,NA,NA
20260528-rphi-36C,/Users/sr320/Documents/GitHub/resazurin-assay-development/data/clam/20260528-rphi-36C/plate-L-T0.0.txt,plate-L-T0.0.txt,l,0,2026-05-28T08:39:43Z,24.8,"528/20,528/20",C,1,C1,NA,SELECTED,NA,SELECTED,NA,NA,TWEED,69,NA,NA,NA,90.795,NA,FALSE,FALSE,NA,parsed_table,FALSE,138,0,113,1.2212389380530972,138,1.5199074838922848,0.011013822347045541,NA,NA
20260528-rphi-36C,/Users/sr320/Documents/GitHub/resazurin-assay-development/data/clam/20260528-rphi-36C/plate-L-T0.5.txt,plate-L-T0.5.txt,l,0.5,2026-05-28T09:10:28Z,25.3,"528/20,528/20",C,1,C1,NA,SELECTED,NA,SELECTED,NA,NA,TWEED,69,NA,NA,NA,90.795,NA,FALSE,FALSE,NA,parsed_table,FALSE,267,129,116,2.3017241379310347,138,2.94069056666116,0.021309351932327244,NA,NA
20260528-rphi-36C,/Users/sr320/Documents/GitHub/resazurin-assay-development/data/clam/20260528-rphi-36C/plate-L-T1.0.txt,plate-L-T1.0.txt,l,1,2026-05-28T09:44:21Z,25.6,"528/20,528/20",C,1,C1,NA,SELECTED,NA,SELECTED,NA,NA,TWEED,69,NA,NA,NA,90.795,NA,FALSE,FALSE,NA,parsed_table,FALSE,437,170,118,3.7033898305084745,138,4.813040365658902,0.03487710409897755,NA,NA
20260528-rphi-36C,/Users/sr320/Documents/GitHub/resazurin-assay-development/data/clam/20260528-rphi-36C/plate-L-T1.5.txt,plate-L-T1.5.txt,l,1.5,2026-05-28T10:17:41Z,25.7,"528/20,528/20",C,1,C1,NA,SELECTED,NA,SELECTED,NA,NA,TWEED,69,NA,NA,NA,90.795,NA,FALSE,FALSE,NA,parsed_table,FALSE,545,108,121,4.5041322314049586,138,6.00253317913982,0.04349661724014363,NA,NA
20260528-rphi-36C,/Users/sr320/Documents/GitHub/resazurin-assay-development/data/clam/20260528-rphi-36C/plate-L-T2.0.txt,plate-L-T2.0.txt,l,2,2026-05-28T10:57:22Z,25.9,"528/20,528/20",C,1,C1,NA,SELECTED,NA,SELECTED,NA,NA,TWEED,69,NA,NA,NA,90.795,NA,FALSE,FALSE,NA,parsed_table,FALSE,747,202,123,6.073170731707317,138,8.22732529324302,0.05961829922639869,NA,NA
20260528-rphi-36C,/Users/sr320/Documents/GitHub/resazurin-assay-development/data/clam/20260528-rphi-36C/plate-L-T2.5.txt,plate-L-T2.5.txt,l,2.5,2026-05-28T11:28:17Z,26,"528/20,528/20",C,1,C1,NA,SELECTED,NA,SELECTED,NA,NA,TWEED,69,NA,NA,NA,90.795,NA,FALSE,FALSE,NA,parsed_table,FALSE,1068,321,126,8.476190476190476,138,11.76276226664464,0.08523740772930898,NA,NA
20260528-rphi-36C,/Users/sr320/Documents/GitHub/resazurin-assay-development/data/clam/20260528-rphi-36C/plate-L-T3.0.txt,plate-L-T3.0.txt,l,3,2026-05-28T12:02:46Z,26,"528/20,528/20",C,1,C1,NA,SELECTED,NA,SELECTED,NA,NA,TWEED,69,NA,NA,NA,90.795,NA,FALSE,FALSE,NA,parsed_table,FALSE,1328,260,129,10.294573643410853,138,14.62635607687648,0.10598808751359769,NA,NA
20260528-rphi-36C,/Users/sr320/Documents/GitHub/resazurin-assay-development/data/clam/20260528-rphi-36C/plate-L-T3.5.txt,plate-L-T3.5.txt,l,3.5,2026-05-28T12:31:10Z,25.9,"528/20,528/20",C,1,C1,NA,SELECTED,NA,SELECTED,NA,NA,TWEED,69,NA,NA,NA,90.795,NA,FALSE,FALSE,NA,parsed_table,FALSE,1555,227,131,11.870229007633588,138,17.12649374965582,0.12410502717141898,NA,NA
20260528-rphi-36C,/Users/sr320/Documents/GitHub/resazurin-assay-development/data/clam/20260528-rphi-36C/plate-L-T4.0.txt,plate-L-T4.0.txt,l,4,2026-05-28T13:06:03Z,25.8,"528/20,528/20",C,1,C1,NA,SELECTED,NA,SELECTED,NA,NA,TWEED,69,NA,NA,NA,90.795,NA,FALSE,FALSE,NA,parsed_table,FALSE,1818,263,131,13.877862595419847,138,20.023129026928796,0.14509513787629563,NA,NA
20260528-rphi-36C,/Users/sr320/Documents/GitHub/resazurin-assay-development/data/clam/20260528-rphi-36C/plate-L-T0.0.txt,plate-L-T0.0.txt,l,0,2026-05-28T08:39:43Z,24.8,"528/20,528/20",C,2,C2,NA,NA,NA,NA,NA,NA,NA,NA,NA,NA,NA,NA,NA,TRUE,FALSE,NA,parsed_table,FALSE,113,0,113,1,NA,NA,NA,NA,NA
20260528-rphi-36C,/Users/sr320/Documents/GitHub/resazurin-assay-development/data/clam/20260528-rphi-36C/plate-L-T0.5.txt,plate-L-T0.5.txt,l,0.5,2026-05-28T09:10:28Z,25.3,"528/20,528/20",C,2,C2,NA,NA,NA,NA,NA,NA,NA,NA,NA,NA,NA,NA,NA,TRUE,FALSE,NA,parsed_table,FALSE,116,3,116,1,NA,NA,NA,NA,NA
20260528-rphi-36C,/Users/sr320/Documents/GitHub/resazurin-assay-development/data/clam/20260528-rphi-36C/plate-L-T1.0.txt,plate-L-T1.0.txt,l,1,2026-05-28T09:44:21Z,25.6,"528/20,528/20",C,2,C2,NA,NA,NA,NA,NA,NA,NA,NA,NA,NA,NA,NA,NA,TRUE,FALSE,NA,parsed_table,FALSE,118,2,118,1,NA,NA,NA,NA,NA
20260528-rphi-36C,/Users/sr320/Documents/GitHub/resazurin-assay-development/data/clam/20260528-rphi-36C/plate-L-T1.5.txt,plate-L-T1.5.txt,l,1.5,2026-05-28T10:17:41Z,25.7,"528/20,528/20",C,2,C2,NA,NA,NA,NA,NA,NA,NA,NA,NA,NA,NA,NA,NA,TRUE,FALSE,NA,parsed_table,FALSE,121,3,121,1,NA,NA,NA,NA,NA
20260528-rphi-36C,/Users/sr320/Documents/GitHub/resazurin-assay-development/data/clam/20260528-rphi-36C/plate-L-T2.0.txt,plate-L-T2.0.txt,l,2,2026-05-28T10:57:22Z,25.9,"528/20,528/20",C,2,C2,NA,NA,NA,NA,NA,NA,NA,NA,NA,NA,NA,NA,NA,TRUE,FALSE,NA,parsed_table,FALSE,123,2,123,1,NA,NA,NA,NA,NA
20260528-rphi-36C,/Users/sr320/Documents/GitHub/resazurin-assay-development/data/clam/20260528-rphi-36C/plate-L-T2.5.txt,plate-L-T2.5.txt,l,2.5,2026-05-28T11:28:17Z,26,"528/20,528/20",C,2,C2,NA,NA,NA,NA,NA,NA,NA,NA,NA,NA,NA,NA,NA,TRUE,FALSE,NA,parsed_table,FALSE,126,3,126,1,NA,NA,NA,NA,NA
20260528-rphi-36C,/Users/sr320/Documents/GitHub/resazurin-assay-development/data/clam/20260528-rphi-36C/plate-L-T3.0.txt,plate-L-T3.0.txt,l,3,2026-05-28T12:02:46Z,26,"528/20,528/20",C,2,C2,NA,NA,NA,NA,NA,NA,NA,NA,NA,NA,NA,NA,NA,TRUE,FALSE,NA,parsed_table,FALSE,129,3,129,1,NA,NA,NA,NA,NA
20260528-rphi-36C,/Users/sr320/Documents/GitHub/resazurin-assay-development/data/clam/20260528-rphi-36C/plate-L-T3.5.txt,plate-L-T3.5.txt,l,3.5,2026-05-28T12:31:10Z,25.9,"528/20,528/20",C,2,C2,NA,NA,NA,NA,NA,NA,NA,NA,NA,NA,NA,NA,NA,TRUE,FALSE,NA,parsed_table,FALSE,131,2,131,1,NA,NA,NA,NA,NA
20260528-rphi-36C,/Users/sr320/Documents/GitHub/resazurin-assay-development/data/clam/20260528-rphi-36C/plate-L-T4.0.txt,plate-L-T4.0.txt,l,4,2026-05-28T13:06:03Z,25.8,"528/20,528/20",C,2,C2,NA,NA,NA,NA,NA,NA,NA,NA,NA,NA,NA,NA,NA,TRUE,FALSE,NA,parsed_table,FALSE,131,0,131,1,NA,NA,NA,NA,NA
20260528-rphi-36C,/Users/sr320/Documents/GitHub/resazurin-assay-development/data/clam/20260528-rphi-36C/plate-L-T0.0.txt,plate-L-T0.0.txt,l,0,2026-05-28T08:39:43Z,24.8,"528/20,528/20",C,3,C3,NA,CONTROL,NA,CONTROL,NA,NA,TWEED,71,NA,NA,NA,94.316,NA,FALSE,FALSE,NA,parsed_table,FALSE,149,0,113,1.3185840707964602,149,1.5797955808134356,0.010602654904788159,NA,NA
20260528-rphi-36C,/Users/sr320/Documents/GitHub/resazurin-assay-development/data/clam/20260528-rphi-36C/plate-L-T0.5.txt,plate-L-T0.5.txt,l,0.5,2026-05-28T09:10:28Z,25.3,"528/20,528/20",C,3,C3,NA,CONTROL,NA,CONTROL,NA,NA,TWEED,71,NA,NA,NA,94.316,NA,FALSE,FALSE,NA,parsed_table,FALSE,260,111,116,2.2413793103448274,149,2.7566902752449214,0.018501277015066583,NA,NA
20260528-rphi-36C,/Users/sr320/Documents/GitHub/resazurin-assay-development/data/clam/20260528-rphi-36C/plate-L-T1.0.txt,plate-L-T1.0.txt,l,1,2026-05-28T09:44:21Z,25.6,"528/20,528/20",C,3,C3,NA,CONTROL,NA,CONTROL,NA,NA,TWEED,71,NA,NA,NA,94.316,NA,FALSE,FALSE,NA,parsed_table,FALSE,397,137,118,3.364406779661017,149,4.209253997200899,0.028250026826851668,NA,NA
20260528-rphi-36C,/Users/sr320/Documents/GitHub/resazurin-assay-development/data/clam/20260528-rphi-36C/plate-L-T1.5.txt,plate-L-T1.5.txt,l,1.5,2026-05-28T10:17:41Z,25.7,"528/20,528/20",C,3,C3,NA,CONTROL,NA,CONTROL,NA,NA,TWEED,71,NA,NA,NA,94.316,NA,FALSE,FALSE,NA,parsed_table,FALSE,527,130,121,4.355371900826446,149,5.58759913482336,0.03750066533438497,NA,NA
20260528-rphi-36C,/Users/sr320/Documents/GitHub/resazurin-assay-development/data/clam/20260528-rphi-36C/plate-L-T2.0.txt,plate-L-T2.0.txt,l,2,2026-05-28T10:57:22Z,25.9,"528/20,528/20",C,3,C3,NA,CONTROL,NA,CONTROL,NA,NA,TWEED,71,NA,NA,NA,94.316,NA,FALSE,FALSE,NA,parsed_table,FALSE,636,109,123,5.170731707317073,149,6.743288519445269,0.04525696992916287,NA,NA
20260528-rphi-36C,/Users/sr320/Documents/GitHub/resazurin-assay-development/data/clam/20260528-rphi-36C/plate-L-T2.5.txt,plate-L-T2.5.txt,l,2.5,2026-05-28T11:28:17Z,26,"528/20,528/20",C,3,C3,NA,CONTROL,NA,CONTROL,NA,NA,TWEED,71,NA,NA,NA,94.316,NA,FALSE,FALSE,NA,parsed_table,FALSE,711,75,126,5.642857142857143,149,7.538487637304381,0.05059387676043209,NA,NA
20260528-rphi-36C,/Users/sr320/Documents/GitHub/resazurin-assay-development/data/clam/20260528-rphi-36C/plate-L-T3.0.txt,plate-L-T3.0.txt,l,3,2026-05-28T12:02:46Z,26,"528/20,528/20",C,3,C3,NA,CONTROL,NA,CONTROL,NA,NA,TWEED,71,NA,NA,NA,94.316,NA,FALSE,FALSE,NA,parsed_table,FALSE,773,62,129,5.992248062015504,149,8.195852241401246,0.055005719740947964,NA,NA
20260528-rphi-36C,/Users/sr320/Documents/GitHub/resazurin-assay-development/data/clam/20260528-rphi-36C/plate-L-T3.5.txt,plate-L-T3.5.txt,l,3.5,2026-05-28T12:31:10Z,25.9,"528/20,528/20",C,3,C3,NA,CONTROL,NA,CONTROL,NA,NA,TWEED,71,NA,NA,NA,94.316,NA,FALSE,FALSE,NA,parsed_table,FALSE,807,34,131,6.1603053435114505,149,8.556342508164043,0.057425117504456676,NA,NA
20260528-rphi-36C,/Users/sr320/Documents/GitHub/resazurin-assay-development/data/clam/20260528-rphi-36C/plate-L-T4.0.txt,plate-L-T4.0.txt,l,4,2026-05-28T13:06:03Z,25.8,"528/20,528/20",C,3,C3,NA,CONTROL,NA,CONTROL,NA,NA,TWEED,71,NA,NA,NA,94.316,NA,FALSE,FALSE,NA,parsed_table,FALSE,862,55,131,6.580152671755725,149,9.139488527927393,0.06133884918072076,NA,NA
20260528-rphi-36C,/Users/sr320/Documents/GitHub/resazurin-assay-development/data/clam/20260528-rphi-36C/plate-L-T0.0.txt,plate-L-T0.0.txt,l,0,2026-05-28T08:39:43Z,24.8,"528/20,528/20",C,4,C4,NA,CONTROL,NA,CONTROL,NA,NA,BLUE,72,NA,NA,NA,139.26,NA,FALSE,FALSE,NA,parsed_table,FALSE,132,0,113,1.168141592920354,132,0.9478672985781991,0.00718081286801666,NA,NA
20260528-rphi-36C,/Users/sr320/Documents/GitHub/resazurin-assay-development/data/clam/20260528-rphi-36C/plate-L-T0.5.txt,plate-L-T0.5.txt,l,0.5,2026-05-28T09:10:28Z,25.3,"528/20,528/20",C,4,C4,NA,CONTROL,NA,CONTROL,NA,NA,BLUE,72,NA,NA,NA,139.26,NA,FALSE,FALSE,NA,parsed_table,FALSE,202,70,116,1.7413793103448276,132,1.4505241993393654,0.010988819691964889,NA,NA
20260528-rphi-36C,/Users/sr320/Documents/GitHub/resazurin-assay-development/data/clam/20260528-rphi-36C/plate-L-T1.0.txt,plate-L-T1.0.txt,l,1,2026-05-28T09:44:21Z,25.6,"528/20,528/20",C,4,C4,NA,CONTROL,NA,CONTROL,NA,NA,BLUE,72,NA,NA,NA,139.26,NA,FALSE,FALSE,NA,parsed_table,FALSE,297,95,118,2.516949152542373,132,2.132701421800948,0.016156828953037484,NA,NA
20260528-rphi-36C,/Users/sr320/Documents/GitHub/resazurin-assay-development/data/clam/20260528-rphi-36C/plate-L-T1.5.txt,plate-L-T1.5.txt,l,1.5,2026-05-28T10:17:41Z,25.7,"528/20,528/20",C,4,C4,NA,CONTROL,NA,CONTROL,NA,NA,BLUE,72,NA,NA,NA,139.26,NA,FALSE,FALSE,NA,parsed_table,FALSE,367,70,121,3.0330578512396693,132,2.635358322562114,0.019964835776985712,NA,NA
20260528-rphi-36C,/Users/sr320/Documents/GitHub/resazurin-assay-development/data/clam/20260528-rphi-36C/plate-L-T2.0.txt,plate-L-T2.0.txt,l,2,2026-05-28T10:57:22Z,25.9,"528/20,528/20",C,4,C4,NA,CONTROL,NA,CONTROL,NA,NA,BLUE,72,NA,NA,NA,139.26,NA,FALSE,FALSE,NA,parsed_table,FALSE,425,58,123,3.4552845528455283,132,3.0518454689070804,0.023120041431114246,NA,NA
20260528-rphi-36C,/Users/sr320/Documents/GitHub/resazurin-assay-development/data/clam/20260528-rphi-36C/plate-L-T2.5.txt,plate-L-T2.5.txt,l,2.5,2026-05-28T11:28:17Z,26,"528/20,528/20",C,4,C4,NA,CONTROL,NA,CONTROL,NA,NA,BLUE,72,NA,NA,NA,139.26,NA,FALSE,FALSE,NA,parsed_table,FALSE,465,40,126,3.6904761904761907,132,3.339077983627747,0.025296045330513234,NA,NA
20260528-rphi-36C,/Users/sr320/Documents/GitHub/resazurin-assay-development/data/clam/20260528-rphi-36C/plate-L-T3.0.txt,plate-L-T3.0.txt,l,3,2026-05-28T12:02:46Z,26,"528/20,528/20",C,4,C4,NA,CONTROL,NA,CONTROL,NA,NA,BLUE,72,NA,NA,NA,139.26,NA,FALSE,FALSE,NA,parsed_table,FALSE,524,59,129,4.062015503875969,132,3.7627459428407297,0.028505651082126743,NA,NA
20260528-rphi-36C,/Users/sr320/Documents/GitHub/resazurin-assay-development/data/clam/20260528-rphi-36C/plate-L-T3.5.txt,plate-L-T3.5.txt,l,3.5,2026-05-28T12:31:10Z,25.9,"528/20,528/20",C,4,C4,NA,CONTROL,NA,CONTROL,NA,NA,BLUE,72,NA,NA,NA,139.26,NA,FALSE,FALSE,NA,parsed_table,FALSE,561,37,131,4.282442748091603,132,4.028436018957346,0.030518454689070804,NA,NA
20260528-rphi-36C,/Users/sr320/Documents/GitHub/resazurin-assay-development/data/clam/20260528-rphi-36C/plate-L-T4.0.txt,plate-L-T4.0.txt,l,4,2026-05-28T13:06:03Z,25.8,"528/20,528/20",C,4,C4,NA,CONTROL,NA,CONTROL,NA,NA,BLUE,72,NA,NA,NA,139.26,NA,FALSE,FALSE,NA,parsed_table,FALSE,593,32,131,4.526717557251908,132,4.258222030733879,0.03225925780858999,NA,NA
